产权,关注,区域,单价,小区,年限,总价/万元,户型,房屋编码,挂牌时间,朝向,楼层,装修情况,面积
70年,0,临安临安,15826元/平米,钱锦花园,未知年建/板楼,210,3室2厅,103104175398,2019-03-19,南,中楼层/共24层,平层/毛坯,132.7平米
70年,6,萧山萧山开发区,23985元/平米,花城名苑,未知年建/板楼,245,3室2厅,103103945893,2019-02-23,南,低楼层/共2层,平层/毛坯,102.15平米
70年,1,临安临安,17978元/平米,越秀星汇城,未知年建/板楼,160,3室2厅,103104893751,2019-06-01,南,中楼层/共33层,平层/毛坯,89平米
70年,15,拱墅信义坊,36592元/平米,娑婆新村,1990年建/板楼,143,1室1厅,103104805748,2019-05-23,南,中楼层/共6层,平层/简装,39.08平米
70年,9,钱塘新区高教园区西,30691元/平米,北银公寓,1997年建/板楼,120,1室0厅,103104961582,2019-06-07,南,低楼层/共7层,平层/简装,39.1平米
70年,27,江干丁桥,28226元/平米,阳光逸城,2010年建/塔楼,175,2室1厅,103104448678,2019-04-16,南,低楼层/共15层,平层/精装,62平米
50年,10,萧山萧山新城区,26136元/平米,泰和天辰国际广场,2008年建/板楼,175,2室1厅,103103163804,2018-10-18,北,中楼层/共18层,平层/精装,66.96平米
70年,27,钱塘新区沿江南,20505元/平米,保利东湾,2010年建/板楼,420,4室2厅,103103634498,2018-12-24,南 北,低楼层/共31层,平层/简装,204.83平米
70年,8,余杭星桥,18874元/平米,广厦天都城天风苑,2003年建/板楼,268,4室2厅,103103885227,2019-02-16,南,高楼层/共5层,跃层/精装,142平米
70年,3,余杭星桥,21845元/平米,黄鹤山居,2007年建/板楼,180,2室2厅,103104669712,2019-05-09,南,中楼层/共6层,平层/精装,82.4平米
70年,2,余杭临平,20624元/平米,华宇家园,2005年建/板楼,170,2室2厅,103103942859,2019-02-23,南,中楼层/共6层,平层/简装,82.43平米
70年,25,上城南星,59236元/平米,秋涛南苑,1996年建/板楼,262,2室1厅,103102364002,2018-04-30,南,高楼层/共6层,平层/精装,44.23平米
70年,202,西湖黄龙,59742元/平米,外东山弄,1987年建/板楼,490,3室1厅,103101643142,2017-08-22,南 北,低楼层/共3层,简装,82.02平米
70年,3,余杭临平,22214元/平米,世纪嘉园,2003年建/板楼,350,4室3厅,103102274421,2018-04-01,南,低楼层/共6层,平层/精装,157.56平米
70年,112,拱墅拱宸桥,33021元/平米,左岸花园,2005年建/板楼,760,6室3厅,103101150391,2017-03-29,南 北,高楼层/共6层,精装,230.16平米
40年,22,下城三塘,21482元/平米,中粮方圆府,2014年建/塔楼,145,2室1厅,103103777991,2019-01-16,南,中楼层/共17层,精装,67.5平米
70年,1,滨江彩虹城,31338元/平米,中兴和园,2009年建/板楼,415,3室2厅,103103906129,2019-02-18,南,中楼层/共11层,平层/精装,132.43平米
70年,7,拱墅湖墅,40510元/平米,沈塘铭苑,2005年建/板楼,280,2室1厅,103102772033,2018-08-23,东南,高楼层/共22层,平层/简装,69.12平米
70年,11,余杭闲林,24527元/平米,中港罗兰小镇,2017年建/板楼,220,3室2厅,103104533871,2019-04-25,南,低楼层/共18层,平层/精装,89.7平米
70年,7,滨江滨江区政府,45324元/平米,倾城之恋,2005年建/板塔结合,630,3室1厅,103104795610,2019-05-21,南,低楼层/共18层,平层/精装,139平米
70年,46,余杭临平,18261元/平米,油车弄,2000年建/板楼,135,2室1厅,103104008235,2019-03-02,南,中楼层/共8层,平层/简装,73.93平米
40年,1,余杭未来科技城,26205元/平米,创客空间大厦,2018年建/板楼,260,5室1厅,103104829288,2019-05-25,南 西南 西北,中楼层/共21层,精装,99.22平米
70年,2,余杭闲林,26459元/平米,赞成乐山红叶,2014年建/塔楼,230,3室2厅,103104701572,2019-05-12,南,高楼层/共20层,平层/精装,86.93平米
70年,18,余杭闲林,25843元/平米,东海闲湖城印象加州,2015年建/板塔结合,230,3室2厅,103103647795,2018-12-26,南 北,中楼层/共32层,平层/精装,89平米
70年,20,下城石桥,31732元/平米,北景园枫丹苑,2010年建/塔楼,280,2室1厅,103102181978,2018-03-06,南,高楼层/共18层,平层/精装,88.24平米
70年,64,上城南星,52884元/平米,春江花月,2007年建/板楼,850,3室1厅,103102660289,2018-07-27,南,低楼层/共17层,平层/简装,160.73平米
70年,10,拱墅大关,36677元/平米,大关西七苑,1996年建/板楼,215,2室1厅,103104262800,2019-03-28,南 北,中楼层/共7层,简装,58.62平米
70年,1,余杭仁和,20329元/平米,凯文和平雅苑,2008年建/板楼,220,3室2厅,103104683219,2019-05-10,南,中楼层/共11层,平层/精装,108.22平米
70年,27,余杭临平,22094元/平米,绿城风华苑,2008年建/板楼,190,2室1厅,103104208012,2019-03-23,南,中楼层/共16层,平层/简装,86平米
70年,18,下城建国北路,37681元/平米,东园大楼,1998年建/板楼,308,2室1厅,103103208407,2018-10-24,东 西,低楼层/共20层,平层/精装,81.74平米
70年,35,余杭临平,21784元/平米,世纪嘉园,2003年建/板楼,192,3室1厅,103104279237,2019-03-30,南 北,中楼层/共6层,平层/简装,88.14平米
40年,2,滨江滨江区政府,35935元/平米,融创杭州印,2017年建/板楼,169,1室1厅,103104787753,2019-05-21,东,中楼层/共39层,平层/精装,47.03平米
70年,0,临安临安,20139元/平米,钱锦花园,未知年建/板楼,145,2室2厅,103104404739,2019-04-12,南,中楼层/共22层,毛坯,72平米
70年,14,西湖申花,50221元/平米,广宇西城年华,2007年建/板塔结合,500,2室2厅,103103741489,2019-01-11,西南,低楼层/共26层,简装,99.56平米
70年,81,钱塘新区大江东,16645元/平米,东裕华庭,2016年建/板塔结合,150,3室2厅,103103318132,2018-11-07,南,中楼层/共33层,平层/毛坯,90.12平米
40年,15,余杭临平,14042元/平米,海联云客里,2017年建/板楼,110,2室1厅,103102831449,2018-09-03,南,高楼层/共12层,跃层/精装,78.34平米
70年,18,江干丁桥,31901元/平米,郡枫绿园西区,2015年建/板楼,265,3室2厅,103102844067,2018-09-05,南,高楼层/共15层,平层/精装,83.07平米
70年,4,余杭临平,19683元/平米,东海水漾人家,2004年建/板楼,248,3室2厅,103104036015,2019-03-05,南,低楼层/共6层,平层/毛坯,126平米
70年,1,江干采荷,53843元/平米,双菱新村,1985年建/板楼,255,2室1厅,103104433760,2019-04-15,南 北,中楼层/共6层,平层/简装,47.36平米
70年,11,下城丝绸城,49710元/平米,健康公寓,2003年建/板楼,598,3室2厅,103102780967,2018-08-25,南 北,中楼层/共6层,平层/简装,120.3平米
40年,35,钱塘新区金沙湖,18898元/平米,金沙国际,2016年建/塔楼,240,3室2厅,103102241149,2018-03-23,南,低楼层/共16层,平层/精装,127平米
70年,2,江干九堡,33152元/平米,海棠公寓,2009年建/板楼,280,3室2厅,103104891389,2019-05-31,南,低楼层/共16层,平层/简装,84.46平米
70年,8,余杭塘栖,14584元/平米,景丽华庭,2011年建/暂无数据,175,3室2厅,103103901982,2019-02-18,南 北,高楼层/共6层,平层/毛坯,120平米
70年,0,下城朝晖,42607元/平米,朝晖九区,1987年建/板楼,240,2室1厅,103104913305,2019-06-02,东南 南,中楼层/共6层,平层/简装,56.33平米
70年,24,钱塘新区沿江北,27331元/平米,野风海天城,2008年建/板楼,280,2室1厅,103102955489,2018-09-20,南,低楼层/共29层,平层/精装,102.45平米
70年,47,临安临安,13026元/平米,葡萄园小区,未知年建/板楼,148,3室2厅,103103753596,2019-01-14,南 北,高楼层/共6层,平层/简装,113.62平米
70年,1,萧山义桥,26207元/平米,金域兰庭,2011年建/板楼,220,2室2厅,103104449796,2019-04-16,南,中楼层/共18层,平层/精装,83.95平米
70年,0,余杭临平,25610元/平米,美好桂花星城,2010年建/板楼,190,1室1厅,103104275796,2019-03-30,南,低楼层/共27层,平层/简装,74.19平米
70年,4,拱墅湖墅,43124元/平米,锦绣新村,1998年建/板楼,380,2室2厅,103104048347,2019-03-06,南,中楼层/共7层,平层/简装,88.12平米
70年,7,临安临安,11011元/平米,吴越人家南区,2007年建/板楼,159,4室2厅,103104196939,2019-03-22,南 北,高楼层/共6层,简装,144.41平米
70年,0,拱墅半山,36897元/平米,广宇万科公园里,2016年建/板楼,330,3室2厅,103104762037,2019-05-18,南,低楼层/共18层,精装,89.44平米
70年,16,拱墅大关,43494元/平米,大关南六苑,1999年建/板塔结合,245,2室1厅,103103163103,2018-10-18,南,中楼层/共7层,平层/精装,56.33平米
70年,34,萧山钱江世纪城,56743元/平米,滨江金色江南,2016年建/板塔结合,510,3室2厅,103102520581,2018-06-19,南 北,中楼层/共27层,精装,89.88平米
70年,66,下城众安桥,57524元/平米,竹竿巷,2001年建/板楼,268,1室1厅,103102000247,2017-12-16,南,中楼层/共7层,平层/精装,46.59平米
70年,0,滨江彩虹城,49334元/平米,彩虹城,2007年建/板楼,540,2室1厅,103104736035,2019-05-15,南,低楼层/共10层,平层/精装,109.46平米
70年,9,西湖西溪,53628元/平米,坤和求是里,2016年建/板楼,680,3室2厅,103104030356,2019-03-04,南,低楼层/共7层,平层/精装,126.8平米
70年,8,余杭闲林,23137元/平米,盛世嘉园,2006年建/板楼,330,4室2厅,103103852295,2019-02-12,南,高楼层/共6层,平层/精装,142.63平米
70年,82,西湖文一西路,49377元/平米,金成花园,1998年建/板楼,285,2室2厅,103102451689,2018-05-27,南 北,高楼层/共7层,平层/精装,57.72平米
70年,32,西湖申花,44672元/平米,丽阳苑,2009年建/板楼,620,3室2厅,103102426689,2018-05-19,南,中楼层/共6层,平层/简装,138.79平米
40年,2,拱墅申花,30103元/平米,蓝钻天成,2016年建/板楼,177,2室2厅,103104520283,2019-04-23,南,中楼层/共22层,平层/精装,58.8平米
50年,59,余杭未来科技城,29412元/平米,理想西溪金座,2014年建/板楼,180,2室2厅,103103896348,2019-02-17,南,高楼层/共9层,跃层/精装,61.2平米
70年,8,江干景芳,65304元/平米,东方御府,2015年建/板楼,1600,3室2厅,103104162822,2019-03-18,南 北,中楼层/共29层,平层/精装,245.01平米
70年,4,钱塘新区高教园区东,37664元/平米,保利江语海,2010年建/塔楼,265,2室1厅,103103044415,2018-10-04,南,中楼层/共33层,平层/毛坯,70.36平米
70年,39,余杭星桥,20467元/平米,惠都家园,2011年建/板楼,115,1室1厅,103104097827,2019-03-11,南,高楼层/共6层,平层/毛坯,56.19平米
70年,1,临安临安,17533元/平米,中天珺府,未知年建/板楼,540,5室2厅,103103430923,2018-11-21,南 北,联排/共2层,毛坯,308平米
70年,6,拱墅桥西,45024元/平米,凯德视界,2009年建/板楼,399,2室2厅,103104420923,2019-04-14,南,高楼层/共18层,平层/精装,88.62平米
70年,10,余杭临平,25843元/平米,赞成香颂一期,2013年建/板楼,230,3室1厅,103103773007,2019-01-15,南,低楼层/共11层,平层/精装,89平米
70年,0,余杭闲林,22451元/平米,绿城桃源小镇,未知年建/板塔结合,260,4室2厅,103104159492,2019-03-18,南 北,低楼层/共34层,平层/简装,115.81平米
70年,11,西湖西溪,66614元/平米,坤和和家园,2011年建/板楼,580,3室2厅,103103080559,2018-10-10,南 北,低楼层/共12层,精装,87.07平米
70年,19,江干九堡,44944元/平米,雍和府,2017年建/板楼,400,3室1厅,103103370208,2018-11-12,南,高楼层/共17层,平层/毛坯,89平米
70年,11,下城石桥,30073元/平米,景翠公寓,2009年建/板楼,245,2室2厅,103104448858,2019-04-16,南,高楼层/共11层,平层/精装,81.47平米
70年,22,余杭未来科技城,26849元/平米,湖山帝景湾,2015年建/板楼,240,3室2厅,103102843182,2018-09-05,南 北,中楼层/共22层,平层/精装,89.39平米
70年,16,萧山临浦,15188元/平米,东麓池弄,未知年建/板楼,95,2室2厅,103104377762,2019-04-09,南,低楼层/共6层,平层/简装,62.55平米
70年,27,拱墅信义坊,42067元/平米,浪琴翠园,2000年建/板楼,500,4室2厅,103103377029,2018-11-13,南,高楼层/共6层,平层/精装,118.86平米
70年,3,江干笕桥,49442元/平米,金色黎明三期,2016年建/塔楼,425,3室2厅,103104533161,2019-04-25,南,高楼层/共16层,平层/精装,85.96平米
70年,53,拱墅湖墅,32317元/平米,维元弄,1986年建/板楼,195,2室1厅,103104424609,2019-04-14,东 西,高楼层/共6层,平层/简装,60.34平米
70年,1,余杭临平,31928元/平米,余之城,2017年建/板楼,280,3室2厅,103104369684,2019-04-09,南,低楼层/共33层,精装,87.7平米
70年,7,上城复兴,47052元/平米,复兴南苑,2005年建/板楼,750,3室2厅,103102714577,2018-08-09,南,高楼层/共18层,平层/精装,159.4平米
70年,3,余杭临平,19434元/平米,复兴弄,2000年建/板楼,160,3室1厅,103103994148,2019-02-28,南,低楼层/共6层,平层/简装,82.33平米
70年,53,江干丁桥,25120元/平米,丁桥兰苑,2000年建/板楼,220,2室2厅,103103094409,2018-10-12,南,高楼层/共12层,平层/精装,87.58平米
70年,46,钱塘新区高教园区西,28933元/平米,裕园公寓,未知年建/板楼,110,1室1厅,103102839178,2018-09-04,南,低楼层/共7层,平层/简装,38.02平米
70年,0,江干南肖埠,56717元/平米,青春都市公寓,2007年建/塔楼,760,3室2厅,103104281896,2019-03-30,南,低楼层/共11层,平层/其他,134平米
70年,0,临安临安,19346元/平米,锦绣钱塘,未知年建/板楼,650,5室2厅,103104467446,2019-04-18,南,独栋/共1层,毛坯,336平米
40年,23,余杭未来科技城,23077元/平米,富力天贸广场,2013年建/平房,120,1室1厅,103103141979,2018-10-17,南,中楼层/共10层,平层/精装,52平米
70年,34,江干九堡,34734元/平米,阳光城普升,2016年建/板楼,268,3室2厅,103104402371,2019-04-12,南,高楼层/共16层,平层/精装,77.16平米
70年,15,余杭三墩,31852元/平米,亲亲家园一期,2007年建/板楼,480,4室2厅,103101925204,2017-11-19,南 北,中楼层/共5层,平层/精装,150.7平米
70年,23,余杭良渚,30779元/平米,万科缦云坊,2015年建/板楼,265,5室2厅,103104276304,2019-03-30,南,高楼层/共10层,跃层/精装,86.1平米
40年,0,余杭未来科技城,28605元/平米,创客空间大厦,2018年建/板楼,125,2室1厅,103104497346,2019-04-21,东,中楼层/共21层,精装,43.7平米
70年,3,江干四季青,44814元/平米,静怡花苑,2002年建/塔楼,585,3室2厅,103104304853,2019-04-02,南,低楼层/共25层,平层/其他,130.54㎡
70年,0,滨江长河,46526元/平米,银泰海威国际,2009年建/板楼,618,3室2厅,103104870066,2019-05-29,南,中楼层/共33层,简装,132.83平米
70年,13,萧山钱江世纪城,58098元/平米,滨江金色江南,2016年建/板塔结合,518,3室2厅,103102589194,2018-07-08,南 北,高楼层/共27层,平层/简装,89.16平米
70年,0,临安临安,17736元/平米,葡萄园小区,未知年建/板楼,120,3室2厅,103104930169,2019-06-04,南 北,中楼层/共4层,精装,67.66平米
70年,7,江干火车东站,43200元/平米,红街公寓,2010年建/板楼,540,3室2厅,103103184618,2018-10-22,南 北,中楼层/共18层,平层/精装,125平米
70年,12,拱墅德胜,47288元/平米,清水公寓,2002年建/塔楼,680,3室2厅,103103486606,2018-11-30,南 北,中楼层/共11层,平层/简装,143.8平米
70年,4,西湖文三西路,34005元/平米,西荡苑桃苑,2003年建/板楼,750,5室3厅,103102080873,2018-01-17,南,高楼层/共11层,简装,220.56平米
70年,4,余杭星桥,20787元/平米,五月花城,2014年建/板楼,185,3室2厅,103104650433,2019-05-07,南,低楼层/共18层,平层/简装,89平米
70年,45,上城复兴,42133 元/平米,紫花苑,2000年建/板楼,230,2室1厅,103103191434,2018-10-23,西南,低楼层/共14层,平层/简装,54.59平米
70年,8,钱塘新区高教园区东,40225元/平米,保利江语海,2010年建/塔楼,358,3室2厅,103104255915,2019-03-28,东南,中楼层/共34层,简装,89平米
40年,1,余杭三墩,50240元/平米,金地广场,2017年建/板楼,105,1室1厅,103104612281,2019-05-03,南,低楼层/共22层,平层/毛坯,20.9平米
70年,40,西湖翠苑,41686元/平米,翠苑逸景湾,2013年建/塔楼,365,2室1厅,103102606055,2018-07-12,南,高楼层/共27层,毛坯,87.56平米
70年,5,余杭临平,23413元/平米,钱塘梧桐蓝山,2015年建/板楼,295,3室2厅,103104364351,2019-04-08,南,低楼层/共24层,平层/毛坯,126平米
70年,2,余杭良渚,23022元/平米,东田玉城,2008年建/板楼,320,4室2厅,103104330932,2019-04-04,南,低楼层/共6层,平层/精装,139平米
70年,4,西湖转塘,40065元/平米,佳兆业玖珑山,2014年建/板楼,350,4室2厅,103104167654,2019-03-19,南,高楼层/共10层,平层/毛坯,87.36平米
70年,6,萧山闻堰,32356元/平米,通和戈雅公寓,2009年建/板楼,290,3室2厅,103104241695,2019-03-26,南 北,低楼层/共32层,平层/精装,89.63平米
70年,41,余杭临平,15766元/平米,顺达花苑西区,2012年建/板楼,190,3室2厅,103104638508,2019-05-05,南,高楼层/共18层,平层/毛坯,120.52平米
70年,17,江干采荷,53007元/平米,采荷新村,1988年建/板楼,275,2室1厅,103103958341,2019-02-24,南,高楼层/共7层,平层/简装,51.88平米
70年,20,萧山南部卧城,25200元/平米,北辰奥园,2018年建/板楼,252,3室2厅,103104643502,2019-05-06,南,低楼层/共33层,平层/毛坯,100平米
70年,23,西湖文三西路,53217元/平米,南都德迦东区,2001年建/板楼,450,2室2厅,103104222169,2019-03-24,南,低楼层/共5层,平层/简装,84.56平米
70年,0,余杭崇贤,21973元/平米,旭辉运河悦章,2019年建/板楼,190,3室2厅,103104667525,2019-05-08,南,低楼层/共27层,毛坯,86.47平米
70年,0,上城湖滨,75683元/平米,邮电路16-38号,1990年建/板楼,380,2室2厅,103104926087,2019-06-03,南,中楼层/共7层,毛坯,50.21平米
50年,7,西湖转塘,22642元/平米,云溪印象,2011年建/板楼,120,1室1厅,103104720097,2019-05-14,南 北,中楼层/共9层,平层/精装,53平米
70年,0,滨江浦沿,44989元/平米,钱江湾花园,2003年建/板楼,741,4室2厅,103104228480,2019-03-25,南,低楼层/共16层,精装,164.71平米
70年,20,,29094元/平米,阳光逸城,2010年建/塔楼,180,2室2厅,103102730199,2018-08-13,南 北,低楼层/共13层,平层/精装,61.87平米
70年,2,拱墅和睦,39371元/平米,和睦院,2008年建/板楼,500,3室2厅,103103976907,2019-02-26,南 北,低楼层/共8层,平层/精装,127平米
70年,7,西湖小和山,28406元/平米,水木清华,2008年建/板楼,260,2室2厅,103104250281,2019-03-27,南 北,高楼层/共6层,平层/精装,91.53平米
70年,23,余杭良渚,26652元/平米,良渚文化村七贤郡,2014年建/板塔结合,230,3室2厅,103103066910,2018-10-08,南,低楼层/共10层,平层/精装,86.3平米
70年,3,上城清泰,51502元/平米,皇诰巷,1990年建/板塔结合,398,2室2厅,103104772995,2019-05-19,南,中楼层/共20层,平层/毛坯,77.28平米
70年,15,西湖文教,86138元/平米,雅戈尔御西湖,2013年建/板楼,750,2室1厅,103103386650,2018-11-15,南 北,高楼层/共26层,平层/精装,87.07平米
70年,0,临安临安,14662元/平米,钱锦花园,未知年建/板楼,195,3室2厅,103105027725,2019-06-14,南 北,中楼层/共21层,毛坯,133平米
70年,21,余杭未来科技城,25896元/平米,湖山帝景湾南苑,2015年建/板楼,230,3室2厅,103104364250,2019-04-08,南,低楼层/共22层,平层/简装,88.82平米
70年,1,西湖文教,73314元/平米,梧桐公寓,2008年建/板楼,550,1室1厅,103104742887,2019-05-16,东,高楼层/共6层,平层/精装,75.02平米
40年,7,萧山萧山新城区,23533元/平米,萧山宝龙城市广场,2016年建/塔楼,200,2室1厅,103102169783,2018-03-03,东,高楼层/共23层,平层/精装,84.99平米
70年,15,萧山钱江世纪城,35968元/平米,佳境天城佳合苑,2007年建/板楼,350,2室2厅,103104533676,2019-04-25,南,低楼层/共14层,平层/简装,97.31平米
70年,33,拱墅信义坊,41195元/平米,云河大厦,2002年建/塔楼,160,1室1厅,103102109571,2018-01-30,南,高楼层/共18层,平层/简装,38.84平米
70年,7,江干九堡,33730元/平米,左邻右舍,2009年建/板楼,488,4室2厅,103104301316,2019-04-01,南 北,高楼层/共11层,跃层/精装,144.68平米
70年,2,拱墅拱宸桥,37641元/平米,定海东园,2008年建/板楼,335,2室2厅,103104761174,2019-05-18,东南,高楼层/共16层,平层/精装,89平米
70年,18,拱墅三墩,30010元/平米,都市水乡水曲苑,2008年建/塔楼,285,2室2厅,103104205890,2019-03-22,南,高楼层/共11层,平层/简装,94.97平米
70年,0,拱墅半山,48850元/平米,首开望宸,2017年建/板楼,620,4室2厅,103104718913,2019-05-14,东,高楼层/共6层,平层/精装,126.92平米
70年,4,余杭翡翠城,28986元/平米,金都梧桐苑,2008年建/板楼,600,4室2厅,103102168122,2018-03-03,南 北,高楼层/共18层,跃层/毛坯,207平米
70年,0,西湖文一西路,57931元/平米,高教新村,2000年建/板楼,500,3室2厅,103104493985,2019-04-20,南 北,中楼层/共7层,简装,86.31平米
70年,40,西湖文一西路,46760元/平米,文溪鼎园,2013年建/板楼,412万元,4室2厅,103104275653,2019-03-30,南,低楼层/共18层,平层/精装,88.11平米
40年,2,滨江浦沿,19431元/平米,超级星期天,2008年建/板楼,75,1室1厅,103104095398,2019-03-11,北,中楼层/共14层,简装,38.6平米
70年,6,滨江彩虹城,38269元/平米,临江花园,2005年建/板楼,420,2室1厅,103104424116,2019-04-14,南 北,中楼层/共6层,平层/简装,109.75平米
50年,10,江干景芳,32174元/平米,新城时代广场,2009年建/塔楼,160,1室1厅,103102630310,2018-07-19,东,中楼层/共27层,平层/精装,49.73平米
70年,8,余杭勾庄,25892元/平米,逸居城,2010年建/板楼,225,2室2厅,103104385414,2019-04-10,南,中楼层/共11层,平层/精装,86.9平米
70年,3,余杭闲林,34832元/平米,新明半岛,2014年建/平房,310,4室2厅,103104634207,2019-05-05,南 北,高楼层/共15层,精装,89平米
70年,1,江干城东新城,49469元/平米,万科中央公园,2018年建/板楼,540,3室2厅,103104829053,2019-05-25,南,低楼层/共16层,平层/精装,109.16平米
40年,0,余杭翡翠城,17954元/平米,华元西溪欢乐城,2017年建/板楼,80,1室1厅,103103769153,2019-01-14,西,低楼层/共14层,平层/毛坯,44.56平米
70年,2,余杭临平,24282元/平米,绿城蓝庭东区,2013年建/板楼,295,2室2厅,103104069652,2019-03-08,南 北,中楼层/共15层,平层/精装,121.49平米
70年,3,西湖文教,57400元/平米,白荡海人家,2000年建/板楼,448,2室2厅,103104958898,2019-06-07,南,高楼层/共7层,平层/简装,78.05平米
70年,0,拱墅半山,36377元/平米,中兴御田清庭,2017年建/板楼,310,2室2厅,103104718920,2019-05-14,南,高楼层/共7层,平层/毛坯,85.22平米
70年,8,拱墅拱宸桥,36687元/平米,荣华里,1985年建/板楼,186,2室1厅,103102749472,2018-08-18,南 西北,中楼层/共6层,平层/简装,50.7平米
70年,3,下城潮鸣,50026元/平米,中大凤栖花园,2002年建/板楼,195,1室1厅,103104597421,2019-05-01,南,高楼层/共7层,平层/简装,38.98平米
40年,7,滨江长河,35402元/平米,恒鼎博邑郡,2016年建/板楼,190,1室1厅,103104122971,2019-03-14,南,低楼层/共19层,精装,53.67平米
40年,12,滨江浦沿,31945元/平米,积家,2014年建/板塔结合,128,1室1厅,103103796372,2019-01-19,东,低楼层/共22层,精装,40.07平米
70年,5,江干笕桥,31738元/平米,原筑壹号,2010年建/板塔结合,340,3室1厅,103104624972,2019-05-04,南 北,低楼层/共16层,平层/精装,107.13平米
70年,21,西湖黄龙,68556元/平米,求是村,1988年建/板楼,530,2室2厅,103101903481,2017-11-12,东南 南,高楼层/共7层,平层/精装,77.31平米
70年,1,下城潮鸣,45304元/平米,回龙庙前小区,1988年建/板塔结合,150,1室1厅,103104817127,2019-05-24,南,中楼层/共5层,简装,33.11平米
70年,0,江干四季青,55067元/平米,采荷街道商教苑社区,1980年建/板楼,400,3室1厅,103104938365,2019-06-05,南,高楼层/共8层,简装,72.64平米
50年,6,钱塘新区高教园区东,14706元/平米,金沙居,2009年建/板楼,100,1室1厅,103102497853,2018-06-11,南,中楼层/共18层,简装,68平米
70年,11,余杭闲林,29494元/平米,融创金成西溪海,2014年建/塔楼,1130,5室2厅,103103719925,2019-01-08,东 东南,联排/共3层,毛坯,383.13平米
70年,1,江干丁桥,35839元/平米,中旅城仕公馆,2016年建/板楼,310,3室1厅,103104832610,2019-05-25,南,中楼层/共16层,平层/精装,86.5平米
70年,2,钱塘新区沿江南,28358元/平米,保利东湾,2010年建/板楼,250,2室2厅,103104415312,2019-04-13,南,高楼层/共35层,平层/精装,88.16平米
70年,0,临安临安,16667元/平米,青山鹤岭,未知年建/板楼,190,3室2厅,103104552313,2019-04-26,南,高楼层/共7层,毛坯,114平米
70年,12,余杭未来科技城,25674元/平米,杉杉恒和依山郡,2013年建/板楼,580,5室3厅,103104423145,2019-04-14,南,双拼/共2层,复式/精装,225.91平米
70年,67,上城南星,50741元/平米,春江花月,2006年建/板楼,850,3室2厅,103102172363,2018-03-04,南 北,低楼层/共11层,平层/毛坯,167.52平米
70年,0,余杭良渚,39326元/平米,,2010年建/板楼,350,3室2厅,103104007296,2019-03-02,南 北,低楼层/共5层,平层/毛坯,89平米
70年,11,拱墅拱宸桥,34158元/平米,绍兴新村,1988年建/板楼,174,2室1厅,103104987444,2019-06-10,南 北,高楼层/共6层,简装,50.94平米
70年,7,下城三塘,37805元/平米,三塘北村,1998年建/板楼,155,1室1厅,103104009101,2019-03-02,南,中楼层/共7层,平层/简装,41平米
70年,3,余杭闲林,22025元/平米,林溪闲庭,2015年建/板楼,280,4室2厅,103103818097,2019-01-24,南 北,高楼层/共12层,平层/简装,127.13平米
40年,16,钱塘新区高教园区东,22620元/平米,宝龙城市广场,2014年建/板楼,95,1室1厅,103103655824,2018-12-28,北,高楼层/共23层,跃层/精装,42平米
70年,28,余杭塘栖,16394元/平米,塘栖一小区,未知年建/板楼,98,2室1厅,103104090441,2019-03-11,南,中楼层/共5层,平层/简装,59.78平米
40年,0,余杭未来科技城,29278元/平米,西溪蓝海,2017年建/塔楼,135,1室1厅,103104757565,2019-05-17,东北,中楼层/共23层,Loft/精装,46.11平米
70年,21,萧山萧山市区,27743元/平米,萧然人家,2004年建/板楼,348,3室2厅,103103293173,2018-11-05,南,低楼层/共6层,平层/精装,125.44平米
70年,1,余杭闲林,27913元/平米,华元玉榕庄,2013年建/板塔结合,790,6室2厅,103103083787,2018-10-10,南 北,联排/共3层,毛坯,283.03平米
40年,7,萧山萧山新城区,20834元/平米,萧山宝龙城市广场,2016年建/板楼,84,1室1厅,103103877696,2019-02-15,东,高楼层/共27层,平层/简装,40.32平米
70年,0,余杭良渚,28071元/平米,和昌府,未知年建/板楼,320,4室2厅,103104911084,2019-06-02,西北,低楼层/共18层,平层/毛坯,114平米
70年,11,下城石桥,34420元/平米,祥和人家,2006年建/板楼,600,4室2厅,103102714541,2018-08-09,南,高楼层/共11层,跃层/精装,174.32平米
70年,13,拱墅拱宸桥,46261元/平米,紫荆家园,2001年建/板楼,420,2室1厅,103103441070,2018-11-23,南,高楼层/共6层,平层/精装,90.79平米
70年,2,江干九堡,40450元/平米,天阳九筑,2013年建/板楼,360,3室2厅,103104798058,2019-05-22,南 北,中楼层/共16层,跃层/毛坯,89平米
70年,13,下城建国北路,39720元/平米,永康苑,1998年建/板楼,255,2室1厅,103103035487,2018-10-01,南 北,高楼层/共7层,平层/毛坯,64.2平米
70年,1,下城流水苑,39512元/平米,嘉汇大厦,2002年建/塔楼,469,3室2厅,103104511081,2019-04-22,南 北,低楼层/共31层,平层/精装,118.7平米
70年,13,西湖黄龙,70791元/平米,曙光公寓,1990年建/板楼,650,2室2厅,103102708925,2018-08-08,南 北,中楼层/共6层,平层/简装,91.82平米
70年,6,余杭良渚,23039元/平米,良渚文化村白鹭郡北,2006年建/板楼,320,3室2厅,103103939702,2019-02-22,南,高楼层/共5层,跃层/毛坯,138.9平米
70年,33,江干城东新城,43630元/平米,新中宇维萨,2014年建/板楼,390,2室2厅,103102449212,2018-05-26,南,中楼层/共20层,简装,89.39平米
40年,12,余杭未来科技城,32895元/平米,西溪蓝海,2017年建/塔楼,125,2室1厅,103104383577,2019-04-10,北,低楼层/共23层,精装,38平米
70年,173,西湖三墩,35227元/平米,金地自在城悦活轩,2012年建/板楼,312,3室1厅,103102920668,2018-09-15,南,低楼层/共22层,跃层/精装,88.57平米
70年,2,江干景芳,43146元/平米,景芳新五区,1997年建/板楼,214,2室1厅,103104523074,2019-04-24,南,中楼层/共7层,平层/精装,49.6㎡
70年,8,滨江彩虹城,40089元/平米,银色港湾公寓,2006年建/板楼,525,3室2厅,103104175736,2019-03-19,南 北,中楼层/共6层,精装,130.96平米
70年,142,滨江彩虹城,31752元/平米,中兴和园,2009年建/板楼,435,3室2厅,103101513773,2017-07-16,南 北,中楼层/共18层,平层/精装,137平米
70年,16,江干丁桥,34075元/平米,广宇上东名筑,2012年建/板楼,460,4室2厅,103104350252,2019-04-07,南,高楼层/共16层,跃层/精装,135平米
70年,8,拱墅大关,34664元/平米,大关东五苑,1996年建/板楼,205,2室1厅,103104756022,2019-05-17,南,低楼层/共6层,平层/毛坯,59.14平米
70年,12,余杭闲林,28007元/平米,闲林山水丹枫苑,2008年建/板楼,160,1室1厅,103104613940,2019-05-03,东,低楼层/共18层,平层/精装,57.13平米
70年,33,钱塘新区沿江北,27430元/平米,野风海天城,2008年建/板楼,230,2室1厅,103104520491,2019-04-23,南,中楼层/共24层,平层/简装,83.85平米
70年,1,萧山南部卧城,28109元/平米,绿都四季华庭,2015年建/暂无数据,250,3室1厅,103105105972,2019-06-21,南,低楼层/共17层,平层/其他,88.94平米
70年,0,余杭临平,21643元/平米,世纪嘉园晴彩巴厘,2006年建/板楼,190,2室2厅,103105104261,2019-06-21,南,中楼层/共6层,其他,87.79平米
40年,13,萧山闻堰,29509元/平米,湘湖九号,2010年建/板楼,180,2室2厅,103102674030,2018-07-31,东南,高楼层/共17层,精装,61平米
70年,1,西湖学军,78370元/平米,下宁巷,2000年建/板楼,750,3室2厅,103104081461,2019-03-10,南,高楼层/共6层,平层/简装,95.7平米
70年,24,余杭翡翠城,29690元/平米,西溪华东园,2014年建/板楼,390,3室2厅,103104450447,2019-04-16,南,低楼层/共18层,平层/精装,131.36平米
70年,1,萧山萧山市区,22988元/平米,育才东苑,1995年建/板楼,375,3室2厅,103104494469,2019-04-20,南,中楼层/共6层,毛坯,163.13平米
70年,2,临安临安,16102元/平米,越秀星汇城,2016年建/板楼,190,4室2厅,103105067751,2019-06-18,南,低楼层/共33层,平层/毛坯,118平米
70年,0,钱塘新区沿江北,30702元/平米,多蓝水岸蓝波苑,2007年建/板楼,350,3室2厅,103105056447,2019-06-16,南,高楼层/共6层,精装,114平米
70年,27,萧山闻堰,23142元/平米,三江花园(萧山),2000年建/板楼,300,3室2厅,103103231622,2018-10-28,南 北,低楼层/共6层,平层/简装,129.64平米
70年,27,萧山萧山新城区,34511 元/平米,绿都湖滨花园,2008年建/板楼,635,4室2厅,103102365615,2018-04-30,南,高楼层/共32层,平层/简装,184平米
40年,0,西湖申花,34649元/平米,五洲国际广场,2013年建/板塔结合,115,1室0厅,103102385954,2018-05-07,北,中楼层/共11层,精装,33.19平米
70年,14,西湖黄龙,75919元/平米,求是村,1988年建/板楼,430,2室1厅,103103341303,2018-11-09,南,中楼层/共7层,平层/简装,56.64平米
50年,0,江干华家池,59280元/平米,滨江华家池,未知年建/塔楼,1400,5室2厅,103102930197,2018-09-17,南 北,低楼层/共24层,精装,236.17平米
70年,0,萧山萧山开发区,25000元/平米,得力新和人家,未知年建/板楼,289,3室2厅,103104548432,2019-04-26,南,中楼层/共6层,精装,115.6平米
70年,1,余杭良渚,25502元/平米,东田玉城,2008年建/板楼,230,3室2厅,103104887889,2019-05-31,南,低楼层/共11层,平层/精装,90.19平米
70年,44,拱墅信义坊,41375元/平米,湖墅嘉园,2002年建/板楼,560,3室2厅,103102128094,2018-02-09,南,中楼层/共15层,平层/简装,135.35平米
70年,8,拱墅申花,50069元/平米,融信蓝孔雀,2016年建/塔楼,1248,5室2厅,103104389996,2019-04-11,南,高楼层/共29层,跃层/毛坯,249.26平米
70年,22,上城复兴,44239元/平米,美政花苑,2000年建/板楼,200,1室1厅,103104539432,2019-04-25,南,高楼层/共7层,跃层/精装,45.21平米
70年,3,萧山萧山市区,26713元/平米,南江公寓,2008年建/板楼,195,2室2厅,103104819049,2019-05-24,南,低楼层/共6层,平层/简装,73平米
70年,5,江干九堡,33520元/平米,雍和府,2017年建/板楼,419,4室2厅,103104151483,2019-03-17,东南 南,低楼层/共17层,平层/简装,125平米
70年,5,江干丁桥,30597元/平米,广宇上东领地,2011年建/板楼,240,2室2厅,103104235392,2019-03-26,南,高楼层/共16层,平层/简装,78.44平米
70年,11,西湖申花,55235元/平米,广宇西城美墅,2008年建/塔楼,469,2室2厅,103103395245,2018-11-16,南,中楼层/共24层,平层/精装,84.91平米
70年,3,江干火车东站,42167元/平米,红街公寓,2010年建/板楼,260,2室1厅,103103598731,2018-12-18,南,高楼层/共18层,平层/简装,61.66平米
40年,2,余杭临平,20858元/平米,华元欢乐城,2016年建/板塔结合,72,2室2厅,103103094561,2018-10-12,东,高楼层/共22层,Loft/精装,34.52平米
70年,0,上城望江,46194元/平米,望江新园二园,2010年建/板楼,1100,6室4厅,103104346833,2019-04-06,南,高楼层/共18层,跃层/精装,238.13平米
70年,45,上城潮鸣,38935元/平米,大学路新村,1989年建/板楼,190,2室1厅,103104082003,2019-03-10,南,高楼层/共6层,平层/精装,48.8平米
70年,39,江干城东新城,41036元/平米,滨江德信东方星城,2018年建/板楼,520,4室2厅,103103239009,2018-10-29,南 北,低楼层/共17层,平层/毛坯,9平米
70年,35,余杭星桥,14026元/平米,广厦天都城天泉苑,2005年建/板楼,330,7室3厅,103104313443,2019-04-03,南,高楼层/共5层,跃层/毛坯,235.28平米
70年,0,余杭良渚,19078元/平米,良渚花苑新村,未知年建/板楼,235,3室2厅,103104910223,2019-06-02,南,高楼层/共6层,平层/简装,123.18平米
70年,1,余杭未来科技城,16975元/平米,杉杉恒和依山郡,2013年建/板楼,148,2室2厅,103104455445,2019-04-17,南 西南,低楼层/共11层,平层/精装,87.19平米
70年,6,上城雄镇楼,43045元/平米,北落马营,1989年建/板楼,190,1室1厅,103103677729,2019-01-01,南 北,低楼层/共6层,平层/简装,44.14平米
70年,4,余杭崇贤,25910元/平米,恒基旭辉府,2015年建/板楼,285,3室2厅,103102979877,2018-09-22,南,高楼层/共31层,精装,110平米
40年,1,余杭翡翠城,19059元/平米,华元西溪欢乐城,2017年建/板楼,85,1室1厅,103103769117,2019-01-14,西南,中楼层/共14层,平层/毛坯,44.6平米
40年,4,滨江西兴,43133元/平米,兴耀鑫都汇,2016年建/板楼,190,1室1厅,103102990283,2018-09-25,西北,中楼层/共20层,简装,44.05平米
70年,10,萧山义桥,22728元/平米,南岸花城,2010年建/板楼,300,3室2厅,103104241358,2019-03-26,南 北,中楼层/共11层,平层/精装,132平米
70年,4,拱墅三墩,51260元/平米,都市水乡水滟苑,2008年建/板楼,470,2室1厅,103102432992,2018-05-21,南,高楼层/共16层,平层/简装,91.69平米
70年,92,上城复兴,40778元/平米,复兴南苑,1998年建/板楼,193,2室1厅,103103178623,2018-10-21,南,高楼层/共7层,平层/简装,47.33平米
70年,5,萧山萧山新城区,44944元/平米,华瑞晴庐,2015年建/板楼,400,4室2厅,103104357898,2019-04-07,南,中楼层/共31层,平层/精装,89平米
70年,5,余杭未来科技城,43530元/平米,新城峯璟,2017年建/板楼,370,3室2厅,103104920948,2019-06-03,南 北,低楼层/共7层,简装,85平米
70年,0,钱塘新区工业园南,35349元/平米,东海柠檬郡,2014年建/塔楼,290,2室1厅,103104970879,2019-06-08,南,低楼层/共29层,平层/精装,82.04平米
70年,19,拱墅大关,38345元/平米,大关西七苑,1996年建/板楼,265,2室2厅,103102162806,2018-03-01,南,中楼层/共6层,平层/毛坯,69.11平米
40年,1,,27684元/平米,新天地G193广场,2016年建/板楼,90,1室1厅,103103142936,2018-10-17,南,高楼层/共20层,平层/精装,32.51平米
70年,19,滨江滨江区政府,49487元/平米,风雅钱塘,2006年建/板楼,650,3室2厅,103104072439,2019-03-09,南 北,中楼层/共32层,平层/精装,131.35平米
70年,32,上城近江,52272元/平米,钱江时代公寓,2007年建/板楼,650,2室2厅,103101942217,2017-11-26,南,低楼层/共27层,错层/精装,124.35平米
70年,35,余杭良渚,28147元/平米,良渚文化村白鹭郡南,2010年建/板楼,250,2室2厅,103102724601,2018-08-11,南 北,中楼层/共4层,精装,88.82平米
70年,27,钱塘新区沿江南,20849元/平米,世茂江滨花园瑞景湾,2010年建/塔楼,430,5室2厅,103103583470,2018-12-15,南,低楼层/共33层,跃层/简装,206.25平米
70年,28,拱墅桥西,45770元/平米,凯德视界,2009年建/板楼,330,2室1厅,103102696844,2018-08-05,东南 南,中楼层/共18层,平层/精装,72.1平米
50年,7,下城三塘,45760元/平米,杭州新天地,2015年建/板塔结合,430,4室2厅,103103591266,2018-12-17,南,高楼层/共11层,复式/精装,93.97平米
40年,2,江干华家池,20450元/平米,同方国际,2000年建/板楼,100,1室0厅,103104171233,2019-03-19,南,高楼层/共28层,平层/其他,48.9平米
70年,1,余杭临平,23342元/平米,金都夏宫,2016年建/板楼,208,2室2厅,103104121535,2019-03-14,南,低楼层/共34层,平层/精装,89.11平米
70年,0,西湖文三西路,42486元/平米,金田花园,1996年建/板楼,480,3室2厅,103104946147,2019-06-05,南,低楼层/共7层,平层/简装,112.98平米
70年,2,拱墅信义坊,39667元/平米,云河大厦,2002年建/塔楼,138,1室0厅,103104810823,2019-05-23,西,中楼层/共18层,平层/其他,34.79平米
70年,7,余杭临平,19874元/平米,世纪嘉园晴彩巴厘,2006年建/板楼,220,3室2厅,103102763412,2018-08-21,南 北,中楼层/共18层,简装,110.7平米
70年,1,临安临安,17978元/平米,越秀星汇城,未知年建/板楼,160,3室2厅,103105087607,2019-06-20,南,中楼层/共33层,毛坯,89平米
70年,8,萧山萧山市区,32291元/平米,星河景庭公寓,2004年建/板楼,456,3室2厅,103103287695,2018-11-04,南,高楼层/共6层,精装,141.22平米
70年,11,上城雄镇楼,47141元/平米,金都华府,2007年建/板塔结合,460,2室2厅,103101590251,2017-08-07,南,低楼层/共11层,简装,97.58平米
70年,17,余杭闲林,27349元/平米,佳兆业西溪璞园,2017年建/板楼,340,3室1厅,103102821302,2018-09-01,南 北,高楼层/共18层,精装,124.32平米
70年,5,滨江滨江区政府,46198元/平米,江南豪园,2005年建/板楼,828,4室2厅,103104057084,2019-03-07,南,高楼层/共29层,平层/精装,179.23平米
70年,4,余杭西溪,40513元/平米,百家乐西园,2011年建/板楼,722.7,5室2厅,103104367712,2019-04-08,南 北,低楼层/共6层,平层/毛坯,178.39平米
40年,9,拱墅申花,28223元/平米,蓝钻天成,2016年建/板楼,120,1室1厅,103102118559,2018-02-03,西北,高楼层/共21层,平层/精装,42.52平米
40年,4,钱塘新区高教园区西,26078元/平米,华元十六街区,2004年建/板楼,115,2室2厅,103104273514,2019-03-30,北,高楼层/共16层,跃层/简装,44.1平米
70年,43,余杭闲林,32003元/平米,盛世嘉园,2006年建/板楼,121,1室0厅,103102051711,2018-01-05,南,高楼层/共18层,平层/精装,37.81平米
70年,0,萧山萧山市区,24784元/平米,金马同盛,2013年建/板楼,415,3室2厅,103102852561,2018-09-07,南,中楼层/共22层,毛坯,167.45平米
70年,7,余杭塘栖,19541元/平米,野风启城,2016年建/板楼,170,3室2厅,103102798595,2018-08-29,南,低楼层/共18层,精装,87平米
70年,25,萧山萧山新城区,51073元/平米,顺发恒园,2016年建/板楼,450,4室1厅,103103008762,2018-09-27,南 北,高楼层/共33层,简装,88.11平米
70年,0,余杭临平,23921元/平米,绿城蓝庭东区,2013年建/板楼,210,2室2厅,103104919007,2019-06-03,南,中楼层/共11层,平层/精装,87.79平米
70年,7,余杭闲林,24100元/平米,绿城桃源小镇,未知年建/暂无数据,208,3室2厅,103103999324,2019-03-01,南 北,低楼层/共18层,平层/毛坯,86.31平米
70年,0,余杭闲林,22706元/平米,新明半岛,2014年建/板楼,330,3室2厅,103103666706,2018-12-29,南 北,中楼层/共11层,平层/精装,145.34平米
70年,2,临安临安,19344元/平米,锦绣山水苑,2007年建/塔楼,260,3室2厅,103104130196,2019-03-15,南,高楼层/共11层,平层/精装,134.41平米
70年,6,余杭临平,25092元/平米,景瑞御华府,2015年建/板楼,220,3室2厅,103104617095,2019-05-03,南,高楼层/共24层,平层/精装,87.68平米
70年,7,拱墅大关,40725元/平米,大关东一苑,1995年建/板楼,200,2室1厅,103102930890,2018-09-17,南,高楼层/共6层,简装,49.11平米
70年,5,余杭万达广场,37079元/平米,融创瑷颐湾,2016年建/板楼,330,3室1厅,103104808288,2019-05-23,南,高楼层/共27层,平层/简装,89平米
70年,11,余杭临平,18628元/平米,梅堰小区,2000年建/板楼,190,3室2厅,103102160218,2018-03-01,南,高楼层/共6层,平层/精装,102平米
70年,6,余杭仁和,19749元/平米,清合嘉园东区,2006年建/板楼,185,2室2厅,103104683126,2019-05-10,西南,中楼层/共6层,平层/精装,93.68平米
70年,16,余杭闲林,26834元/平米,岸上蓝山,2012年建/板楼,240,3室2厅,103104341733,2019-04-06,南,高楼层/共6层,跃层/简装,89.44平米
70年,14,余杭三墩,30184元/平米,亲亲家园一期,2007年建/板楼,405,4室2厅,103103069804,2018-10-08,南 北,高楼层/共6层,精装,134.18平米
70年,51,下城建国北路,40727元/平米,东园小区,1993年建/板楼,240,2室1厅,103102330462,2018-04-19,南 北,高楼层/共7层,平层/简装,58.93平米
40年,87,西湖申花,18757元/平米,爱尚里,2015年建/板楼,95万元,1室1厅,103102600807,2018-07-11,南,中楼层/共13层,平层/精装,50.65平米
70年,0,钱塘新区金沙湖,39328元/平米,德信早城,未知/板楼,468,4室2厅,103102564747,2018-07-01,南,高楼层/共22层,简装,119平米
70年,9,余杭星桥,22086元/平米,星桥桂花城,2010年建/板楼,180,2室2厅,103104368513,2019-04-08,南,高楼层/共10层,平层/毛坯,81.5平米
70年,17,余杭良渚,44144元/平米,新湖香格里拉,未知年建/板楼,1800,5室2厅,103102622229,2018-07-17,南,共1层,毛坯,407.76平米
70年,5,江干四季青,46395元/平米,静安花苑,2000年建/板楼,415,3室1厅,103104301532,2019-04-01,南,高楼层/共6层,平层/简装,89.45平米
70年,0,江干丁桥,24391元/平米,丁桥兰苑,2000年建/板楼,220,2室1厅,103104591391,2019-04-30,南,低楼层/共12层,平层/简装,90.2㎡
70年,2,钱塘新区沿江北,28966元/平米,伊萨卡国际城浩泽园,2008年建/塔楼,252,2室2厅,103104795236,2019-05-21,南,高楼层/共33层,平层/精装,87平米
70年,2,下城长庆,42699元/平米,横燕子弄,1994年建/板楼,150,1室1厅,103104663565,2019-05-08,南,中楼层/共7层,平层/简装,35.13平米
70年,47,下城朝晖,33562元/平米,朝晖九区,1996年建/板楼,250,2室1厅,103103496454,2018-12-01,南,高楼层/共7层,平层/简装,74.49平米
70年,20,西湖申花,49563元/平米,紫金文苑,2003年建/板塔结合,430,2室2厅,103104247983,2019-03-27,南,低楼层/共6层,平层/精装,86.76平米
70年,11,上城雄镇楼,49559元/平米,金都华府,2007年建/板塔结合,685,3室2厅,103103256717,2018-10-31,南 北,低楼层/共15层,平层/精装,138.22平米
70年,57,余杭良渚,44018元/平米,良渚文化村白鹭郡南,2010年建/板楼,380,3室2厅,103102189242,2018-03-09,南 北,高楼层/共4层,跃层/精装,86.33平米
70年,5,江干丁桥,29907元/平米,北城枫景园,2012年建/板楼,176,2室1厅,103103920129,2019-02-20,南,高楼层/共17层,平层/精装,58.85平米
70年,33,江干景芳,65090元/平米,东方御府,2015年建/板楼,575,2室2厅,103102656548,2018-07-26,南,高楼层/共30层,精装,88.34平米
70年,2,余杭未来科技城,46271元/平米,富力西溪悦居溪区,2014年建/板楼,410,3室1厅,103104968088,2019-06-08,南,中楼层/共14层,平层/精装,88.61平米
40年,2,余杭临平,16429元/平米,理想银泰城,2016年建/板楼,85,1室1厅,103103894491,2019-02-17,北,低楼层/共28层,平层/精装,51.74平米
50年,8,滨江滨江区政府,23175元/平米,星光国际公馆,2012年建/板楼,120,1室1厅,103104098991,2019-03-12,西,高楼层/共26层,平层/精装,51.78平米
70年,23,滨江长河,58065元/平米,水印城,2008年建/板楼,360,2室1厅,103102802828,2018-08-30,南 北,高楼层/共15层,简装,62平米
70年,26,西湖西溪,49347元/平米,西溪蝶园二期,2009年建/板楼,340,1室1厅,103102646940,2018-07-23,南,中楼层/共11层,精装,68.9平米
70年,5,萧山闻堰,40469元/平米,湘湖人家,未知年建/暂无数据,1050,5室3厅,103104420106,2019-04-14,南,低楼层/共3层,精装,259.46平米
70年,7,西湖西溪,52981元/平米,西溪蝶园二期,2012年建/板楼,280,1室1厅,103104664372,2019-05-08,南,中楼层/共8层,精装,52.85平米
70年,12,下城三里亭,38558元/平米,水岸雅苑,2006年建/板楼,386,3室2厅,103102469111,2018-06-02,南,中楼层/共6层,平层/精装,100.11平米
70年,0,江干笕桥,38501元/平米,首开武林8栋,2017年建/板楼,338,3室2厅,103104830486,2019-05-25,南,中楼层/共11层,平层/毛坯,87.79平米
40年,6,萧山萧山开发区,28238元/平米,凯丽晶座,2013年建/塔楼,210,3室2厅,103103341256,2018-11-09,东南,高楼层/共22层,精装,74.37平米
70年,28,余杭闲林,22387元/平米,庭院深深,2012年建/板楼,197,2室2厅,103104346826,2019-04-06,南,低楼层/共18层,平层/简装,88平米
70年,10,钱塘新区高教园区西,24833元/平米,下沙文汇苑,2005年建/板楼,370,3室2厅,103103482042,2018-11-29,南,高楼层/共19层,平层/简装,149平米
70年,0,余杭闲林,31657元/平米,绿城桃源小镇,2014年建/板楼,265,3室1厅,103103485342,2018-11-30,南,低楼层/共33层,平层/精装,83.71平米
70年,8,萧山萧山市区,26716元/平米,韩家弄,未知年建/暂无数据,160,2室1厅,103104625162,2019-05-04,南 北,低楼层/共6层,平层/简装,59.89平米
70年,10,江干三里亭,43679元/平米,东方丽都花苑,2011年建/塔楼,380,2室2厅,103103947807,2019-02-23,南 北,中楼层/共18层,平层/精装,87平米
40年,2,钱塘新区沿江南,15986 元/平米,世茂江滨商业中心,2011年建/板楼,90,1室1厅,103103686425,2019-01-03,南,中楼层/共28层,平层/精装,56.3平米
70年,0,临安临安,16411元/平米,越秀星汇城,未知年建/板楼,220,3室2厅,103103804247,2019-01-21,南,低楼层/共32层,平层/毛坯,134.06平米
70年,2,上城南星,80301元/平米,金隅学府,2018年建/板塔结合,715,3室1厅,103104787122,2019-05-21,南,高楼层/共21层,平层/精装,89.04平米
40年,1,钱塘新区高教园区西,21542元/平米,华元十六街区,2003年建/板楼,95,2室1厅,103103104477,2018-10-14,北,高楼层/共16层,平层/毛坯,44.1平米
70年,19,萧山闻堰,33455元/平米,中粮云涛名苑,2015年建/板塔结合,285,2室2厅,103102700681,2018-08-06,南,低楼层/共21层,平层/精装,85.19平米
70年,52,上城南星,74158元/平米,金隅学府,2018年建/板塔结合,660,3室2厅,103102782310,2018-08-25,南,高楼层/共21层,平层/精装,89平米
70年,0,临安临安,14918元/平米,钱锦花园,未知年建/板楼,198,3室2厅,103103754346,2019-01-14,东南,低楼层/共24层,毛坯,132.73平米
70年,0,临安临安,16418元/平米,越秀星汇城,未知年建/板楼,220,3室2厅,103104679578,2019-05-10,南,中楼层/共32层,精装,134平米
70年,14,钱塘新区大学城北,27529元/平米,宋都东郡国际,2016年建/板楼,245,3室2厅,103102615635,2018-07-15,南,高楼层/共33层,平层/精装,89平米
70年,30,余杭闲林,30511元/平米,新湖果岭,2016年建/板楼,370,5室2厅,103102640286,2018-07-22,南 北,高楼层/共9层,平层/毛坯,121.27平米
70年,3,西湖文一西路,58427元/平米,桂花城,2001年建/板楼,520,2室2厅,103105021014,2019-06-13,南,中楼层/共6层,平层/简装,89平米
50年,17,余杭临平,17319元/平米,CBC时代大观,2014年建/板楼,62,1室1厅,103104248002,2019-03-27,西,低楼层/共23层,平层/精装,35.8平米
70年,1,余杭翡翠城,29019元/平米,金都梧桐苑,2005年建/板楼,365,3室2厅,103103858064,2019-02-12,南,中楼层/共18层,平层/精装,125.78平米
70年,5,西湖西溪,53734元/平米,万科西庐二期,2017年建/板楼,475,3室2厅,103104993713,2019-06-10,南,高楼层/共15层,其他,88.4平米
40年,32,下城三塘,41627元/平米,杭州新天地,2017年建/板楼,215,3室2厅,103103630648,2018-12-23,西,中楼层/共11层,跃层/精装,51.65平米
70年,13,西湖学军,71777元/平米,沈塘新村,2009年建/板楼,530,2室2厅,103102914782,2018-09-14,南,高楼层/共6层,精装,73.84平米
50年,103,萧山萧山新城区,999999元/平米,萧山宝龙城市广场,2016年建/板楼,175,2室2厅,103102747614,2018-08-17,南 北,高楼层/共23层,精装,84.1平米
70年,3,下城三塘,35930元/平米,三塘沁园,1998年建/板楼,400,4室1厅,103104798353,2019-05-22,南 北,高楼层/共7层,跃层/简装,111.33平米
70年,0,钱塘新区大学城北,27641元/平米,宋都东郡国际,2016年建/板楼,246,3室1厅,103104626420,2019-05-04,南,高楼层/共17层,平层/简装,89平米
70年,15,钱塘新区金沙湖,26361元/平米,铭和苑桂雨坊,2008年建/板塔结合,265,2室2厅,103102185089,2018-03-07,南,中楼层/共14层,平层/精装,100.53平米
70年,1,余杭闲林,24823元/平米,闲林山水木兰苑,2006年建/板楼,315,3室2厅,103105005484,2019-06-12,南 北,中楼层/共5层,精装,126.9平米
40年,3,余杭临平,15287元/平米,海联云客里,2017年建/板楼,55,1室1厅,103102732297,2018-08-13,南,中楼层/共12层,毛坯,35.98平米
70年,3,江干九堡,37984元/平米,丽江公寓,2009年建/塔楼,330,2室2厅,103104464907,2019-04-17,南,中楼层/共18层,平层/精装,86.88平米
70年,5,余杭临平,23596元/平米,,2015年建/板楼,210,3室2厅,103104222648,2019-03-24,南,高楼层/共24层,平层/精装,89平米
70年,125,江干三里亭,34101元/平米,三里亭苑三区,1996年建/塔楼,160,1室1厅,103102339726,2018-04-22,南,高楼层/共7层,简装,46.92平米
70年,65,余杭良渚,35394元/平米,良渚文化村白鹭郡南,2010年建/板楼,315,4室2厅,103102623484,2018-07-17,南 北,低楼层/共4层,精装,89平米
70年,33,余杭闲林,18576元/平米,庭院深深,2012年建/板楼,300,3室2厅,103102567768,2018-07-02,南 北,低楼层/共26层,平层/精装,161.5平米
70年,40,钱塘新区金沙湖,40731元/平米,龙湖滟澜山澜轩,2011年建/塔楼,725,4室2厅,103102641584,2018-07-22,南 西 北,中楼层/共7层,平层/毛坯,178平米
70年,2,西湖转塘,36408元/平米,中海定山府,2010年建/板楼,315,3室1厅,103103537350,2018-12-08,南,高楼层/共17层,平层/简装,86.52平米
50年,0,拱墅桥西,22728元/平米,富越香郡盈座,2015年建/板楼,150,2室1厅,103102470791,2018-06-02,北,低楼层/共25层,平层/简装,66平米
70年,1,西湖文教,60299元/平米,教工路138号,2004年建/板楼,950,4室2厅,103104625206,2019-05-04,南,低楼层/共18层,精装,157.55平米
70年,5,上城南星,61809元/平米,滨江金色家园,2007年建/板楼,950,3室2厅,103104227568,2019-03-25,南,高楼层/共18层,平层/精装,153.7平米
70年,106,下城流水苑,37289元/平米,京都苑,2000年建/塔楼,335,2室1厅,103102244514,2018-03-24,东南 北,中楼层/共18层,平层/简装,89.84平米
70年,22,江干丁桥,34855元/平米,龙湖名景台一期,2016年建/板楼,310,3室2厅,103103743840,2019-01-12,南,中楼层/共16层,平层/简装,88.94平米
70年,8,西湖嘉绿,51021元/平米,嘉绿西苑,1999年建/板楼,545,3室2厅,103102514241,2018-06-16,南,低楼层/共5层,平层/简装,106.82平米
70年,7,下城流水苑,47012元/平米,京都苑,1998年建/板楼,435,3室1厅,103103856675,2019-02-12,南,中楼层/共7层,平层/精装,92.53平米
70年,2,西湖黄龙,71374元/平米,黄龙雅苑,2004年建/塔楼,280,1室1厅,103104294075,2019-04-01,南,低楼层/共18层,平层/精装,39.23平米
70年,8,萧山萧山开发区,26778元/平米,高运高庄,2017年建/板楼,238,3室2厅,103103678482,2019-01-01,南,中楼层/共33层,平层/简装,88.88平米
70年,28,余杭崇贤,20765元/平米,龙湖香醍溪岸,2013年建/板楼,480,4室2厅,103102484954,2018-06-07,南,低楼层/共25层,平层/精装,231.16平米
70年,13,江干丁桥,31747元/平米,北城铭苑,2000年建/板楼,200,3室2厅,103104903657,2019-06-01,南,低楼层/共14层,平层/精装,63平米
70年,2,西湖良渚,35394元/平米,龙湖水晶郦城,2018年建/板楼,315,3室2厅,103104545353,2019-04-26,南,低楼层/共34层,平层/简装,89平米
70年,31,拱墅申花,43603元/平米,丽晶湾,2014年建/板楼,380,3室2厅,103102922949,2018-09-15,南,高楼层/共23层,平层/精装,87.15平米
40年,5,钱塘新区高教园区东,16931元/平米,宝龙城市广场,2014年建/板楼,75,1室1厅,103103804946,2019-01-21,西,中楼层/共15层,简装,44.3平米
70年,6,余杭临平,24195元/平米,东安景苑,2000年建/板楼,380,4室2厅,103104324836,2019-04-04,南,中楼层/共17层,平层/精装,157.06平米
70年,2,江干九堡,30499元/平米,红苹果家园,2009年建/板楼,360,3室1厅,103103582514,2018-12-15,南 北,中楼层/共11层,平层/简装,118.04平米
70年,12,拱墅半山,28755元/平米,金星桃源居,2015年建/板楼,400,3室2厅,103103644580,2018-12-26,南,低楼层/共28层,平层/精装,139.11平米
70年,0,余杭临平,18873元/平米,金世纪红枫苑,2008年建/板楼,255,3室2厅,103104872764,2019-05-29,南,高楼层/共12层,平层/其他,135.12平米
70年,0,西湖嘉绿,47703元/平米,莲花港家园,2000年建/板楼,460,2室1厅,103104839279,2019-05-26,南,中楼层/共6层,平层/简装,96.43平米
70年,1,,44306元/平米,钱江湾花园,2003年建/板楼,419,2室2厅,103104920515,2019-06-03,南,中楼层/共11层,精装,94.57平米
70年,12,余杭未来科技城,23361元/平米,凤凰家园,2000年建/板楼,228,3室2厅,103104491231,2019-04-20,南,中楼层/共5层,平层/精装,97.6平米
70年,13,余杭临平,17547元/平米,北大街,未知年建/板楼,107,2室1厅,103104543369,2019-04-26,南,高楼层/共7层,平层/简装,60.98平米
70年,4,萧山西兴,39888元/平米,阳光城上府,2017年建/板楼,355,3室1厅,103104354863,2019-04-07,南,高楼层/共34层,平层/毛坯,89平米
70年,1,萧山钱江世纪城,54676元/平米,顺发美哉美城,2017年建/板楼,480,2室2厅,103104597465,2019-05-01,南 北,低楼层/共13层,平层/简装,87.79平米
40年,1,滨江滨江区政府,40698元/平米,星耀城,2014年建/板楼,175,1室1厅,103104448614,2019-04-16,东,中楼层/共20层,精装,43平米
70年,22,下城潮鸣,45086元/平米,马家弄21.22.25号,1988年建/板塔结合,172,2室1厅,103103922285,2019-02-20,东 西,高楼层/共7层,平层/精装,38.15平米
70年,1,江干采荷,74550元/平米,滨江凯旋门,2014年建/塔楼,650,2室2厅,103103691590,2019-01-03,南,中楼层/共27层,平层/精装,87.19平米
70年,23,西湖转塘,42621元/平米,中天之江诚品,2016年建/板楼,376,3室2厅,103102612778,2018-07-14,南,中楼层/共17层,平层/毛坯,88.22平米
70年,15,上城复兴,43720元/平米,美政花苑,1999年建/板楼,315,3室1厅,103104489557,2019-04-20,南 北,中楼层/共7层,平层/简装,72.05平米
70年,7,滨江滨江区政府,43751元/平米,温馨人家,2006年建/板楼,636,3室2厅,103104266990,2019-03-29,南,高楼层/共17层,精装,145.37平米
70年,22,江干笕桥,42482元/平米,金色黎明三期,2016年建/板楼,380,3室1厅,103104451552,2019-04-16,南 北,高楼层/共16层,平层/精装,89.45平米
70年,0,萧山南部卧城,33019元/平米,开元名郡,2016年建/板楼,290,3室1厅,103102717703,2018-08-10,南,高楼层/共20层,精装,87.83平米
70年,3,余杭闲林,30994元/平米,绿城桃源小镇,未知年建/暂无数据,950,5室3厅,103104634376,2019-05-05,南 西北,共2层,跃层/毛坯,306.52平米
70年,37,上城复兴,43402元/平米,复兴南苑,1998年建/板楼,295,2室1厅,103102904973,2018-09-12,南 北,高楼层/共7层,平层/精装,67.97平米
70年,3,余杭崇贤,19203元/平米,龙湖香醍溪岸,2013年建/板楼,265,3室2厅,103103782737,2019-01-17,南,中楼层/共27层,平层/精装,138平米
70年,5,余杭星桥,22586元/平米,惠都家园,2011年建/板楼,195,2室2厅,103104620485,2019-05-04,南,高楼层/共24层,平层/精装,86.34平米
70年,22,江干景芳,43860元/平米,景芳二区,1997年建/板楼,290,2室1厅,103102855815,2018-09-07,南,高楼层/共6层,平层/精装,66.12㎡
50年,14,萧山萧山新城区,18156元/平米,开元加州阳光小区,2005年建/板楼,100,1室1厅,103102667638,2018-07-29,南,中楼层/共30层,精装,55.08平米
70年,9,滨江彩虹城,28151元/平米,中兴和园,2009年建/板楼,380,3室2厅,103103607736,2018-12-20,南,中楼层/共11层,平层/简装,134.99平米
70年,1,临安临安,13126元/平米,碧桂苑,未知年建/暂无数据,154,3室2厅,103104973802,2019-06-09,南,中楼层/共7层,其他,117.33平米
40年,2,余杭临平,14984元/平米,海联云客里,2017年建/板楼,93.2,1室1厅,103102712644,2018-08-09,南,高楼层/共12层,平层/毛坯,62.2平米
70年,0,西湖小和山,29903元/平米,水木清华,2008年建/板楼,308,3室2厅,103104840840,2019-05-26,南,低楼层/共6层,精装,103平米
70年,0,余杭临平,23596元/平米,中梁百悦城,2016年建/板楼,210,3室1厅,103104992020,2019-06-10,南 北,高楼层/共32层,平层/其他,89平米
40年,7,萧山奥体,32946元/平米,众安嘉润公馆,2014年建/板楼,235,1室1厅,103102713144,2018-08-09,南,中楼层/共30层,精装,71.33平米
70年,5,上城清泰,50353元/平米,皮市巷,2000年建/板塔结合,300,2室1厅,103103255300,2018-10-31,南,中楼层/共5层,平层/精装,59.58平米
70年,5,江干九堡,35223元/平米,宋都阳光国际,2013年建/板楼,960,5室3厅,103102687501,2018-08-03,南,低楼层/共21层,精装,272.55平米
70年,8,拱墅拱宸桥,40191元/平米,北国之春人家,2004年建/板楼,750,3室2厅,103104497971,2019-04-21,南,高楼层/共16层,跃层/精装,186.61平米
70年,380,西湖留下,23087元/平米,人和家园,2006年建/板楼,225,2室2厅,103102008523,2017-12-19,南,高楼层/共11层,平层/精装,97.46平米
70年,17,余杭未来科技城,41751元/平米,富力新线公园,2018年建/板楼,375,3室2厅,103104717421,2019-05-13,南 北,中楼层/共11层,平层/精装,89.82平米
70年,15,拱墅申花,46210元/平米,芳满庭,2008年建/板楼,395,3室1厅,103104498835,2019-04-21,南,低楼层/共22层,平层/简装,85.48平米
70年,4,钱塘新区沿江北,24574元/平米,梦琴湾,2007年建/板楼,370,3室2厅,103104447517,2019-04-16,南,高楼层/共32层,平层/精装,150.57平米
50年,7,余杭临平,26160元/平米,华鼎豪园,2003年建/板楼,520,5室3厅,103104220312,2019-03-24,南,中楼层/共5层,精装,198.78平米
70年,9,滨江彩虹城,35988元/平米,之江公寓,2003年建/板楼,555,3室2厅,103104198751,2019-03-22,南 北,低楼层/共20层,平层/精装,154.22平米
70年,15,下城朝晖,44470元/平米,朝晖三区,1985年建/板楼,466,4室1厅,103103514818,2018-12-04,南 北,中楼层/共7层,平层/毛坯,104.79平米
70年,11,上城近江,42177元/平米,望江家园西园,2005年建/板楼,620,4室2厅,103102795446,2018-08-28,南 北,高楼层/共6层,精装,147平米
70年,0,余杭临平,20976元/平米,碧云阁,2002年建/板楼,288,3室2厅,103105104857,2019-06-21,南,高楼层/共6层,平层/其他,137.3平米
70年,1,临安临安,18006元/平米,越秀星汇城,2015年建/板楼,160,2室2厅,103104534700,2019-04-25,南,高楼层/共32层,简装,88.86平米
70年,4,西湖文教,55953元/平米,莫干山路,未知年建/板楼,360,2室1厅,103104342943,2019-04-06,南 北,中楼层/共5层,平层/精装,64.34平米
70年,97,西湖转塘,40940元/平米,绿城之江1号,2016年建/板楼,319,2室1厅,103102017933,2017-12-23,南 北,低楼层/共25层,平层/简装,77.92平米
70年,79,萧山钱江世纪城,29574元/平米,林之语,2012年建/塔楼,215,2室1厅,103104115312,2019-03-13,南,中楼层/共18层,平层/精装,72.7平米
70年,1,西湖西溪,44178元/平米,坤和和家园,2011年建/板楼,390,2室1厅,103104333466,2019-04-05,南 北,中楼层/共15层,平层/毛坯,88.28平米
70年,1,临安临安,26487元/平米,锦绣钱塘,未知年建/板楼,1800,5室3厅,103104280883,2019-03-30,南,独栋/共3层,精装,679.58平米
70年,15,西湖文教,53494元/平米,石灰桥新村,1996年建/板楼,490,3室2厅,103104094011,2019-03-11,南,中楼层/共7层,平层/简装,91.6平米
70年,2,江干笕桥,44191元/平米,万科草庄,2012年建/板楼,464,2室2厅,103104179370,2019-03-20,南,低楼层/共16层,平层/精装,105平米
70年,15,余杭临平,19175元/平米,景瑞御华府,2015年建/板楼,170,3室1厅,103102927620,2018-09-16,东南,低楼层/共24层,平层/简装,88.66平米
70年,0,临安临安,14996元/平米,青城山语间,未知年建/暂无数据,1000,6室3厅,103104695686,2019-05-11,南,独栋/共2层,毛坯,666.86平米
70年,28,江干三里亭,38645元/平米,三里亭苑三区,1996年建/板楼,195,2室1厅,103103976354,2019-02-26,南,中楼层/共7层,平层/简装,50.46平米
50年,9,萧山钱江世纪城,27778元/平米,百富联合国际奥体之星,未知年建/塔楼,125,3室2厅,103102267602,2018-03-31,南 北,中楼层/共18层,简装,45平米
40年,1,江干景芳,31401 元/平米,新城时代广场,2009年建/塔楼,150,1室1厅,103104784082,2019-05-20,南 西 北,高楼层/共27层,平层/其他,47.77平米
70年,8,滨江滨江区政府,48165元/平米,欣盛东方郡西区,2010年建/板楼,900,4室2厅,103104209109,2019-03-23,南,高楼层/共16层,简装,186.86平米
70年,50,萧山萧山市区,24000元/平米,馨星大厦,2000年建/板楼,104.4,1室1厅,103102633084,2018-07-20,南,中楼层/共17层,平层/简装,43.48平米
70年,0,临安临安,15000元/平米,南苑小区,未知年建/板楼,117,3室1厅,103105040553,2019-06-15,南 北,高楼层/共6层,简装,78平米
70年,1,余杭良渚,28779元/平米,良渚文化村七贤郡,2014年建/板塔结合,250,3室2厅,103104050086,2019-03-06,南,高楼层/共6层,平层/精装,86.87平米
70年,13,余杭临平,21289元/平米,众安理想湾,2015年建/板楼,190万元,3室2厅,103103630536,2018-12-23,南,低楼层/共32层,平层/毛坯,89.25平米
70年,38,滨江滨江区政府,55435元/平米,绿城明月江南,2014年建/板楼,1020,4室2厅,103102498589,2018-06-11,南 北,低楼层/共24层,平层/精装,184平米
70年,1,江干四季青,45775元/平米,静安花苑,2000年建/板楼,520,3室2厅,103103832854,2019-01-27,南 北,高楼层/共6层,简装,113.6平米
70年,0,西湖转塘,45910元/平米,绿城之江1号,2016年建/板楼,505,3室2厅,103104890442,2019-05-31,南,中楼层/共25层,平层/精装,110平米
70年,37,西湖嘉绿,43271元/平米,嘉绿西苑,1999年建/板楼,490,3室1厅,103102816298,2018-08-31,南 北,低楼层/共5层,平层/简装,113.24平米
70年,12,西湖文三西路,41299元/平米,颐景园,2000年建/板楼,800,5室2厅,103104347424,2019-04-06,南 北,高楼层/共11层,精装,193.71平米
70年,29,拱墅桥西,49461元/平米,名城燕园,2010年建/板楼,770,4室2厅,103102554383,2018-06-28,南,中楼层/共5层,精装,155.68平米
70年,5,萧山闻堰,27708元/平米,通和戈雅公寓,2007年建/板楼,435,3室2厅,103102787580,2018-08-26,南,中楼层/共32层,精装,157平米
70年,4,下城朝晖,35760元/平米,朝晖九区,1996年建/板楼,280,3室1厅,103104848717,2019-05-27,南,高楼层/共6层,平层/简装,78.3平米
70年,0,滨江浦沿,37865元/平米,金盛曼城,2010年建/板楼,510,4室2厅,103104976547,2019-06-09,南,高楼层/共11层,平层/简装,134.69平米
40年,1,钱塘新区金沙湖,24945元/平米,金沙湖1号,2011年建/板楼,180,2室1厅,103104114395,2019-03-13,南 北,中楼层/共19层,跃层/精装,72.16平米
70年,53,余杭翡翠城,25942元/平米,浙地人家,2010年建/板楼,230,2室1厅,103103738651,2019-01-11,南 北,低楼层/共5层,平层/毛坯,88.66平米
70年,22,萧山闻堰,23914元/平米,绿城西子郁金香岸,2007年建/板楼,330,3室2厅,103103062737,2018-10-07,南,低楼层/共11层,平层/精装,138平米
70年,0,临安临安,23077元/平米,春天华府(临天路),未知年建/板塔结合,330,3室2厅,103103689354,2019-01-03,南 北,中楼层/共31层,平层/毛坯,143平米
40年,0,钱塘新区沿江南,16892元/平米,金隅空港公馆,2017年建/板楼,125,2室1厅,103104559845,2019-04-27,南,中楼层/共21层,平层/精装,74平米
70年,2,拱墅拱宸桥,40724元/平米,裕兴院,2003年建/板楼,270,2室1厅,103102694924,2018-08-05,南,中楼层/共6层,平层/精装,66.3平米
70年,33,西湖申花,49783元/平米,政苑小区,2005年建/板楼,550,3室2厅,103103447391,2018-11-24,东南 北,高楼层/共11层,平层/精装,110.48平米
70年,10,余杭崇贤,20787元/平米,龙湖香醍溪岸,2013年建/板楼,185,2室2厅,103102840548,2018-09-05,东 西,高楼层/共27层,平层/精装,89平米
70年,7,余杭崇贤,17025元/平米,龙湖香醍溪岸,2013年建/板楼,238,3室2厅,103102520302,2018-06-19,南,中楼层/共27层,平层/毛坯,139.8平米
70年,9,拱墅桥西,47239元/平米,信步闲庭,2008年建/板楼,620,3室2厅,103104062648,2019-03-08,南 北,中楼层/共18层,平层/精装,131.25平米
70年,0,萧山萧山市区,29810元/平米,馨星大厦,2000年建/板楼,108,1室0厅,103104987687,2019-06-10,西,低楼层/共17层,平层/其他,36.23平米
70年,14,西湖嘉绿,57203元/平米,世纪新城东区,2005年建/板楼,218,1室0厅,103104196185,2019-03-21,东南,中楼层/共27层,平层/简装,38.11平米
40年,0,萧山闻堰,17819元/平米,隐龙湾,2010年建/板塔结合,115,1室2厅,103104980596,2019-06-09,南,中楼层/共27层,平层/精装,64.54平米
40年,6,萧山南部卧城,17849元/平米,南江商业中心,2016年建/板楼,115,1室1厅,103102123622,2018-02-06,南,高楼层/共25层,精装,64.43平米
70年,3,西湖文教,56367元/平米,保俶北路101号,1998年建/板楼,440,2室2厅,103104571013,2019-04-28,南 北,中楼层/共8层,平层/精装,78.06平米
70年,11,西湖三墩,32228元/平米,金源公寓(西湖),1996年建/板楼,270,3室1厅,103102635868,2018-07-20,南,低楼层/共6层,平层/简装,83.78平米
70年,10,江干四季青,45310元/平米,观音塘小区,1993年建/板楼,370,3室2厅,103103658641,2018-12-28,南 北,中楼层/共6层,平层/简装,81.66平米
70年,4,西湖黄龙,48009元/平米,桃花弄,1990年建/板楼,288,1室1厅,103102463510,2018-05-31,南,高楼层/共6层,平层/简装,59.99平米
70年,7,余杭良渚,39656元/平米,良渚文化村柳映坊三期,2014年建/板楼,460,4室2厅,103104203149,2019-03-22,东南,高楼层/共6层,跃层/精装,116平米
70年,0,拱墅半山,38991元/平米,田园牧歌麓云苑,2015年建/板楼,340,2室1厅,103104731937,2019-05-15,南,中楼层/共15层,平层/精装,9平米
70年,51,下城三塘,33818元/平米,长兴公寓,1997年建/板楼,198,2室1厅,103102339292,2018-04-22,东南 北,高楼层/共7层,平层/简装,58.55平米
70年,9,西湖文三西路,38201元/平米,康乐香港城,2000年建/板楼,265,2室1厅,103104206842,2019-03-23,东 西,高楼层/共7层,平层/精装,69.37平米
70年,51,滨江浦沿,29201元/平米,浙新小区,2000年建/板楼,305,3室1厅,103103495785,2018-12-01,南,低楼层/共6层,简装,104.45平米
70年,15,富阳富阳,20492元/平米,野风春晓,2016年建/板楼,180,3室2厅,103104298655,2019-04-01,南 北,低楼层/共23层,平层/毛坯,87.84平米
70年,29,滨江彩虹城,48065元/平米,太阳国际公寓,2007年建/塔楼,298,1室1厅,103103211863,2018-10-25,北,高楼层/共33层,平层/简装,62平米
70年,6,西湖申花,49036元/平米,上郡,2010年建/板楼,440,2室2厅,103104726873,2019-05-14,南,中楼层/共16层,平层/精装,89.73平米
70年,0,萧山萧山市区,32299元/平米,回澜南园,1993年建/板楼,280,2室2厅,103104897200,2019-06-01,南,中楼层/共6层,平层/其他,86.69平米
70年,0,余杭崇贤,25728元/平米,恒基旭辉府,2015年建/板楼,260,3室2厅,103104687901,2019-05-10,南,中楼层/共8层,平层/简装,101.06平米
70年,8,余杭三墩,35112元/平米,亲亲家园一期,2007年建/板楼,316,2室2厅,103103971259,2019-02-26,南,低楼层/共6层,平层/精装,90平米
70年,0,余杭瓶窑,22071元/平米,南北乐章,2014年建/板楼,168,2室2厅,103104948424,2019-06-06,南,高楼层/共16层,简装,76.12平米
70年,0,临安临安,16854元/平米,吴越山庄,未知年建/暂无数据,150,3室2厅,103105026776,2019-06-14,南 北,低楼层/共6层,精装,89平米
70年,37,下城建国北路,41650元/平米,艮园社区,1992年建/板楼,103,1室1厅,103104009450,2019-03-02,东,中楼层/共5层,平层/简装,24.73平米
40年,4,余杭临平,16772元/平米,浙商开元名都祺寓,2016年建/板楼,85,1室1厅,103102953300,2018-09-19,南,高楼层/共26层,平层/精装,50.68平米
70年,6,西湖申花,41852元/平米,首开国风美域,2016年建/板楼,368,3室1厅,103103186661,2018-10-22,南,中楼层/共30层,平层/简装,87.93平米
70年,1,余杭崇贤,20829元/平米,星海云庭,2006年建/暂无数据,285,4室2厅,103104681150,2019-05-10,南,中楼层/共6层,平层/精装,136.83平米
70年,20,江干笕桥,46191元/平米,金色黎明三期,2016年建/板楼,405,3室2厅,103103062960,2018-10-07,南,中楼层/共16层,平层/精装,87.68平米
70年,3,余杭星桥,16458元/平米,广厦天都城天湖苑,2003年建/板楼,300,4室2厅,103104242308,2019-03-26,南 北,高楼层/共6层,跃层/毛坯,182.29平米
70年,11,余杭星桥,21740元/平米,绿城紫桂公寓,2013年建/板楼,190,2室2厅,103102644156,2018-07-22,南 北,低楼层/共5层,平层/精装,87.4平米
70年,18,下城朝晖,39269元/平米,中北西子花园,2000年建/板楼,930,5室3厅,103102920136,2018-09-15,南,高楼层/共11层,跃层/简装,236.83平米
70年,14,下城武林,48229元/平米,桃花河新村,1989年建/板楼,230,1室1厅,103104232535,2019-03-25,南,低楼层/共8层,简装,47.69平米
70年,35,余杭闲林,20958元/平米,竹海水韵,2011年建/板楼,296,3室2厅,103102876252,2018-09-08,南,高楼层/共18层,平层/精装,141.24平米
70年,0,临安临安,15763元/平米,青山鹤岭,未知年建/板楼,50,1室1厅,103104403647,2019-04-12,西,低楼层/共18层,精装,31.72平米
70年,23,西湖嘉绿,56023元/平米,世纪新城东区,2005年建/板楼,300,1室1厅,103103103078,2018-10-13,南,低楼层/共27层,平层/精装,53.55㎡
70年,1,余杭仁和,22425元/平米,耀达金鼎华庭,2016年建/板楼,180,2室1厅,103104777155,2019-05-20,南,中楼层/共18层,平层/精装,80.27平米
70年,68,西湖三墩,30831元/平米,同仁家园,2006年建/板楼,390,3室2厅,103102138497,2018-02-24,南 北,低楼层/共11层,平层/简装,126.5平米
70年,2,西湖申花,66537元/平米,圣苑小区,2008年建/板楼,850,3室2厅,103104898787,2019-06-01,南 北,高楼层/共18层,平层/精装,127.75平米
70年,48,余杭翡翠城,34195元/平米,翡翠城二期,2013年建/板塔结合,295,2室2厅,103102394416,2018-05-09,南,低楼层/共11层,平层/精装,86.27平米
70年,0,江干丁桥,29807元/平米,新城龙湖湾上风华,未知年建/板楼,260,3室2厅,103104726967,2019-05-14,南,高楼层/共17层,平层/毛坯,87.23平米
70年,25,滨江浦沿,35675元/平米,时代长岛之春,2005年建/板楼,288,2室2厅,103103144662,2018-10-17,南,低楼层/共6层,平层/简装,80.73平米
40年,0,,20063元/平米,西溪蓝海,2017年建/塔楼,115,1室1厅,103105076119,2019-06-19,南,高楼层/共23层,平层/简装,57.32平米
40年,0,滨江滨江区政府,39216元/平米,金铂湾,2016年建/板楼,200,1室1厅,103102811221,2018-08-31,北,高楼层/共24层,平层/精装,51平米
70年,7,西湖翠苑,43479元/平米,翠苑东四区,1998年建/板楼,320,2室2厅,103104609120,2019-05-02,南,中楼层/共7层,平层/简装,73.6平米
70年,18,西湖学军,79397元/平米,文二新村,1985年建/板楼,610,3室1厅,103103208478,2018-10-24,南,高楼层/共5层,平层/精装,76.83平米
70年,0,余杭星桥,22691元/平米,瑞金华庭嘉苑,2012年建/板楼,310,3室2厅,103102619650,2018-07-16,东南 南,低楼层/共9层,精装,136.62平米
70年,11,钱塘新区沿江南,25669元/平米,宋都晨光国际,2013年建/板塔结合,480,4室2厅,103103568703,2018-12-13,南,高楼层/共41层,平层/简装,187平米
70年,1,西湖文三西路,45524元/平米,城市心境,2004年建/板楼,630,3室2厅,103104633368,2019-05-05,南,高楼层/共11层,平层/精装,138.39平米
70年,18,江干钱江新城,70366元/平米,盛世钱塘,2007年建/板楼,1300,4室2厅,103090473799,2015-09-26,南 北,低楼层/共32层,平层/毛坯,184.75平米
70年,8,西湖文教,61078元/平米,兰庭国际,2008年建/板楼,950,4室2厅,103103631202,2018-12-23,南 北,中楼层/共18层,平层/精装,155.54平米
70年,49,下城潮鸣,47239元/平米,潮鸣苑,1998年建/板楼,408,3室2厅,103102079703,2018-01-16,南,高楼层/共7层,平层/简装,86.37平米
70年,2,余杭万达广场,34113元/平米,万科北宸之光,2015年建/塔楼,305,3室2厅,103104971620,2019-06-08,南,低楼层/共28层,简装,89.41平米
70年,2,江干火车东站,42345元/平米,锦润公寓,2015年建/塔楼,380,4室1厅,103103392489,2018-11-16,南,中楼层/共16层,平层/简装,89.74平米
70年,68,西湖文三西路,35983元/平米,香樟公寓,2000年建/板楼,599,4室2厅,103102140797,2018-02-24,南 北,高楼层/共6层,复式/简装,166.47平米
70年,4,余杭乔司,24606元/平米,复地连城国际,2011年建/板楼,215,2室2厅,103102656836,2018-07-26,南,高楼层/共14层,简装,87.38平米
70年,8,钱塘新区金沙湖,42269元/平米,龙湖滟澜山茗轩南区三期,2011年建/板楼,360,3室2厅,103104638519,2019-05-05,南,高楼层/共19层,平层/精装,85.17平米
70年,30,拱墅三墩,36430元/平米,阳光郡,2014年建/板楼,500,3室2厅,103102358047,2018-04-28,南,高楼层/共28层,平层/毛坯,137.25平米
70年,35,下城潮鸣,41764元/平米,兴和公寓,2000年建/板楼,379,3室1厅,103103697821,2019-01-04,南,低楼层/共7层,平层/精装,90.75平米
70年,69,西湖学军,89775元/平米,文二新村,1981年建/板楼,590,2室2厅,103101783965,2017-10-05,南 北,中楼层/共6层,平层/精装,65.72平米
70年,8,上城雄镇楼,57389元/平米,金都华府,2007年建/板塔结合,560,2室2厅,103104484193,2019-04-19,南,中楼层/共11层,平层/精装,97.58平米
70年,3,上城潮鸣,48981元/平米,,2002年建/板楼,550,3室2厅,103104759932,2019-05-18,南,低楼层/共18层,平层/简装,112.29平米
70年,0,临安临安,19592元/平米,青山鹤岭,未知年建/板楼,140,2室2厅,103103650239,2018-12-27,南,高楼层/共11层,平层/毛坯,71.46平米
70年,11,余杭闲林,32585元/平米,绿城桃源小镇,未知年建/暂无数据,890,5室2厅,103103922617,2019-02-20,南,低楼层/共3层,精装,273.14平米
40年,23,余杭临平,15000元/平米,华元欢乐城,2016年建/板楼,90,2室1厅,103104401777,2019-04-12,西,中楼层/共37层,平层/精装,60平米
50年,198,钱塘新区高教园区东,13628元/平米,金沙居,2009年建/板楼,100,2室1厅,103103605709,2018-12-19,北,高楼层/共18层,平层/简装,73.38平米
70年,0,萧山湘湖,30252元/平米,华瑞湘湖美地,2013年建/板塔结合,340,2室2厅,103102880842,2018-09-08,南,中楼层/共11层,平层/毛坯,112.39平米
70年,1,江干南肖埠,50305元/平米,华家池,2005年建/板楼,810,4室2厅,103104200115,2019-03-22,南,高楼层/共6层,跃层/其他,161.02平米
70年,41,西湖嘉绿,38807元/平米,富丽苑,1998年建/板楼,420,3室2厅,103101839179,2017-10-22,南,高楼层/共7层,平层/简装,108.23平米
70年,3,余杭未来科技城,42135元/平米,北大资源未名府,2018年建/板楼,375,3室2厅,103103856522,2019-02-12,南,高楼层/共11层,平层/毛坯,89平米
70年,61,余杭良渚,39690元/平米,竹径云山,2017年建/板楼,480,3室1厅,103102895650,2018-09-11,南 北,上叠别墅/共4层,跃层/精装,120.94平米
70年,12,下城流水苑,38218元/平米,流水东苑,1995年建/板楼,235,2室1厅,103104179527,2019-03-20,南,低楼层/共7层,平层/简装,61.49平米
70年,31,下城众安桥,58129元/平米,观巷,2000年建/板楼,320,3室1厅,103104365399,2019-04-08,南,中楼层/共7层,跃层/精装,55.05平米
70年,4,余杭闲林,21520元/平米,庭院深深,2012年建/板楼,290,3室2厅,103104625443,2019-05-04,南,中楼层/共11层,平层/精装,134.76平米
70年,0,临安临安,13317元/平米,恒晟左邻右里,未知年建/暂无数据,158,3室2厅,103104675997,2019-05-09,南 西 北,低楼层/共6层,平层/精装,118.65平米
40年,3,钱塘新区沿江南,14227 元/平米,保利湾天地,2010年建/板楼,138,2室2厅,103104569790,2019-04-28,东南 南,中楼层/共27层,跃层/精装,97平米
50年,4,江干南肖埠,22886元/平米,新城市广场,2000年建/塔楼,92,1室0厅,103104874035,2019-05-30,西北,高楼层/共30层,平层/精装,40.2平米
70年,16,下城建国北路,40645元/平米,艮园社区,1992年建/板楼,295,3室1厅,103103706294,2019-01-06,南 北,低楼层/共7层,平层/简装,72.58平米
70年,14,下城三塘,37490元/平米,东新园茗盛苑,2004年建/板楼,470,3室2厅,103102252605,2018-03-26,南 北,中楼层/共16层,平层/精装,125.37平米
70年,91,江干丁桥,29286元/平米,阳光逸城,2010年建/塔楼,178,2室2厅,103102831012,2018-09-03,南 北,高楼层/共15层,平层/精装,60.78平米
70年,3,余杭良渚,24828元/平米,石榴派,2012年建/塔楼,360,4室2厅,103104073954,2019-03-09,南 北,低楼层/共11层,精装,145平米
70年,10,萧山萧山新城区,32310元/平米,金帝金色钱塘,2010年建/板楼,450,3室2厅,103102499080,2018-06-11,南,低楼层/共18层,平层/精装,139.28平米
70年,18,萧山萧山市区,25047元/平米,学士桥小区,2000年建/板楼,230,3室2厅,103102797639,2018-08-29,南,高楼层/共6层,简装,91.83平米
70年,1,下城三里亭,36057元/平米,水岸雅苑,2006年建/塔楼,410,3室2厅,103104434551,2019-04-15,南,高楼层/共15层,简装,113.71平米
70年,1,上城潮鸣,44735元/平米,锦花苑,2000年建/板楼,610,3室1厅,103103485659,2018-11-30,南,中楼层/共6层,平层/精装,136.36平米
40年,4,余杭临平,16228元/平米,东湖北路227,未知年建/塔楼,128,2室1厅,103104846923,2019-05-27,南,中楼层/共4层,平层/简装,78.88平米
70年,28,西湖黄龙,53859元/平米,庆丰新村,1989年建/板楼,268,2室1厅,103102479731,2018-06-05,南 北,高楼层/共6层,平层/精装,49.76平米
70年,4,余杭临平,23805元/平米,东厦东港花苑,2011年建/板楼,210,3室1厅,103104119498,2019-03-14,南,低楼层/共5层,平层/精装,88.22平米
40年,1,萧山萧山新城区,23202元/平米,中栋国际,2015年建/板楼,120,1室1厅,103102729088,2018-08-12,北,中楼层/共16层,精装,51.72平米
70年,1,滨江浦沿,35079元/平米,金盛曼城,2010年建/板楼,475,3室2厅,103104719943,2019-05-14,南,低楼层/共18层,简装,135.41平米
40年,7,萧山闻堰,26786元/平米,湘湖九号,2010年建/板楼,150,3室2厅,103104560588,2019-04-27,西北,中楼层/共17层,跃层/精装,56平米
40年,6,余杭临平,17667元/平米,华元欢乐城,2016年建/板楼,81,2室1厅,103104162401,2019-03-18,西,中楼层/共38层,跃层/精装,45.85平米
70年,0,西湖良渚,35972元/平米,中国铁建西湖国际城,2019年建/板楼,320,3室1厅,103104772375,2019-05-19,南,低楼层/共32层,平层/毛坯,88.96平米
70年,0,临安临安,16851元/平米,锦尚唐宁郡,2014年建/板楼,235,3室2厅,103103689359,2019-01-03,南,高楼层/共18层,平层/精装,139.46平米
70年,8,西湖文教,52935元/平米,兴财名都苑,2003年建/板楼,709,3室2厅,103103958263,2019-02-24,南,低楼层/共13层,平层/精装,133.94平米
70年,32,江干丁桥,26536元/平米,新城红郡,未知年建/板楼,172,2室1厅,103103862693,2019-02-13,南,低楼层/共24层,平层/毛坯,64.82平米
70年,23,拱墅半山,30266元/平米,杭钢北苑,1995年建/板楼,145,2室1厅,103103690246,2019-01-03,南,中楼层/共4层,平层/简装,47.91平米
50年,12,上城近江,32895元/平米,景江城市花园,2007年建/板楼,250,2室1厅,103103579414,2018-12-15,南,中楼层/共33层,简装,76平米
40年,7,余杭未来科技城,30031元/平米,富力十号一期,2017年建/板楼,140,2室1厅,103103038171,2018-10-02,北,中楼层/共10层,精装,46.62平米
70年,6,余杭瓶窑,19566元/平米,北湖绿洲花园,2013年建/板楼,180,2室2厅,103102585189,2018-07-07,南,低楼层/共11层,平层/精装,92平米
70年,7,余杭未来科技城,24135元/平米,同城印象花苑西区,未知年建/板楼,290,3室2厅,103104096473,2019-03-11,东南,中楼层/共6层,平层/精装,120.16平米
70年,1,余杭勾庄,24075元/平米,嘉凯城名城博园,2016年建/板楼,260,3室2厅,103104866964,2019-05-29,南,高楼层/共30层,平层/精装,108平米
70年,1,萧山南部卧城,32271元/平米,泰和花园,1999年建/板楼,415,3室2厅,103104357810,2019-04-07,南,中楼层/共5层,简装,128.6平米
70年,26,西湖转塘,28289元/平米,朗郡庭园,2011年建/板楼,520,4室2厅,103102712474,2018-08-09,南,低楼层/共27层,平层/简装,183.82平米
70年,7,拱墅万达广场,43590元/平米,宝嘉誉峰,2016年建/塔楼,510,3室1厅,103104467042,2019-04-18,南,低楼层/共23层,平层/精装,117平米
40年,0,余杭塘栖,15496元/平米,万盛商贸城公寓,未知年建/板楼,60,2室1厅,103105026602,2019-06-14,北,中楼层/共16层,精装,38.72平米
50年,1,下城三塘,20191元/平米,阳光银泰城,2014年建/板楼,102,1室1厅,103104912196,2019-06-02,西,低楼层/共16层,平层/精装,50.52平米
70年,12,萧山义桥,25843元/平米,金域兰庭,2011年建/板楼,230,3室2厅,103104197430,2019-03-22,南,中楼层/共11层,平层/简装,89平米
70年,4,江干钱江新城,69057元/平米,金基晓庐,2009年建/板楼,938,3室2厅,103104511487,2019-04-22,南 北,高楼层/共31层,精装,135.83平米
70年,2,拱墅大关,37998元/平米,大关南八苑,1998年建/板楼,290,4室1厅,103104503589,2019-04-21,南 北,高楼层/共6层,跃层/简装,76.32平米
40年,1,余杭未来科技城,22583元/平米,西溪蓝海,2017年建/塔楼,85,1室1厅,103104490581,2019-04-20,北,中楼层/共23层,平层/精装,37.64平米
70年,3,余杭良渚,31121元/平米,良渚文化村白鹭郡南,2010年建/板楼,270,2室2厅,103104347913,2019-04-06,南,中楼层/共5层,平层/简装,86.76平米
70年,5,拱墅半山,29502元/平米,中兴御田清庭,2017年建/板楼,328,3室2厅,103104123231,2019-03-14,南 西,低楼层/共7层,平层/毛坯,111.18平米
70年,16,西湖三墩,37837元/平米,协安紫郡,2016年建/板楼,340,3室2厅,103103947279,2019-02-23,南,低楼层/共20层,平层/简装,89.86平米
70年,14,拱墅桥西,50776元/平米,天阳上河,2010年建/板楼,445万元,3室2厅,103102639270,2018-07-21,南,低楼层/共11层,平层/简装,87.64平米
70年,1,西湖申花,86647元/平米,耀江文鼎苑,2007年建/板楼,510,1室1厅,103104199548,2019-03-22,南,中楼层/共24层,平层/简装,58.86平米
70年,9,滨江奥体,58030元/平米,龙湖春江彼岸,未知/板楼,490,3室2厅,103104208308,2019-03-23,南,高楼层/共33层,平层/精装,84.44平米
70年,16,富阳富阳,18298元/平米,野风春晓,未知年建/板楼,86,1室1厅,103104761035,2019-05-18,南,高楼层/共24层,毛坯,47平米
70年,0,西湖文一西路,56413元/平米,政新花园,2000年建/板楼,483,3室2厅,103104674093,2019-05-09,南,低楼层/共6层,简装,85.62平米
70年,7,余杭闲林,25308元/平米,赞成乐山红叶,2014年建/塔楼,220,3室2厅,103103260613,2018-11-01,南,中楼层/共20层,平层/精装,86.93平米
70年,62,余杭临平,24917元/平米,世纪嘉园晴彩巴厘,2006年建/板楼,90,1室1厅,103102717624,2018-08-10,南,高楼层/共18层,简装,36.12平米
70年,4,余杭万达广场,34832元/平米,万科北宸之光,2016年建/板楼,310,3室1厅,103104540935,2019-04-25,南,高楼层/共28层,平层/精装,89平米
40年,1,下城三塘,33292元/平米,杭州新天地,未知年建/板楼,185,2室1厅,103104922736,2019-06-03,南,低楼层/共12层,平层/精装,55.57平米
70年,0,临安临安,16535元/平米,青山鹤岭,未知年建/板楼,50,1室0厅,103103519099,2018-12-05,东,低楼层/共18层,精装,30.24平米
40年,0,江干丁桥,24470元/平米,置鼎明珠1号,2016年建/板楼,210,4室1厅,103104138591,2019-03-16,东南,高楼层/共8层,精装,85.82㎡
70年,0,滨江彩虹城,37398元/平米,之江公寓,2003年建/板楼,600,3室2厅,103104035149,2019-03-04,南,高楼层/共20层,精装,160.44平米
70年,11,萧山南部卧城,29616元/平米,半岛花园,2009年建/板楼,265,2室2厅,103103821740,2019-01-24,南,中楼层/共18层,平层/精装,89.48平米
70年,8,滨江奥体,61079元/平米,龙湖春江彼岸,2015年建/板楼,980,4室2厅,103103934387,2019-02-22,东南,低楼层/共33层,平层/精装,160.45平米
70年,5,下城石桥,30383元/平米,景翠公寓,2009年建/板楼,265,2室1厅,103103205890,2018-10-24,南,中楼层/共11层,平层/简装,87.22平米
70年,31,萧山萧山市区,19151元/平米,家景园,2000年建/板楼,470,4室2厅,103102417471,2018-05-16,南 北,高楼层/共15层,精装,245.42平米
40年,0,余杭未来科技城,59874元/平米,理想西溪金座,未知年建/板楼,1120,4室1厅,103104117216,2019-03-13,南,低楼层/共9层,简装,187.06平米
40年,0,余杭临平,18640元/平米,华元欢乐城,2016年建/板塔结合,60,1室1厅,103103573321,2018-12-14,南,低楼层/共19层,精装,32.19平米
70年,36,萧山湘湖,30266元/平米,湘湖家园,2004年建/板楼,365,3室2厅,103102103634,2018-01-27,南,中楼层/共6层,平层/精装,120.6平米
70年,1,下城朝晖,39703元/平米,朝晖六区,1996年建/板楼,160,1室1厅,103105090125,2019-06-20,南,中楼层/共6层,平层/简装,40.3平米
70年,4,余杭乔司,23169元/平米,复地连城国际,2011年建/板楼,310,4室2厅,103104601840,2019-05-01,南 西 北,高楼层/共16层,精装,133.8平米
70年,20,钱塘新区金沙湖,46991元/平米,名城湖左岸,2012年建/板塔结合,420,3室2厅,103102783116,2018-08-25,南,高楼层/共23层,跃层/精装,89.38平米
70年,34,拱墅桥西,68000元/平米,远洋大河宸章,2014年建/板塔结合,1320,4室2厅,103103254812,2018-10-31,南 西 北,高楼层/共18层,平层/精装,194.12平米
70年,2,上城近江,57899元/平米,钱江时代公寓,2007年建/板楼,810,3室2厅,103103348402,2018-11-09,南,高楼层/共24层,毛坯,139.9平米
70年,0,西湖转塘,27816元/平米,赞成岭上花苑,2009年建/板楼,405,4室2厅,103105089685,2019-06-20,南 北 西,低楼层/共16层,平层/精装,145.6平米
50年,14,上城南星,28783元/平米,凤凰城广场,2008年建/板楼,300,2室2厅,103102487410,2018-06-07,南,高楼层/共28层,平层/毛坯,104.23平米
70年,67,西湖西溪,47010元/平米,坤和和家园,2011年建/板楼,415,2室1厅,103102078419,2018-01-16,南,低楼层/共15层,平层/精装,88.28平米
70年,13,江干丁桥,32105元/平米,冠宇隽园,2010年建/板楼,350,3室2厅,103102452872,2018-05-27,南,低楼层/共16层,平层/简装,109.02平米
70年,3,滨江彩虹城,41704元/平米,盛元慧谷,2008年建/板楼,375,1室2厅,103105019239,2019-06-13,东,中楼层/共26层,平层/精装,89.92平米
70年,9,余杭良渚,30701元/平米,三墩景溪北苑,未知年建/暂无数据,185,2室1厅,103104548312,2019-04-26,南,高楼层/共33层,平层/简装,60.26平米
40年,1,余杭临平,17392元/平米,华元欢乐城,2016年建/板楼,80,2室1厅,103104681085,2019-05-10,南 北,高楼层/共38层,跃层/精装,46平米
70年,30,江干九堡,43871元/平米,宋都阳光国际,2013年建/板塔结合,680,3室2厅,103102421621,2018-05-17,东 南 北,高楼层/共11层,平层/精装,155平米
70年,3,西湖文教,67162元/平米,教工路131号,1990年建/板楼,480,3室1厅,103103991693,2019-02-28,南,高楼层/共5层,平层/简装,71.47平米
40年,84,滨江彩虹城,32908元/平米,高润云杉郡,2016年建/板楼,139,2室2厅,103103828113,2019-01-26,北,中楼层/共20层,跃层/精装,42.24平米
70年,54,江干丁桥,27641元/平米,广宇上东臻品,2013年建/板楼,246,3室2厅,103102216843,2018-03-16,南 北,低楼层/共16层,平层/简装,89平米
70年,16,余杭闲林,22717元/平米,爵士风情花园,2008年建/板楼,275,3室2厅,103102408124,2018-05-13,南 北,高楼层/共6层,跃层/精装,121.06平米
40年,0,江干城东新城,28058元/平米,东亚新干线,2014年建/板楼,120,1室1厅,103104996891,2019-06-11,东,低楼层/共11层,精装,42.77平米
70年,1,江干华家池,58661元/平米,世茂天宸,2017年建/板楼,1100,4室2厅,103104500630,2019-04-21,南,中楼层/共25层,平层/毛坯,187.52平米
40年,24,江干钱江新城,26419元/平米,钱塘航空大厦,2012年建/塔楼,135,1室1厅,103102647273,2018-07-24,西南,高楼层/共37层,平层/精装,51.1平米
70年,0,余杭良渚,27398元/平米,石榴派,2012年建/塔楼,400,4室2厅,103104507267,2019-04-22,南,低楼层/共10层,平层/简装,146平米
70年,32,余杭翡翠城,32435元/平米,翡翠城一期,2008年建/板楼,550,4室2厅,103102892102,2018-09-10,南 北,中楼层/共5层,平层/毛坯,169.57平米
70年,18,,45748元/平米,三华园,1998年建/板楼,298,2室1厅,103102293196,2018-04-08,西 北,高楼层/共28层,简装,65.14平米
70年,15,西湖翠苑,37650元/平米,翠苑三区,1989年建/板楼,246,3室1厅,103104046484,2019-03-06,东 南 北,高楼层/共6层,平层/简装,65.34平米
70年,0,萧山义桥,24334元/平米,绿都御景蓝湾,2016年建/板楼,270,3室2厅,103104824213,2019-05-24,南,低楼层/共26层,平层/简装,110.96平米
70年,3,余杭塘栖,17554元/平米,九龙仓君廷,2016年建/板楼,400,5室2厅,103104832306,2019-05-25,东南,上叠别墅/共4层,毛坯,227.88平米
70年,21,下城三塘,54188元/平米,水印康庭,2006年建/板楼,385,3室1厅,103102483912,2018-06-06,南,低楼层/共12层,跃层/毛坯,71.05平米
70年,0,余杭未来科技城,26368元/平米,杭州未来广场银天金城,未知年建/暂无数据,135,1室1厅,103104892907,2019-05-31,南,低楼层/共11层,平层/精装,51.2平米
70年,1,余杭星桥,18953元/平米,五月花城,2014年建/板楼,270,3室2厅,103104794382,2019-05-21,南,中楼层/共24层,平层/精装,142.46平米
70年,0,萧山萧山新城区,56459元/平米,高运莱茵传奇,2016年建/板楼,500,4室2厅,103104621670,2019-05-04,南,低楼层/共20层,平层/精装,88.56平米
70年,0,钱塘新区金沙湖,33945元/平米,德嘉金沙阳光,2011年建/板楼,300,2室2厅,103104986886,2019-06-10,南,高楼层/共26层,其他,88.38平米
70年,2,西湖文教,58415元/平米,今日嘉园,2008年建/板楼,790,3室2厅,103102412964,2018-05-14,南,低楼层/共10层,精装,135.24平米
70年,10,萧山萧山市区,28421元/平米,育才东苑,1995年建/板楼,220,2室2厅,103102677412,2018-08-01,南,高楼层/共6层,简装,77.41平米
70年,2,西湖文三西路,42275元/平米,美都新村,1998年建/板楼,345,2室2厅,103104644946,2019-05-06,南,中楼层/共7层,平层/精装,81.61平米
70年,44,萧山萧山新城区,36558元/平米,高运莱茵传奇,2016年建/板楼,339.8,3室2厅,103102648310,2018-07-24,南,高楼层/共18层,平层/毛坯,92.95平米
70年,3,钱塘新区高教园区西,31920元/平米,四季风景苑,2009年建/板楼,280,2室1厅,103104558246,2019-04-27,南,中楼层/共29层,平层/精装,87.72平米
70年,2,余杭良渚,46154元/平米,良渚文化村白鹭郡南,2010年建/板楼,360,4室2厅,103104840225,2019-05-26,东南 西北,高楼层/共4层,跃层/简装,78平米
70年,45,拱墅三墩,27190元/平米,都市水乡水映苑,2004年建/板楼,280,3室2厅,103104124529,2019-03-14,南,低楼层/共18层,简装,102.98平米
70年,2,余杭临平,20188元/平米,中梁百悦城,2016年建/板塔结合,256,3室2厅,103104614845,2019-05-03,南,高楼层/共23层,平层/毛坯,126.81平米
70年,5,萧山萧山开发区,22313 元/平米,明华明辉花园,2002年建/板楼,328,4室2厅,103104003410,2019-03-01,南,高楼层/共7层,平层/精装,147平米
40年,253,萧山钱江世纪城,22223元/平米,江南明城金座,未知年建/塔楼,110,1室1厅,103102913964,2018-09-14,南,低楼层/共29层,平层/精装,49.5平米
70年,15,拱墅湖墅,30027元/平米,稻香园南区,2000年建/板楼,270,2室1厅,103104799442,2019-05-22,南,高楼层/共18层,平层/毛坯,89.92平米
70年,0,下城长庆,45123元/平米,水陆寺巷,1994年建/板楼,235,2室1厅,103104898019,2019-06-01,南,高楼层/共7层,平层/其他,52.08平米
40年,5,钱塘新区金沙湖,22698元/平米,泰美国际大厦,2016年建/塔楼,205,2室1厅,103103779686,2019-01-16,东南 南 西南,低楼层/共22层,精装,90.32平米
70年,17,西湖黄龙,60897元/平米,求是村,1988年建/板楼,420,2室1厅,103103323882,2018-11-08,南 北,低楼层/共5层,平层/简装,68.97平米
40年,0,萧山奥体,30304元/平米,众安嘉润公馆,2014年建/板楼,190,1室1厅,103104289611,2019-03-31,西北,高楼层/共30层,精装,62.7平米
70年,0,江干笕桥,36476元/平米,万科草庄,2012年建/板楼,320,1室1厅,103104410074,2019-04-13,南,中楼层/共16层,平层/精装,87.73平米
70年,43,萧山湘湖,34641元/平米,华瑞湘湖美地,2013年建/板塔结合,280,2室1厅,103104636712,2019-05-05,南,低楼层/共17层,平层/精装,80.83平米
70年,2,余杭临平,21911元/平米,赞成檀府,2016年建/板塔结合,195,3室1厅,103104930709,2019-06-04,南,高楼层/共28层,平层/毛坯,89平米
50年,34,萧山萧山市区,29739元/平米,开元名都,2003年建/板楼,500,3室2厅,103101558443,2017-07-30,南,低楼层/共27层,精装,168.13平米
70年,27,江干九堡,51725元/平米,地铁绿城杨柳郡,2017年建/板楼,750,4室1厅,103103873008,2019-02-14,南 北,高楼层/共7层,平层/其他,145平米
70年,3,余杭万达广场,35012元/平米,风雅乐府,2011年建/板楼,470,4室2厅,103102742305,2018-08-16,南,低楼层/共31层,平层/毛坯,134.24平米
70年,0,临安临安,14267元/平米,锦绣钱塘,2013年建/板楼,700,5室3厅,103105087923,2019-06-20,南,独栋/共2层,毛坯,490.67平米
50年,12,萧山钱江世纪城,24127元/平米,百富联合国际奥体之星,未知年建/塔楼,152,2室1厅,103104774157,2019-05-19,南,高楼层/共18层,精装,63平米
70年,14,拱墅湖墅,43584元/平米,武林公寓,1997年建/板楼,180,1室1厅,103104464727,2019-04-17,南,高楼层/共7层,平层/简装,41.3平米
70年,34,萧山萧山新城区,44944元/平米,中国铁建江南国际城,2017年建/板楼,400,3室2厅,103102267976,2018-03-31,南,高楼层/共34层,平层/毛坯,89平米
70年,46,滨江长河,50765元/平米,白金海岸,2006年建/板楼,475,2室2厅,103102585782,2018-07-07,南,高楼层/共18层,平层/简装,93.57平米
70年,0,临安临安,19492元/平米,春天华府(临天路),未知年建/板塔结合,230,3室2厅,103103765878,2019-01-14,东,高楼层/共33层,毛坯,118平米
70年,14,余杭良渚,31411元/平米,九衡公寓,2013年建/板楼,245,3室2厅,103104292729,2019-03-31,南,高楼层/共11层,平层/精装,78平米
40年,4,西湖转塘,20556元/平米,钱江之江新天地,2016年建/板楼,88,1室1厅,103104410292,2019-04-13,南 北,中楼层/共6层,精装,42.81平米
70年,1,临安临安,17373元/平米,越秀星汇城,未知年建/板楼,205,4室2厅,103104869101,2019-05-29,南,中楼层/共33层,平层/毛坯,118平米
70年,0,临安临安,16514元/平米,公园城,未知年建/塔楼,206,3室2厅,103104907819,2019-06-02,南 北,低楼层/共17层,平层/精装,124.75平米
70年,1,余杭星桥,22877元/平米,广厦天都城天风苑,2003年建/板楼,268,3室2厅,103104570450,2019-04-28,南,中楼层/共5层,平层/精装,117.15平米
70年,8,西湖文一西路,40479元/平米,南都花园二区,1996年建/板楼,345,3室2厅,103104919106,2019-06-03,南 北,高楼层/共7层,平层/简装,85.23平米
70年,1,西湖西溪,48276元/平米,中海西溪华府,2013年建/板楼,420,3室2厅,103105104618,2019-06-21,南 北,中楼层/共10层,平层/其他,87平米
40年,0,钱塘新区金沙湖,22732元/平米,金沙国际,2016年建/塔楼,230,3室2厅,103105000390,2019-06-11,南,中楼层/共16层,精装,101.18平米
70年,18,萧山萧山新城区,27421元/平米,中誉现代城,2007年建/板楼,320,3室2厅,103103519959,2018-12-05,南,低楼层/共6层,平层/精装,116.7平米
70年,7,江干丁桥,26124元/平米,金地格林格林,2015年建/板楼,225,3室2厅,103104413256,2019-04-13,南,低楼层/共16层,平层/毛坯,86.13平米
70年,0,钱塘新区高教园区东,38203元/平米,华元云水苑,2004年建/板楼,380,2室2厅,103104637211,2019-05-05,南 北,低楼层/共6层,平层/精装,99.47平米
70年,4,江干钱江新城,79366元/平米,盛世钱塘,2007年建/板楼,1500,4室2厅,103104533764,2019-04-25,南 北,高楼层/共32层,平层/其他,189平米
70年,24,西湖嘉绿,42958元/平米,莲花港家园,2000年建/板楼,420,3室2厅,103103079658,2018-10-10,南 北,中楼层/共6层,平层/简装,97.77平米
70年,77,拱墅申花,999999元/平米,东方福邸,2013年建/板楼,350,3室2厅,103102576888,2018-07-05,南,高楼层/共24层,平层/精装,61.86平米
70年,0,滨江长河,52660元/平米,白金海岸,2006年建/板楼,495,2室2厅,103105038439,2019-06-15,南,高楼层/共18层,平层/其他,94平米
70年,5,余杭闲林,25295元/平米,绿城桃源小镇,未知年建/暂无数据,328,4室2厅,103104776241,2019-05-19,南,中楼层/共7层,平层/毛坯,129.67平米
50年,3,余杭塘栖,13393元/平米,金世纪运河丽园,2016年建/塔楼,75,1室1厅,103102726941,2018-08-12,南,高楼层/共9层,简装,56平米
70年,15,江干华家池,49398元/平米,南肖埠文景苑,2005年建/板楼,680,3室2厅,103102970441,2018-09-21,南,中楼层/共18层,平层/精装,137.66平米
50年,2,拱墅德胜,19451元/平米,新青年广场,2005年建/塔楼,75,1室0厅,103104773217,2019-05-19,北,中楼层/共26层,平层/简装,38.56平米
70年,12,下城建国北路,41373元/平米,东园大楼,1998年建/板楼,358,3室1厅,103104722075,2019-05-14,南,中楼层/共20层,平层/简装,86.53平米
70年,0,江干丁桥,32640元/平米,联合格里,2010年建/板楼,400,4室1厅,103104160887,2019-03-18,南,高楼层/共16层,平层/其他,122.55平米
70年,4,余杭良渚,25095元/平米,良渚文化村七贤郡,2014年建/板塔结合,218,3室1厅,103104785089,2019-05-20,南,高楼层/共6层,平层/精装,86.87平米
70年,23,余杭临平,15780元/平米,将军殿弄,未知年建/板楼,188,3室2厅,103102994864,2018-09-26,南,高楼层/共21层,平层/简装,119.14㎡
70年,0,下城天水,56412元/平米,屏风苑小区,1990年建/板楼,260,1室1厅,103104959668,2019-06-07,南,高楼层/共6层,平层/简装,46.09平米
40年,7,萧山奥体,28052元/平米,众安嘉润公馆,未知年建/板楼,780,5室2厅,103102692031,2018-08-04,南 北,低楼层/共38层,毛坯,278.06平米
70年,1,余杭星桥,22175元/平米,星运丽园兰逸,2012年建/板楼,270,3室2厅,103104105845,2019-03-12,南,低楼层/共6层,精装,121.76平米
70年,2,西湖文三西路,49995元/平米,府新花园东区,1999年建/板楼,450,3室2厅,103104957389,2019-06-07,南,中楼层/共4层,平层/简装,90.01平米
70年,29,西湖翠苑,39755元/平米,,1993年建/板楼,220,2室1厅,103104363994,2019-04-08,南 北,高楼层/共7层,平层/简装,55.34平米
70年,0,余杭临平,19197元/平米,星育佳园,2005年建/板楼,240,3室2厅,103105008688,2019-06-12,南,高楼层/共6层,平层/精装,125.02平米
40年,2,江干华家池,22774元/平米,同方国际,2000年建/板楼,100,1室0厅,103104171241,2019-03-19,南,高楼层/共28层,平层/精装,43.91平米
70年,2,余杭闲林,45881元/平米,白云深处,未知年建/暂无数据,1200,5室2厅,103103639898,2018-12-25,南 北,独栋/共3层,毛坯,261.55平米
40年,43,上城近江,32519元/平米,郡亭公寓,2008年建/板楼,560,4室2厅,103102795550,2018-08-28,南,低楼层/共26层,平层/精装,172.21平米
70年,2,余杭西溪,32593元/平米,西溪望庄,2010年建/板楼,1000,8室3厅,103104185969,2019-03-20,西南,低楼层/共3层,平层/精装,9平米
70年,16,下城建国北路,44127元/平米,树园,1990年建/板楼,228,2室1厅,103104711939,2019-05-13,南,中楼层/共5层,平层/简装,51.67平米
70年,17,江干丁桥,31579元/平米,中豪四季公馆,2011年建/塔楼,255,2室2厅,103104345056,2019-04-06,南,中楼层/共16层,平层/精装,80.75平米
70年,70,余杭三墩,28647元/平米,亲亲家园二期,2006年建/板楼,438,4室2厅,103102182857,2018-03-07,南 北,中楼层/共11层,平层/精装,152.9平米
70年,38,余杭翡翠城,26223元/平米,金都雅苑,2005年建/板楼,280,3室2厅,103104482488,2019-04-19,南 北,中楼层/共6层,平层/毛坯,106.78平米
70年,17,拱墅德胜,50000元/平米,蓝色霞湾,2006年建/板楼,625,3室2厅,103102917215,2018-09-14,东 南 北,中楼层/共18层,平层/简装,125平米
70年,0,临安临安,16418元/平米,越秀星汇城,2015年建/板楼,220,3室2厅,103104545215,2019-04-26,南,低楼层/共32层,平层/毛坯,134平米
40年,1,西湖申花,20989元/平米,爱尚里,2015年建/板楼,79,1室1厅,103103768614,2019-01-14,南,低楼层/共13层,平层/精装,37.64平米
70年,12,钱塘新区沿江南,29496元/平米,保利东湾,2010年建/板楼,330,3室2厅,103103786535,2019-01-17,南,中楼层/共34层,跃层/毛坯,111.88平米
70年,6,西湖西溪,54598元/平米,西溪蝶园二期,2012年建/板楼,950,3室2厅,103104202011,2019-03-22,南 北,中楼层/共14层,平层/精装,174平米
70年,18,钱塘新区沿江北,24953元/平米,野风海天城,2007年建/板楼,355,3室1厅,103102983790,2018-09-23,南,低楼层/共18层,平层/毛坯,142.27平米
40年,2,余杭临平,17034元/平米,海联云客里,2017年建/板楼,65,1室2厅,103102734225,2018-08-14,南,中楼层/共12层,平层/简装,38.16平米
40年,10,拱墅信义坊,20656元/平米,美都广场,2003年建/板楼,80,1室0厅,103102793649,2018-08-28,南,高楼层/共18层,简装,38.73平米
70年,10,余杭万达广场,33957元/平米,融创瑷颐湾,2016年建/板楼,472,4室2厅,103104109600,2019-03-13,东 南 北,高楼层/共27层,平层/简装,139平米
40年,1,余杭未来科技城,25000元/平米,富力天贸广场,2013年建/平房,100,1室1厅,103104786801,2019-05-20,北,高楼层/共10层,平层/精装,40平米
50年,35,下城朝晖,24576元/平米,领骏世界,2012年建/塔楼,110,1室1厅,103101981909,2017-12-09,西,中楼层/共20层,平层/精装,44.76平米
70年,1,余杭良渚,26272元/平米,昆仑华府,2017年建/板楼,310,4室2厅,103102561431,2018-06-30,南,低楼层/共18层,平层/毛坯,118平米
70年,120,滨江西兴,42417元/平米,瑞立东方花城,2015年建/板楼,375,2室2厅,103102556043,2018-06-29,南 北,低楼层/共24层,平层/精装,88.41平米
70年,1,下城石桥,28699元/平米,祥和人家,2006年建/板楼,290,2室1厅,103103191216,2018-10-23,南,低楼层/共11层,平层/简装,101.05平米
40年,12,上城近江,35246元/平米,尚筑金座,2009年建/塔楼,145,1室1厅,103102795507,2018-08-28,东 东南,中楼层/共18层,精装,41.14平米
70年,16,拱墅申花,52917元/平米,上尚庭,2013年建/板楼,1280,6室2厅,103102788332,2018-08-26,南,高楼层/共22层,精装,241.89平米
40年,0,钱塘新区金沙湖,20834元/平米,杭州东部国际商务中心,2010年建/板楼,125,1室1厅,103104157779,2019-03-18,南,中楼层/共25层,简装,60平米
70年,42,余杭星桥,20000元/平米,惠都家园,2011年建/板楼,165万元,2室2厅,103104070150,2019-03-08,南,低楼层/共18层,平层/毛坯,82.5平米
70年,0,余杭闲林,26048元/平米,闲林山水紫薇苑,2010年建/板楼,230,2室2厅,103103692381,2019-01-04,南,高楼层/共9层,平层/精装,88.3平米
70年,7,钱塘新区高教园区西,30047元/平米,文苑风情,2006年建/板楼,366,3室2厅,103104734267,2019-05-15,南 北,高楼层/共10层,平层/精装,121.81平米
70年,15,西湖转塘,39485元/平米,朗郡庭园,2011年建/板楼,325,2室2厅,103102607167,2018-07-13,南,低楼层/共27层,平层/毛坯,82.31平米
70年,1,拱墅拱宸桥,34148元/平米,蚕花园永兴坊,2000年建/板楼,225,2室1厅,103104957185,2019-06-06,南,低楼层/共7层,平层/其他,65.89平米
70年,5,上城复兴,42712元/平米,清怡花苑,2005年建/板楼,760,4室2厅,103101749480,2017-09-22,南 北,低楼层/共6层,精装,177.94平米
50年,2,余杭万达广场,19399元/平米,香槟之约,2007年建/塔楼,89,1室1厅,103104479839,2019-04-19,南,中楼层/共11层,平层/精装,45.88平米
70年,1,萧山萧山开发区,23152元/平米,众安景海湾,2012年建/塔楼,450,4室2厅,103104891132,2019-05-31,南,高楼层/共33层,平层/其他,194.37平米
70年,2,余杭临平,22389元/平米,百姓弄小区,2000年建/板楼,150,3室1厅,103104650873,2019-05-07,南,低楼层/共6层,平层/简装,67平米
70年,8,下城石桥,34465元/平米,北景园菊香苑,2006年建/板楼,260,2室2厅,103102899025,2018-09-11,南,中楼层/共6层,平层/简装,75.44平米
50年,11,江干钱江新城,43347元/平米,东方君悦,2014年建/板楼,400,1室1厅,103103682478,2019-01-02,南,高楼层/共34层,平层/精装,92.28平米
70年,1,江干丁桥,33712元/平米,广宇上东名筑,2012年建/板楼,300,3室2厅,103104334666,2019-04-05,南,高楼层/共16层,简装,88.99平米
70年,0,江干丁桥,33796元/平米,广宇上东领地,2011年建/板楼,290,2室2厅,103104847921,2019-05-27,南 北,高楼层/共16层,平层/精装,85.81平米
70年,0,江干采荷,60440元/平米,和谐嘉园南苑,2009年建/板楼,550,2室2厅,103105084145,2019-06-19,南,中楼层/共22层,精装,91平米
70年,14,余杭三墩,39326元/平米,协安蓝郡,2014年建/板楼,350,3室1厅,103104053460,2019-03-06,南,中楼层/共17层,平层/精装,89平米
70年,0,余杭未来科技城,39450元/平米,合景天峻,2016年建/板楼,430,3室2厅,103104621620,2019-05-04,南 北,中楼层/共24层,平层/精装,109平米
70年,6,江干四季青,48863元/平米,观音塘小区,1993年建/板楼,275,2室1厅,103102494746,2018-06-10,南,中楼层/共7层,平层/精装,56.28平米
70年,4,余杭闲林,26190元/平米,金成英特学府,2017年建/板楼,235,3室2厅,103104461277,2019-04-17,南 北,低楼层/共18层,平层/毛坯,89.73平米
70年,4,西湖翠苑,39989元/平米,翠苑五区,1996年建/板楼,285,2室1厅,103104659586,2019-05-08,南,中楼层/共7层,平层/简装,71.27平米
70年,1,下城长庆,54699元/平米,青春坊,1998年建/板楼,305,2室1厅,103104941979,2019-06-05,南,低楼层/共7层,精装,55.76平米
70年,27,西湖转塘,36354元/平米,朗郡庭园,2011年建/板楼,315,2室2厅,103103769710,2019-01-14,南,中楼层/共27层,平层/简装,86.65平米
70年,14,上城复兴,45901元/平米,十亩田家园,2003年建/板楼,458,3室2厅,103103435819,2018-11-22,南 北,高楼层/共6层,跃层/精装,99.78平米
70年,0,萧山义桥,22430元/平米,金域三江,2009年建/板塔结合,310,3室2厅,103102395331,2018-05-09,南 北,低楼层/共18层,精装,138.21平米
70年,5,,28818元/平米,余之城,2017年建/板楼,268,3室2厅,103103426826,2018-11-21,南,中楼层/共31层,平层/简装,93平米
70年,8,余杭崇贤,20657 元/平米,龙湖香醍溪岸,2013年建/板楼,180,2室2厅,103103384097,2018-11-14,东 西南 西,中楼层/共27层,平层/精装,87.14平米
70年,53,余杭塘栖,16428元/平米,九龙仓君廷,2016年建/板楼,400,5室2厅,103103290527,2018-11-04,南 北,上叠别墅/共4层,复式/毛坯,243.5平米
70年,47,余杭乔司,24341元/平米,东冠逸家,2008年建/板楼,225,4室2厅,103104768535,2019-05-19,南,高楼层/共6层,跃层/精装,92.44平米
70年,51,萧山萧山新城区,31346元/平米,金帝金色钱塘,2010年建/板楼,410,4室2厅,103103586209,2018-12-16,南,高楼层/共31层,平层/精装,130.8平米
70年,2,拱墅和睦,38083元/平米,和睦新村,1989年建/板楼,197,2室1厅,103104504139,2019-04-21,南,高楼层/共7层,平层/简装,51.73平米
70年,21,拱墅申花,59036元/平米,三江花园道壹号,2016年建/塔楼,525,3室2厅,103104410231,2019-04-13,南,高楼层/共18层,平层/精装,88.93平米
70年,4,钱塘新区沿江南,27738元/平米,宋都晨光国际,2013年建/板塔结合,380,3室2厅,103104025056,2019-03-04,南 北,高楼层/共42层,简装,137平米
40年,1,拱墅三墩,32780元/平米,红杉雅园,2005年建/板楼,140,2室1厅,103104478230,2019-04-19,西,中楼层/共11层,精装,42.71平米
70年,48,上城望江,47652元/平米,望江新园一园,2016年建/板楼,420,2室2厅,103102347981,2018-04-25,南 西 北,低楼层/共21层,平层/精装,88.14平米
70年,4,西湖九莲,44074元/平米,九莲新村,1987年建/板楼,280,2室1厅,103104868490,2019-05-29,南 北,中楼层/共6层,平层/简装,63.53平米
70年,3,西湖申花,71291元/平米,耀江文鼎苑,2009年建/板楼,625,2室1厅,103104997730,2019-06-11,南 北,低楼层/共24层,平层/简装,87.67平米
70年,7,钱塘新区金沙湖,26611元/平米,铭和苑柳翠坊,2008年建/板塔结合,240,2室2厅,103104752725,2019-05-17,南,中楼层/共14层,平层/精装,90.19平米
70年,7,上城潮鸣,47479元/平米,檀香园,2008年建/板楼,850,3室2厅,103103664534,2018-12-29,南,高楼层/共18层,平层/毛坯,179.03平米
70年,22,下城潮鸣,35136元/平米,泰和苑,1998年建/板楼,325,2室1厅,103102682004,2018-08-02,南 西南,低楼层/共22层,平层/简装,92.5平米
40年,0,钱塘新区高教园区西,13462元/平米,之江铭楼,2000年建/板楼,70,1室1厅,103103165561,2018-10-19,西,中楼层/共16层,精装,52平米
70年,6,萧山萧山新城区,41303元/平米,滨江江南之星,2018年建/塔楼,530,3室2厅,103104545134,2019-04-26,南,中楼层/共34层,平层/毛坯,128.32平米
70年,18,西湖三墩,30723元/平米,信鸿花园北区,1998年建/板楼,255,2室2厅,103102717690,2018-08-10,南 北,低楼层/共6层,简装,83平米
70年,29,余杭临平,19936元/平米,华城格之林花园,2005年建/板楼,185,3室2厅,103102734198,2018-08-14,南,低楼层/共6层,精装,92.8平米
70年,0,西湖文三西路,44089元/平米,秋水苑,2003年建/板楼,638,3室2厅,103104939559,2019-06-05,南 北,中楼层/共11层,平层/精装,144.71平米
70年,16,西湖转塘,35897元/平米,融创瑷骊山,2014年建/板楼,1050,5室3厅,103102504051,2018-06-13,南 北,高楼层/共8层,跃层/毛坯,292.51平米
50年,0,下城三塘,30743元/平米,阳光银泰城,2014年建/板楼,280,1室1厅,103104969962,2019-06-08,南,中楼层/共16层,精装,91.08平米
50年,2,萧山钱江世纪城,26683元/平米,港汇中心,2016年建/板楼,630,5室4厅,103102623011,2018-07-17,南,低楼层/共33层,Loft/简装,236.11平米
70年,74,下城朝晖,38125元/平米,朝晖四区,1989年建/板楼,187,2室0厅,103102676002,2018-07-31,南,中楼层/共6层,精装,49.05平米
70年,8,下城潮鸣,44089元/平米,潮鸣苑,1998年建/板楼,330,2室2厅,103104726910,2019-05-14,南,高楼层/共7层,平层/精装,74.85平米
70年,1,余杭临平,23316元/平米,万泰城章,2016年建/板楼,280,3室2厅,103104997292,2019-06-11,西南,低楼层/共27层,平层/毛坯,120.09平米
70年,0,临安临安,14412元/平米,中天珺府,未知年建/板楼,550,4室3厅,103104590512,2019-04-30,南,低楼层/共2层,毛坯,381.65平米
70年,92,江干城东新城,39323元/平米,滨江德信东方星城,2018年建/板楼,518,4室2厅,103103263691,2018-11-01,南,低楼层/共17层,平层/毛坯,131.73平米
70年,15,江干笕桥,43157元/平米,首开武林8栋,2017年建/板楼,385,3室2厅,103102831988,2018-09-03,南,中楼层/共13层,平层/精装,89.21平米
70年,12,拱墅三墩,39462元/平米,阳光郡,2014年建/板楼,340,3室2厅,103104167566,2019-03-19,南,低楼层/共30层,平层/精装,86.16平米
40年,2,西湖申花,34990元/平米,同人精华,2014年建/板塔结合,150,2室1厅,103102650343,2018-07-24,西,低楼层/共16层,简装,42.87平米
70年,7,下城丝绸城,44003元/平米,十五家园,1991年建/板楼,241,2室1厅,103104602502,2019-05-02,南,中楼层/共8层,平层/简装,54.77平米
70年,58,萧山萧山开发区,18983元/平米,明华明辉花园,2002年建/板楼,393,5室2厅,103102300550,2018-04-10,南,高楼层/共6层,跃层/精装,207.03平米
70年,11,江干钱江新城,56644元/平米,水岸帝景,2005年建/塔楼,810,3室2厅,103104668936,2019-05-09,南,中楼层/共32层,平层/精装,143平米
40年,3,江干火车东站,32024元/平米,恒祺克拉天玺,2018年建/板塔结合,110,1室1厅,103103650276,2018-12-27,南 北,低楼层/共15层,平层/精装,34.35㎡
70年,19,江干采荷,80188元/平米,滨江凯旋门,2014年建/塔楼,718,3室2厅,103103062440,2018-10-07,南 北,中楼层/共16层,平层/精装,89.54平米
70年,27,滨江浦沿,39634元/平米,金盛曼城,2010年建/板楼,350,2室1厅,103102606636,2018-07-13,南,中楼层/共11层,平层/精装,88.31平米
70年,7,余杭临平,21729元/平米,莱茵知己,2015年建/板塔结合,178,2室1厅,103104669354,2019-05-09,南,高楼层/共20层,平层/毛坯,81.92平米
70年,50,上城清波,50752元/平米,三元地,1995年建/板楼,270,2室1厅,103102990282,2018-09-25,南 北,低楼层/共6层,平层/简装,53.2平米
70年,1,余杭塘栖,29168元/平米,九龙仓君廷,2016年建/板楼,680,4室2厅,103102555702,2018-06-29,南,上叠别墅/共4层,毛坯,233.14平米
70年,3,上城复兴,45352元/平米,复兴南苑,1998年建/板楼,220,2室1厅,103104750060,2019-05-17,南 北,中楼层/共6层,平层/简装,48.51平米
70年,25,西湖嘉绿,45379元/平米,嘉绿南苑,1999年建/板楼,540,3室2厅,103102451005,2018-05-27,南 北,中楼层/共7层,错层/精装,119平米
70年,12,西湖转塘,43842元/平米,融创瑷骊山,2014年建/板楼,830,4室2厅,103102349190,2018-04-25,南,低楼层/共6层,平层/精装,189.32平米
70年,5,余杭良渚,25863元/平米,良渚文化村七贤郡,2014年建/板塔结合,225,3室2厅,103104612523,2019-05-03,南,中楼层/共10层,平层/精装,87平米
70年,9,余杭未来科技城,18148元/平米,盛奥西溪铭座,未知年建/板楼,175,2室2厅,103103789631,2019-01-18,南,中楼层/共10层,精装,96.43平米
70年,24,西湖三墩,25000元/平米,金源公寓(西湖),1996年建/板楼,360,4室2厅,103101881609,2017-11-05,南,中楼层/共6层,跃层/简装,144平米
70年,61,余杭乔司,27587元/平米,朗诗未来街区,2015年建/板楼,240,3室1厅,103104099664,2019-03-12,南,高楼层/共18层,平层/精装,87平米
70年,2,余杭塘栖,20562元/平米,贝利栖溪公馆,2012年建/板楼,205,2室1厅,103102952463,2018-09-19,南,低楼层/共12层,精装,99.7平米
70年,29,余杭闲林,27273元/平米,闲林山水海棠苑,2007年建/板楼,330,3室2厅,103102596507,2018-07-10,南 北,低楼层/共5层,平层/精装,121平米
70年,45,西湖文三西路,48148元/平米,紫金庭园,2005年建/板楼,490,3室2厅,103102598295,2018-07-10,南 北,高楼层/共7层,复式/精装,101.77平米
70年,5,江干景芳,41974元/平米,景芳六区,1998年建/板楼,371,3室2厅,103104709602,2019-05-13,南,中楼层/共7层,平层/精装,88.39平米
70年,2,下城体育场路,40468元/平米,水星阁,1998年建/板楼,350,3室1厅,103104962929,2019-06-07,南,高楼层/共7层,平层/简装,86.49平米
70年,6,西湖翠苑,47684元/平米,翠苑一区,1986年建/板楼,248,2室1厅,103104773870,2019-05-19,南,中楼层/共7层,平层/简装,52.01平米
70年,10,上城潮鸣,50656元/平米,锦花苑,2000年建/板楼,618,3室2厅,103104613761,2019-05-03,南,高楼层/共6层,平层/简装,122平米
70年,7,余杭临平,23620元/平米,金都夏宫,2014年建/板楼,210,4室2厅,103104144322,2019-03-16,南,中楼层/共40层,简装,88.91平米
70年,6,上城湖滨,72400元/平米,平海公寓,2001年建/板楼,1380,4室2厅,103104142353,2019-03-16,东南,低楼层/共19层,平层/精装,190.61平米
70年,40,拱墅申花,49206元/平米,万家花城二期,2009年建/板楼,440,3室2厅,103104909017,2019-06-02,南 北,低楼层/共14层,平层/简装,89.42平米
70年,3,余杭良渚,29691元/平米,良渚文化村白鹭郡南,2010年建/板楼,260,2室2厅,103104774277,2019-05-19,南,中楼层/共5层,平层/简装,87.57平米
70年,2,萧山义桥,26967元/平米,绿都御景蓝湾,2017年建/板楼,240,3室2厅,103104088119,2019-03-10,南 北,低楼层/共11层,平层/简装,89平米
70年,25,江干丁桥,31406元/平米,广宇东承府,2014年建/板楼,158,1室1厅,103103722812,2019-01-08,南,中楼层/共17层,平层/精装,50.31平米
40年,13,江干火车东站,28580元/平米,红街天城公寓,2012年建/板楼,100,1室1厅,103102607425,2018-07-13,南,低楼层/共18层,平层/精装,34.99平米
70年,5,下城长庆,46735元/平米,横燕子弄,1993年建/板楼,249,2室1厅,103104489817,2019-04-20,南 北,高楼层/共7层,平层/简装,53.28平米
70年,43,西湖申花,74526元/平米,耀江文鼎苑,2009年建/板楼,660,2室1厅,103101921375,2017-11-18,南 北,中楼层/共24层,平层/精装,88.56平米
70年,0,西湖之江,42501元/平米,之江九里,2016年建/板楼,380,2室1厅,103104862756,2019-05-28,南,高楼层/共16层,平层/简装,89.41平米
70年,1,上城湖滨,87643元/平米,光复路146-186号,未知年建/板楼,400,2室1厅,103104467449,2019-04-18,南,中楼层/共6层,平层/精装,45.64平米
40年,0,下城石桥,20091元/平米,泰地北上新城,2013年建/板楼,160,2室2厅,103104048618,2019-03-06,南,高楼层/共13层,平层/精装,79.64平米
50年,19,上城南星,27217元/平米,凤凰城广场,2008年建/板楼,105,1室1厅,103102538054,2018-06-24,南,中楼层/共30层,简装,38.58平米
40年,8,余杭未来科技城,22827元/平米,豪波西溪润景,未知年建/板楼,120,2室2厅,103104057421,2019-03-07,西,中楼层/共10层,跃层/精装,52.57平米
70年,6,西湖黄龙,76681元/平米,玉古路167.171号,1995年建/板楼,340,1室1厅,103102080917,2018-01-17,南,中楼层/共6层,平层/简装,44.34平米
70年,0,下城长庆,49565元/平米,青春坊,1998年建/板楼,450,3室2厅,103105011777,2019-06-12,南 北,高楼层/共6层,平层/简装,90.79平米
70年,31,下城流水苑,38365元/平米,京都苑,2000年建/塔楼,609,3室2厅,103101981863,2017-12-09,东 南 北,中楼层/共18层,平层/精装,158.74平米
40年,0,钱塘新区金沙湖,28228元/平米,泰美国际大厦,2016年建/塔楼,115,1室1厅,103104081636,2019-03-10,北,中楼层/共22层,复式/简装,40.74平米
70年,24,滨江长河,40311元/平米,南岸晶都花园,2007年建/板楼,260,1室1厅,103103923356,2019-02-21,东 南,低楼层/共26层,平层/精装,64.5平米
70年,8,西湖文教,67340元/平米,今日嘉园,2008年建/塔楼,427,1室1厅,103102511228,2018-06-15,西南,低楼层/共17层,平层/精装,63.41平米
40年,0,萧山闻堰,18727元/平米,隐龙湾,2010年建/板塔结合,100,1室1厅,103104717341,2019-05-13,北,高楼层/共27层,平层/精装,53.4平米
50年,9,滨江彩虹城,30389元/平米,世茂之西湖,2015年建/板楼,140,1室1厅,103102689299,2018-08-03,北,中楼层/共33层,平层/精装,46.07平米
70年,1,西湖九莲,76016元/平米,世贸丽晶城,2006年建/板楼,1250,4室2厅,103103767161,2019-01-14,南 北,中楼层/共21层,平层/简装,164.44平米
70年,8,余杭临平,18962元/平米,绿城蓝庭东区,2013年建/板楼,347,4室2厅,103104351782,2019-04-07,南 西,低楼层/共15层,平层/毛坯,183平米
70年,8,临安临安,17470元/平米,青山湖玫瑰园,未知年建/板楼,700,5室3厅,103104179787,2019-03-20,南,联排/共3层,毛坯,400.69平米
70年,26,西湖翠苑,36347元/平米,翠苑二区北区,1996年建/板楼,230,2室1厅,103103030425,2018-09-30,东 西 北,中楼层/共7层,平层/简装,63.28平米
70年,14,下城德胜东,35429元/平米,德胜东村,1995年建/板楼,195,2室1厅,103103002155,2018-09-26,南,高楼层/共6层,平层/精装,55.04平米
70年,7,萧山钱江世纪城,36920元/平米,佳境天城人合苑,2007年建/板楼,385,2室2厅,103104280954,2019-03-30,南,低楼层/共18层,平层/毛坯,104.28平米
50年,0,钱塘新区高教园区西,18801元/平米,盛泰名都中心,2012年建/板楼,68,1室0厅,103103104419,2018-10-14,西,高楼层/共28层,精装,36.17平米
70年,40,余杭未来科技城,43033元/平米,富力西溪悦居,2016年建/板塔结合,525,3室2厅,103103714309,2019-01-07,南,中楼层/共10层,平层/精装,122平米
70年,3,西湖文教,60998元/平米,莫干山路,未知年建/暂无数据,340,2室1厅,103104453250,2019-04-17,南,高楼层/共6层,平层/简装,55.74平米
70年,4,余杭勾庄,26696元/平米,赞成美树,2013年建/板塔结合,350,5室2厅,103104447293,2019-04-16,东,低楼层/共13层,简装,131.11平米
70年,16,拱墅半山,25665元/平米,金隅田员外,2016年建/板楼,225,2室1厅,103104043029,2019-03-05,南,低楼层/共20层,平层/毛坯,87.67平米
70年,2,余杭星桥,17101元/平米,广厦天都城天湖苑,2003年建/板楼,315,5室3厅,103104930897,2019-06-04,东南,高楼层/共5层,跃层/精装,184.21平米
70年,0,滨江彩虹城,40591元/平米,彩虹城,2006年建/板楼,525,3室2厅,103104577990,2019-04-29,南,低楼层/共24层,简装,129.34平米
70年,6,拱墅万达广场,41630元/平米,方正荷塘月色,2016年建/板楼,370,3室2厅,103102503164,2018-06-13,南 北,低楼层/共25层,平层/精装,88.88平米
70年,0,萧山萧山市区,28641元/平米,韩家弄,1998年建/板楼,365,3室2厅,103104219876,2019-03-24,南,低楼层/共6层,平层/精装,127.44平米
70年,1,上城潮鸣,39564元/平米,小米巷,1989年建/板楼,290,3室1厅,103104436039,2019-04-15,东南,中楼层/共7层,平层/简装,73.3平米
70年,177,西湖翠苑,38093元/平米,翠苑四区,1993年建/板楼,143,1室1厅,103102762111,2018-08-20,东 南,高楼层/共7层,平层/简装,37.54平米
40年,12,余杭临平,16932元/平米,万宝城,2016年建/板楼,48,1室1厅,103104016629,2019-03-03,北,中楼层/共21层,平层/毛坯,28.35平米
70年,1,临安临安,18540元/平米,越秀星汇城,2015年建/板楼,165,3室2厅,103104670827,2019-05-09,南,低楼层/共28层,平层/毛坯,89平米
70年,15,西湖文三西路,40099元/平米,嘉绿景苑西园,2006年建/板楼,520,3室2厅,103102784702,2018-08-26,南,中楼层/共15层,精装,129.68平米
70年,0,江干丁桥,28771元/平米,阳光逸城,2010年建/塔楼,178,2室2厅,103104775862,2019-05-19,南,高楼层/共13层,平层/简装,61.87平米
70年,0,余杭乔司,28034元/平米,朗诗未来街区东园,2016年建/塔楼,195,2室2厅,103104950579,2019-06-06,南,中楼层/共18层,平层/简装,69.56平米
40年,2,萧山萧山新城区,21269 元/平米,中栋国际,2015年建/板楼,110,1室1厅,103104472215,2019-04-18,北,低楼层/共16层,平层/精装,51.72平米
70年,32,江干南肖埠,45799元/平米,采荷绿萍,1998年建/板楼,200,2室0厅,103103108095,2018-10-14,南,高楼层/共6层,精装,43.67平米
70年,1,余杭临平,23015元/平米,蓝江四季晶品,2010年建/板楼,320,4室2厅,103104921606,2019-06-03,南,中楼层/共28层,简装,139.04平米
70年,13,余杭未来科技城,42697元/平米,北大资源未名府,2018年建/板楼,380,3室2厅,103104092241,2019-03-11,南,中楼层/共11层,平层/毛坯,89平米
70年,63,余杭三墩,24534元/平米,亲亲家园三期,2006年建/板楼,380,4室2厅,103102405234,2018-05-12,南 北,高楼层/共6层,跃层/简装,154.89平米
70年,124,余杭乔司,22722元/平米,保亿风景晨园,2016年建/板楼,195,3室2厅,103102448970,2018-05-26,南,低楼层/共25层,平层/简装,85.82平米
70年,38,钱塘新区高教园区西,24345元/平米,福雷德广场,2007年建/板楼,180,1室1厅,103102745541,2018-08-17,南,中楼层/共20层,平层/简装,73.94平米
70年,7,西湖文三西路,42066元/平米,紫金公寓,1996年建/板楼,290,2室1厅,103104043445,2019-03-05,南,中楼层/共7层,平层/简装,68.94平米
70年,5,西湖西溪,45239元/平米,坤和和家园,2014年建/板楼,760,4室2厅,103104505089,2019-04-22,南 北,中楼层/共16层,平层/精装,168平米
70年,1,余杭闲林,31380元/平米,,2014年建/板塔结合,280,3室2厅,103104989083,2019-06-10,东南,高楼层/共30层,平层/精装,89.23平米
40年,0,钱塘新区沿江南,14509元/平米,金隅空港公馆,2017年建/板楼,80万元,1室1厅,103104047308,2019-03-06,南 北,低楼层/共21层,精装,55.14平米
40年,0,余杭塘栖,22737元/平米,美致生活广场,2016年建/板塔结合,112,3室2厅,103104174486,2019-03-19,南,中楼层/共19层,精装,49.26平米
70年,0,临安临安,16693元/平米,青山鹤岭,未知年建/板楼,53,1室1厅,103103840831,2019-01-31,东,中楼层/共18层,精装,31.75平米
40年,0,余杭塘栖,17429元/平米,美致生活广场,未知/板楼,130,2室1厅,103104292211,2019-03-31,南,高楼层/共27层,平层/毛坯,74.59平米
40年,2,上城近江,31686元/平米,尚筑金座,2009年建/塔楼,150,2室1厅,103104791236,2019-05-21,南,高楼层/共18层,其他,47.34平米
70年,0,,17953元/平米,青山鹤岭,未知年建/板楼,57,1室1厅,103104446434,2019-04-16,东,中楼层/共18层,简装,31.75平米
40年,0,余杭临平,19051元/平米,万宝城,2016年建/板楼,65,1室1厅,103104174438,2019-03-19,西,中楼层/共21层,平层/毛坯,34.12平米
70年,5,滨江浦沿,39104元/平米,贺田尚城,2003年建/板楼,630,4室2厅,103104106829,2019-03-12,南 北,中楼层/共5层,平层/精装,161.11平米
70年,79,西湖申花,62982元/平米,耀江文鼎苑,2008年建/板楼,1030,4室2厅,103102131241,2018-02-22,南,低楼层/共24层,平层/精装,163.54平米
70年,0,临安临安,15351元/平米,越秀星汇城,2015年建/板楼,350,4室2厅,103103804182,2019-01-21,南,中楼层/共31层,平层/毛坯,228平米
40年,4,余杭翡翠城,16591元/平米,华元西溪欢乐城,2017年建/板楼,73,2室1厅,103104854558,2019-05-27,西南,中楼层/共14层,精装,44平米
70年,2,拱墅半山,33419元/平米,金隅田员外,2016年建/板楼,300,3室1厅,103104751718,2019-05-17,南,低楼层/共20层,平层/精装,89.77平米
70年,0,萧山萧山市区,29645元/平米,育才东苑,1995年建/板楼,240,3室2厅,103104854463,2019-05-27,南,高楼层/共6层,平层/简装,80.96平米
70年,4,江干丁桥,32486元/平米,天阳观筑,2011年建/板楼,240,2室1厅,103103965772,2019-02-25,南,高楼层/共17层,平层/精装,73.88平米
40年,1,滨江西兴,41837元/平米,兴耀鑫都汇,2016年建/板楼,185,2室2厅,103104673521,2019-05-09,西,低楼层/共20层,精装,44.22平米
70年,0,余杭闲林,28588元/平米,恒厚阳光城,2013年建/板塔结合,350,3室2厅,103104598248,2019-05-01,南 北,中楼层/共11层,精装,122.43㎡
40年,0,余杭未来科技城,28657元/平米,西溪八方城,2015年建/板楼,125,2室1厅,103104928571,2019-06-04,西,高楼层/共12层,平层/精装,43.62平米
40年,45,萧山萧山新城区,19842元/平米,萧山宝龙城市广场,2016年建/板楼,80,1室1厅,103102567256,2018-07-02,东,低楼层/共27层,平层/毛坯,40.32平米
70年,16,下城三里亭,41431元/平米,三里家园一区,2006年建/板楼,270,3室1厅,103104018957,2019-03-03,南,低楼层/共6层,平层/精装,65.17平米
70年,9,上城复兴,42890元/平米,美政花苑,1999年建/板楼,355,3室1厅,103103552765,2018-12-10,东南,中楼层/共6层,简装,82.77平米
70年,3,钱塘新区沿江北,29905元/平米,伊萨卡国际城浩泽园,2008年建/板楼,380,3室1厅,103103642190,2018-12-25,南,中楼层/共34层,简装,127.07平米
70年,72,西湖转塘,27414元/平米,天阳云筑,2012年建/板楼,318,3室2厅,103100407165,2016-07-06,南,低楼层/共17层,简装,116平米
40年,21,萧山南部卧城,15947元/平米,南润名座,2017年建/板楼,48,1室1厅,103104034026,2019-03-04,北,低楼层/共22层,毛坯,30.1平米
70年,15,余杭良渚,34737元/平米,良渚文化村柳映坊三期,2014年建/板楼,330,2室2厅,103102629391,2018-07-19,南,低楼层/共6层,跃层/精装,95平米
70年,0,江干采荷,42056元/平米,采荷大厦,2000年建/板楼,410,2室2厅,103105053329,2019-06-16,南,中楼层/共16层,精装,97.49平米
70年,10,钱塘新区沿江南,29160元/平米,世茂江滨花园碧景湾,2009年建/板楼,255,3室1厅,103104070232,2019-03-08,南,中楼层/共29层,简装,87.45平米
70年,4,萧山萧山市区,33683元/平米,北干一苑,1996年建/板楼,315,3室2厅,103102428369,2018-05-20,南 北,低楼层/共6层,平层/精装,93.52平米
70年,0,余杭临平,26530元/平米,万泰城章,2016年建/板楼,235,3室1厅,103102905886,2018-09-13,南,高楼层/共26层,精装,88.58平米
70年,16,滨江彩虹城,37038元/平米,之江花园,2003年建/板楼,550,4室1厅,103102889491,2018-09-09,南,中楼层/共5层,简装,148.5平米
70年,17,余杭星桥,23404元/平米,经纬美耀湾,2013年建/板楼,195,2室2厅,103102995967,2018-09-26,南,低楼层/共16层,精装,83.32平米
70年,1,余杭闲林,23487元/平米,绿城桃源小镇,2017年建/板楼,305,4室2厅,103104697743,2019-05-11,南,中楼层/共6层,平层/毛坯,129.86平米
70年,12,拱墅桥西,75148元/平米,名城公馆,2013年建/板楼,1400,5室2厅,103103880201,2019-02-15,南 北,高楼层/共16层,跃层/精装,186.3平米
70年,51,富阳富阳,18648元/平米,春晖社区,1997年建/板楼,150,3室1厅,103103402787,2018-11-17,南,高楼层/共7层,平层/精装,80.44平米
70年,1,西湖良渚,35487元/平米,中国铁建西湖国际城,未知年建/板楼,317,3室2厅,103104796769,2019-05-22,南,高楼层/共34层,平层/其他,89.33平米
70年,7,滨江彩虹城,53642元/平米,太阳国际公寓,2007年建/塔楼,330,1室1厅,103103499710,2018-12-02,南 北,低楼层/共33层,平层/简装,61.52平米
40年,3,萧山钱江世纪城,21118元/平米,海杰德大厦,未知年建/板楼,93,1室1厅,103104870306,2019-05-29,南,中楼层/共22层,平层/精装,44.04平米
40年,2,余杭临平,18315元/平米,浙商开元名都祺寓,2016年建/板楼,118,2室1厅,103104274640,2019-03-30,南,中楼层/共26层,精装,64.43平米
70年,3,余杭西溪,36320元/平米,华元美林公馆,2013年建/板楼,330,2室2厅,103102849078,2018-09-06,南 北,低楼层/共7层,精装,90.86平米
40年,18,下城建国北路,49446元/平米,绿城兰园,2014年建/板楼,580,2室2厅,103103193418,2018-10-23,南,中楼层/共25层,精装,117.3平米
70年,8,下城众安桥,50370元/平米,永丰巷,未知年建/暂无数据,320,2室2厅,103102376358,2018-05-04,东 西,高楼层/共5层,平层/简装,63.53平米
70年,5,江干九堡,29848元/平米,九月庭院,2010年建/板楼,385,3室1厅,103104493575,2019-04-20,南,高楼层/共25层,平层/简装,128.99平米
70年,18,余杭良渚,26283元/平米,天阳棕榈湾二期,2004年建/板楼,205,2室1厅,103102986772,2018-09-24,南,中楼层/共5层,平层/精装,78平米
70年,2,钱塘新区金沙湖,25857元/平米,铭和苑柳翠坊,2008年建/板塔结合,215,2室1厅,103105075563,2019-06-19,南,高楼层/共11层,平层/简装,83.15平米
70年,2,西湖黄龙,66394元/平米,外东山弄,1987年建/板楼,405,2室1厅,103104887947,2019-05-31,南,低楼层/共6层,平层/简装,61平米
70年,0,下城石桥,33866元/平米,北景园紫荆苑,2006年建/塔楼,598,4室2厅,103104547081,2019-04-26,南 北,高楼层/共11层,精装,176.58平米
70年,159,余杭乔司,28659元/平米,保亿风景晨园,2016年建/板楼,235,2室2厅,103102734699,2018-08-14,南 北,低楼层/共24层,平层/精装,82平米
70年,10,上城清泰,47022元/平米,南班巷,1994年建/板楼,135,1室1厅,103102690072,2018-08-04,南,高楼层/共7层,平层/简装,28.71平米
40年,0,滨江滨江区政府,44898元/平米,金铂湾,2016年建/板楼,205,1室0厅,103102712344,2018-08-09,南,低楼层/共24层,精装,45.66平米
70年,46,西湖翠苑,43374元/平米,翠苑一区,1986年建/板楼,216,2室1厅,103102539757,2018-06-24,南 北,高楼层/共7层,平层/简装,49.8平米
70年,30,余杭良渚,32500元/平米,良渚文化村白鹭郡东,2008年建/板楼,390,3室2厅,103103927519,2019-02-21,南,高楼层/共6层,平层/简装,120平米
70年,3,滨江彩虹城,48193元/平米,南都江滨花园,2008年建/板楼,800,4室2厅,103104175145,2019-03-19,南,中楼层/共5层,平层/精装,166平米
70年,1,滨江长河,45536元/平米,铂金名筑,2015年建/板楼,510,4室2厅,103104821547,2019-05-24,南,中楼层/共27层,平层/简装,112平米
70年,27,下城石桥,31114元/平米,元都新景公寓,2009年建/塔楼,285,2室2厅,103101871330,2017-11-01,南,低楼层/共15层,平层/精装,91.6平米
70年,6,余杭未来科技城,49876元/平米,富力新线公园,2018年建/板楼,400,3室2厅,103104376328,2019-04-09,南,低楼层/共11层,平层/精装,80.2平米
70年,0,临安临安,13386元/平米,吴越山庄,未知年建/暂无数据,170,3室2厅,103104772457,2019-05-19,南 北,高楼层/共7层,精装,127平米
70年,5,江干华家池,65169元/平米,绿地华家池印,2017年建/板楼,580,3室2厅,103104706599,2019-05-12,南,低楼层/共31层,平层/精装,89平米
70年,24,滨江长河,45180元/平米,仁苑,2009年建/板楼,470,2室2厅,103103860274,2019-02-13,南,中楼层/共32层,精装,104.03平米
70年,63,上城潮鸣,44454元/平米,翰林花园,2002年建/板楼,210,1室1厅,103102257280,2018-03-28,北,中楼层/共18层,平层/简装,47.24平米
70年,18,江干景芳,41382元/平米,景芳新五区,2000年建/板楼,230,2室1厅,103104007486,2019-03-02,南,高楼层/共7层,平层/精装,9平米
70年,2,临安临安,15007元/平米,大园新城,未知年建/板楼,200,3室2厅,103103519131,2018-12-05,南,中楼层/共23层,平层/毛坯,133.28平米
70年,10,江干九堡,31491元/平米,新江花园,2007年建/板楼,295,2室2厅,103103780315,2019-01-16,南,高楼层/共15层,平层/精装,93.68平米
70年,7,萧山南部卧城,26549元/平米,汇宇花园,未知年建/暂无数据,390,3室2厅,103103663936,2018-12-29,南,高楼层/共18层,平层/精装,146.9平米
70年,5,江干丁桥,29112元/平米,建塘家苑,1999年建/板楼,205,2室1厅,103104824149,2019-05-24,南 北,中楼层/共14层,平层/简装,70.42平米
70年,7,余杭良渚,31955元/平米,奥克斯缔逸城,2017年建/板楼,278,3室2厅,103103224433,2018-10-27,南,低楼层/共31层,平层/精装,87平米
70年,0,临安临安,15936元/平米,青山鹤岭,未知年建/板楼,195,3室2厅,103103804285,2019-01-21,南,高楼层/共11层,平层/毛坯,122.37平米
40年,6,余杭未来科技城,32275元/平米,西溪蓝海,2017年建/塔楼,185,2室1厅,103103213438,2018-10-25,东,中楼层/共23层,精装,57.32平米
70年,4,余杭闲林,25978元/平米,盛世嘉园,2006年建/板楼,295,3室2厅,103104190115,2019-03-21,南,低楼层/共6层,平层/精装,113.56平米
70年,23,萧山钱江世纪城,47537元/平米,万和国际,2014年建/板楼,355,2室1厅,103104348309,2019-04-06,南,中楼层/共32层,平层/精装,74.68平米
70年,8,上城近江,50112元/平米,近江家园一园,2002年建/板楼,630,4室2厅,103104046694,2019-03-06,南,中楼层/共6层,简装,125.72平米
70年,3,余杭勾庄,38203元/平米,万科杭宸,2017年建/板楼,340,3室2厅,103104208812,2019-03-23,南,中楼层/共18层,平层/精装,89平米
50年,2,滨江滨江区政府,22574元/平米,星光国际公馆,2012年建/板楼,120,1室1厅,103104647893,2019-05-06,北,高楼层/共26层,精装,53.16平米
70年,18,西湖翠苑,44752元/平米,翠苑四区,1993年建/板楼,330,3室1厅,103102757490,2018-08-19,南,高楼层/共6层,简装,73.74平米
70年,0,余杭闲林,42442元/平米,合景映月台,2018年建/板楼,365,3室2厅,103104722347,2019-05-14,南,低楼层/共7层,精装,86平米
50年,10,余杭乔司,20434元/平米,乔司商贸苑,2016年建/板楼,100,2室1厅,103102499864,2018-06-11,西北,高楼层/共7层,跃层/简装,48.94平米
70年,4,余杭临平,20260元/平米,荷花小区,未知年建/板塔结合,153,2室1厅,103104534877,2019-04-25,南,低楼层/共5层,平层/简装,75.52平米
70年,4,上城清泰,47170元/平米,紫金观巷,1995年建/板楼,335,3室1厅,103104207004,2019-03-23,南,高楼层/共7层,平层/简装,71.02平米
70年,42,滨江长河,35181元/平米,春波南苑,2001年建/板楼,365,3室2厅,103104056493,2019-03-07,南 北,高楼层/共18层,平层/精装,103.75平米
70年,25,西湖翠苑,28881元/平米,天苑花园,1998年建/塔楼,360,3室1厅,103103158948,2018-10-18,西 北,中楼层/共25层,简装,124.65平米
70年,62,下城石桥,27875元/平米,北景园月桂苑,2006年建/板楼,231,3室2厅,103102729989,2018-08-13,南,低楼层/共6层,平层/简装,82.87平米
70年,0,余杭良渚,32759元/平米,和昌府,未知年建/板楼,285,3室2厅,103104969050,2019-06-08,南,低楼层/共18层,平层/毛坯,87平米
70年,5,西湖文一西路,60388元/平米,星洲花园格兰馨芦,2000年建/板楼,545,2室1厅,103102174156,2018-03-04,南,低楼层/共6层,平层/简装,90.25平米
70年,61,拱墅湖墅,42066元/平米,叶青随苑,1999年建/板楼,220,1室1厅,103101570268,2017-08-02,东北,中楼层/共11层,精装,52.3平米
70年,25,余杭良渚,26437元/平米,良渚文化村七贤郡,2014年建/板塔结合,230,3室2厅,103103217738,2018-10-26,南,高楼层/共6层,平层/精装,87平米
70年,3,西湖文教,69919元/平米,花园南村,1985年建/板楼,440,2室1厅,103104819335,2019-05-24,南,中楼层/共6层,平层/精装,62.93平米
70年,1,江干城东新城,44594元/平米,新中宇维萨,2014年建/板楼,400,2室2厅,103104707953,2019-05-12,南,高楼层/共20层,平层/精装,89.7平米
70年,3,萧山萧山市区,29977元/平米,星都花园(萧山),2000年建/板楼,468,4室2厅,103103989393,2019-02-28,南,高楼层/共17层,平层/精装,156.12平米
70年,20,江干三里亭,38103元/平米,三里亭苑三区,未知年建/板楼,200,2室1厅,103102636608,2018-07-21,南,低楼层/共6层,平层/简装,52.49平米
70年,4,江干三里亭,44118 元/平米,东方丽都花苑,2011年建/板楼,375,2室1厅,103102786184,2018-08-26,南,低楼层/共18层,简装,85平米
40年,7,余杭乔司,15960元/平米,保亿风景晨园,2016年建/板楼,67,1室1厅,103104562237,2019-04-27,南,中楼层/共14层,精装,41.98平米
70年,0,余杭星桥,20007元/平米,广厦天都城天澜,2016年建/板楼,288,3室2厅,103104156160,2019-03-17,南,低楼层/共23层,平层/毛坯,143.95平米
70年,16,滨江滨江区政府,47059元/平米,寰宇天下,2014年建/板楼,1200,5室2厅,103102256434,2018-03-27,南,低楼层/共31层,简装,255平米
70年,7,西湖翠苑,44576元/平米,翠苑一区,1986年建/板楼,235,2室1厅,103104899152,2019-06-01,南,中楼层/共7层,平层/简装,52.72平米
70年,17,上城湖滨,86048元/平米,蕙宜村,1999年建/板楼,568,3室1厅,103103702088,2019-01-05,南,中楼层/共4层,平层/简装,66.01平米
70年,54,拱墅桥西,72220元/平米,九龙仓碧玺,2014年建/板楼,1500,4室2厅,103102552248,2018-06-28,南,高楼层/共7层,平层/精装,207.7平米
70年,33,余杭西溪,57834元/平米,西溪玫瑰,2013年建/板楼,1430,5室2厅,103103096758,2018-10-12,南 北,联排/共3层,精装,247.26平米
70年,12,西湖三墩,35685元/平米,白马尊邸,2009年建/塔楼,430,3室2厅,103102639782,2018-07-21,南 北,低楼层/共18层,平层/精装,120.5平米
40年,1,江干三里亭,21650元/平米,克拉公馆,2013年建/板塔结合,100,1室1厅,103104219255,2019-03-24,北,中楼层/共15层,平层/简装,46.19平米
40年,9,滨江滨江区政府,35159元/平米,融创杭州印,2017年建/板楼,140,1室1厅,103103224392,2018-10-27,东,低楼层/共39层,平层/精装,39.82平米
70年,2,江干火车东站,40074元/平米,红街公寓,2010年建/板楼,438,3室2厅,103104182688,2019-03-20,南,高楼层/共18层,简装,109.3平米
70年,1,江干南肖埠,41176元/平米,南肖埠北景西苑,1999年建/板楼,430,3室1厅,103104219012,2019-03-24,南,低楼层/共7层,平层/其他,104.43平米
70年,1,江干丁桥,31588元/平米,天阳观筑,2011年建/板楼,398,3室2厅,103103799062,2019-01-20,南,高楼层/共17层,跃层/简装,126平米
70年,5,拱墅半山,40401元/平米,田园牧歌麓云苑,2015年建/板楼,355,2室2厅,103103956712,2019-02-24,南,高楼层/共15层,平层/精装,87.87平米
70年,4,钱塘新区沿江北,29676元/平米,伊萨卡国际城浩泽园,2008年建/板楼,265,2室2厅,103104605309,2019-05-02,南,高楼层/共34层,平层/精装,89.3平米
70年,1,临安临安,20028元/平米,越秀星汇城,2015年建/板楼,177,3室2厅,103105091776,2019-06-20,南,低楼层/共18层,平层/毛坯,88.38平米
70年,18,余杭三墩,26199元/平米,亲亲家园二期,2006年建/板楼,430,4室2厅,103104209755,2019-03-23,南,高楼层/共6层,跃层/精装,164.13㎡
70年,1,西湖申花,68348元/平米,广宇西城年华,2007年建/板塔结合,290,1室1厅,103104331921,2019-04-04,东南,低楼层/共27层,平层/精装,42.43平米
70年,97,余杭闲林,27377元/平米,岸上蓝山,2013年建/板塔结合,233,5室2厅,103102526892,2018-06-21,南,高楼层/共6层,跃层/简装,85.11平米
70年,2,西湖西溪,62183元/平米,坤和和家园,2014年建/板楼,550,4室2厅,103105049295,2019-06-16,南 北,低楼层/共13层,跃层/精装,88.45平米
70年,3,余杭良渚,33877元/平米,万科良渚文化村未来城,2016年建/板塔结合,285,3室2厅,103104784637,2019-05-20,南 北,中楼层/共32层,平层/精装,84.13平米
70年,16,下城三塘,34469元/平米,长兴公寓,1997年建/板楼,245,2室1厅,103102898635,2018-09-11,南 北,高楼层/共6层,精装,71.08平米
70年,1,临安临安,18473元/平米,越秀星汇城,未知年建/板楼,165,3室2厅,103104660969,2019-05-08,南,中楼层/共28层,平层/毛坯,89.32平米
70年,1,西湖古荡,47610元/平米,古荡新村西区,1988年建/板楼,240,2室1厅,103104859212,2019-05-28,南,低楼层/共6层,平层/精装,50.41平米
70年,17,上城复兴,40048元/平米,复兴南苑,2005年建/板楼,610,3室1厅,103103981076,2019-02-27,南,中楼层/共20层,平层/简装,152.32平米
70年,57,萧山钱江世纪城,28974元/平米,林之语,2012年建/塔楼,210,2室2厅,103104850751,2019-05-27,南,高楼层/共18层,平层/精装,72.48平米
70年,0,滨江滨江区政府,65000元/平米,绿城明月江南,2014年建/板楼,1300,4室2厅,103104747910,2019-05-16,南,低楼层/共31层,平层/精装,200平米
40年,2,余杭临平,22436元/平米,玖玖国际财富中心,2017年建/板楼,126,2室1厅,103103544998,2018-12-09,西,中楼层/共16层,跃层/精装,56.16平米
70年,0,下城建国北路,43772元/平米,环东公寓,2000年建/板楼,260,2室1厅,103104940988,2019-06-05,南,高楼层/共21层,精装,59.4平米
70年,1,余杭临平,20394元/平米,碧云阁,2002年建/板楼,280,3室2厅,103102004499,2017-12-17,南 北,中楼层/共6层,平层/精装,137.3平米
70年,33,,22989元/平米,新城龙湖湾上风华,未知年建/板楼,200,3室2厅,103104183073,2019-03-20,南,低楼层/共17层,平层/毛坯,87平米
40年,0,余杭良渚,20130元/平米,奥克斯缔逸城,2017年建/板楼,90,1室1厅,103105105926,2019-06-21,南,中楼层/共13层,平层/其他,44.71平米
70年,0,西湖之江,49069元/平米,嘉里云荷廷,2016年建/板楼,440,3室1厅,103104590625,2019-04-30,南,高楼层/共17层,平层/精装,89.67平米
70年,93,上城复兴,40189元/平米,白塔人家,2012年建/板楼,196,2室1厅,103103427560,2018-11-21,南,低楼层/共5层,平层/毛坯,48.77平米
70年,2,江干城东新城,37128元/平米,东亚新干线,未知年建/板楼,228,2室1厅,103103718571,2019-01-08,南,低楼层/共11层,精装,61.41平米
70年,65,西湖文一西路,51115元/平米,金成花园,1998年建/板楼,360,2室1厅,103102178344,2018-03-05,南 北,低楼层/共7层,平层/简装,70.43平米
70年,0,临安临安,14437元/平米,钱锦花园,未知年建/板楼,192,3室2厅,103104591526,2019-04-30,南 北,中楼层/共22层,毛坯,133平米
70年,10,余杭临平,23533元/平米,世纪嘉园晴彩巴厘,2006年建/板楼,85,1室1厅,103104534935,2019-04-25,南,高楼层/共18层,平层/简装,36.12平米
40年,9,萧山萧山新城区,26293元/平米,萧山宝龙城市广场,2016年建/板楼,88,1室0厅,103103494991,2018-12-01,南,中楼层/共27层,平层/精装,33.47平米
70年,1,临安临安,14999元/平米,世纪都市雅苑,未知年建/板楼,67,1室1厅,103104431948,2019-04-15,南,中楼层/共7层,简装,44.67平米
70年,3,拱墅和睦,38760元/平米,和睦新村,1989年建/板楼,180,2室1厅,103104165958,2019-03-18,南,高楼层/共6层,平层/简装,46.44平米
70年,8,萧山南部卧城,25334元/平米,广宁小区,2000年建/板楼,190,2室1厅,103104814010,2019-05-23,南,中楼层/共6层,平层/毛坯,75平米
70年,63,江干火车东站,44200元/平米,红街公寓,2010年建/塔楼,245,2室1厅,103103986513,2019-02-28,南,高楼层/共18层,平层/精装,55.43平米
70年,13,拱墅湖墅,50440元/平米,红石中央花苑,2005年建/板楼,665万元,3室1厅,103104088916,2019-03-10,南 北,低楼层/共16层,平层/精装,131.84平米
70年,13,下城众安桥,56991元/平米,豆腐巷,1993年建/板楼,225,1室1厅,103102695442,2018-08-05,南 北,低楼层/共7层,平层/简装,39.48平米
70年,9,拱墅申花,49917元/平米,上尚庭,2013年建/板楼,988,4室2厅,103103214893,2018-10-25,南 北,高楼层/共23层,平层/毛坯,197.93平米
70年,10,下城流水苑,45200元/平米,施家花园,1998年建/板楼,565,3室2厅,103104225358,2019-03-25,南,低楼层/共7层,平层/简装,125平米
40年,20,钱塘新区高教园区西,999999元/平米,盛泰时代山,2013年建/板塔结合,130,2室1厅,103103259946,2018-11-01,南,高楼层/共24层,平层/精装,56.42平米
70年,0,萧山南部卧城,28161元/平米,光明尚海湾,2016年建/板塔结合,245,3室2厅,103104599651,2019-05-01,南,低楼层/共30层,平层/毛坯,87平米
70年,0,临安临安,16334元/平米,南苑小区,未知年建/板楼,98,2室1厅,103104717456,2019-05-13,南,中楼层/共6层,简装,60平米
70年,0,临安临安,16493元/平米,大园新城,未知年建/板楼,442,6室3厅,103104689075,2019-05-11,南,高楼层/共23层,精装,268平米
70年,4,余杭闲林,24784元/平米,怡景花城鸣翠苑,2008年建/板楼,300,3室2厅,103104847766,2019-05-27,南,中楼层/共6层,平层/精装,121.05平米
70年,6,拱墅桥西,48791元/平米,顺发吉祥半岛,2014年建/板楼,625,3室2厅,103104954786,2019-06-06,南 北,高楼层/共25层,平层/简装,128.1平米
70年,1,余杭塘栖,17623元/平米,九龙仓君廷,2016年建/板楼,430,4室2厅,103104494222,2019-04-20,南,上叠别墅/共4层,毛坯,244平米
70年,37,下城三塘,39972元/平米,三塘桃园,1998年建/板楼,228,2室1厅,103102470355,2018-06-02,南 北,低楼层/共6层,平层/精装,57.04平米
70年,3,西湖嘉绿,53137元/平米,毛家桥公寓,2005年建/板楼,465,2室2厅,103104903911,2019-06-01,南,低楼层/共11层,平层/精装,87.51平米
40年,0,滨江滨江区政府,39745元/平米,金铂湾,2016年建/板楼,205,1室1厅,103102510866,2018-06-15,西北,中楼层/共24层,精装,51.58平米
70年,44,西湖西溪,44728元/平米,西溪蝶园一期,2009年建/板楼,870,4室1厅,103103235844,2018-10-29,南,中楼层/共10层,复式/精装,194.51平米
70年,22,萧山钱江世纪城,36774元/平米,顺发和美家,2012年建/板楼,650,4室2厅,103101772941,2017-09-29,南,高楼层/共34层,简装,176.76平米
70年,1,江干城东新城,65015元/平米,德信大家钱江府,2017年建/板楼,850,1室0厅,103105069189,2019-06-18,南,低楼层/共18层,毛坯,130.74平米
50年,2,上城近江,31259元/平米,景江城市花园,2007年建/板楼,115,1室1厅,103104450989,2019-04-16,东北,低楼层/共33层,平层/简装,36.79平米
70年,8,上城近江,54111元/平米,滨江新苑,1998年建/板楼,310,2室1厅,103104839989,2019-05-26,南 北,低楼层/共7层,平层/简装,57.29平米
70年,1,拱墅拱宸桥,42591元/平米,吉庆院,1990年建/板楼,265,2室1厅,103104297114,2019-04-01,南 北,高楼层/共6层,平层/毛坯,62.22平米
70年,6,江干四季青,52581元/平米,采荷街道商教苑社区,1997年建/板楼,270,2室1厅,103103061668,2018-10-07,南 北,高楼层/共8层,简装,51.35平米
40年,34,钱塘新区高教园区东,22723元/平米,宝龙城市广场,2014年建/板楼,98,3室2厅,103103679815,2019-01-02,南,中楼层/共22层,跃层/精装,43.13平米
70年,6,钱塘新区沿江南,28477元/平米,保利东湾,2010年建/板楼,215,2室2厅,103103783976,2019-01-17,南,中楼层/共33层,简装,75.5平米
70年,100,拱墅拱宸桥,29134元/平米,蚕花园永宁坊,2000年建/板楼,185,2室1厅,103102623778,2018-07-17,南,低楼层/共22层,平层/简装,63.5平米
70年,6,余杭闲林,26366元/平米,金岸提香,2011年建/板楼,180,2室1厅,103104638009,2019-05-05,南,中楼层/共19层,平层/精装,68.27平米
70年,2,钱塘新区沿江南,27273元/平米,,2010年建/板楼,210,2室2厅,103104779419,2019-05-20,东南,中楼层/共33层,平层/毛坯,77平米
70年,15,上城鼓楼,43885元/平米,云雀苑,1995年建/板楼,235,2室1厅,103104222818,2019-03-24,南,中楼层/共6层,平层/简装,53.55平米
70年,8,钱塘新区沿江南,30686元/平米,宋都晨光国际,2013年建/板塔结合,275,3室1厅,103104928140,2019-06-04,南,高楼层/共29层,平层/简装,89.62平米
70年,3,余杭良渚,24477元/平米,良渚文化村七贤郡,2014年建/板塔结合,334,3室2厅,103104753558,2019-05-17,南,低楼层/共6层,平层/精装,136.46平米
70年,0,上城鼓楼,46461元/平米,袁井巷,1993年建/板楼,210,2室1厅,103102713760,2018-08-09,南,中楼层/共7层,平层/简装,45.2平米
70年,10,下城建国北路,43196元/平米,体育场路2-70号,1990年建/板楼,305,2室1厅,103103460010,2018-11-26,南 北,高楼层/共6层,平层/精装,70.61平米
70年,3,拱墅桥西,52557元/平米,名城燕园,2010年建/板楼,445,2室2厅,103103004366,2018-09-27,南,中楼层/共18层,平层/精装,84.67平米
70年,5,萧山湘湖,30228元/平米,美之园西区,2005年建/板楼,400,3室2厅,103102240525,2018-03-23,南 北,低楼层/共6层,精装,132.33平米
70年,14,上城近江,56126元/平米,近江家园三园,2002年建/塔楼,760,3室2厅,103102589357,2018-07-08,东 南,高楼层/共15层,平层/简装,135.41平米
70年,45,西湖西溪,35553元/平米,西溪晴雪,2012年建/板楼,635,4室2厅,103102251824,2018-03-26,南,中楼层/共6层,平层/简装,178.61平米
40年,2,江干丁桥,25888元/平米,置鼎明珠1号,2016年建/板楼,105,2室1厅,103102592820,2018-07-09,北,高楼层/共8层,复式/精装,40.56平米
40年,15,余杭临平,17070元/平米,海联云客里,2017年建/板楼,65,1室1厅,103103518484,2018-12-05,南,中楼层/共12层,平层/毛坯,38.08平米
70年,37,滨江奥体,53690元/平米,绿地旭辉城,2017年建/板楼,470,3室1厅,103102368412,2018-05-01,南,低楼层/共47层,平层/毛坯,87.54平米
70年,23,余杭西溪,40301元/平米,百家乐西园,2011年建/板楼,360,2室2厅,103102733212,2018-08-14,南,中楼层/共6层,平层/精装,89.33平米
70年,31,滨江彩虹城,28662元/平米,中兴和园,2009年建/板楼,380,3室2厅,103103669925,2018-12-30,南 北,中楼层/共11层,平层/毛坯,132.58平米
70年,9,钱塘新区沿江南,23750元/平米,世茂江滨花园峻景湾,2011年建/塔楼,380,4室2厅,103103104082,2018-10-14,南,高楼层/共33层,平层/简装,160平米
40年,43,江干钱江新城,25789元/平米,钱塘航空大厦,2012年建/塔楼,278,2室1厅,103101175572,2017-04-05,南,中楼层/共37层,平层/精装,107.8平米
70年,106,余杭翡翠城,32647元/平米,翡翠城二期,2012年建/板塔结合,285,2室2厅,103101800674,2017-10-10,南,低楼层/共13层,平层/简装,87.3平米
40年,0,拱墅申花,38539元/平米,中天西城纪,2014年建/板楼,155,2室2厅,103104773233,2019-05-19,东,中楼层/共14层,精装,40.22平米
70年,0,临安临安,20026元/平米,越秀星汇城,未知年建/板楼,236,4室2厅,103105079782,2019-06-19,南,高楼层/共33层,其他,117.85平米
70年,2,余杭良渚,27473元/平米,望城,2013年建/板楼,250,3室2厅,103104374304,2019-04-09,南 北,高楼层/共12层,平层/精装,91平米
70年,5,余杭良渚,28090元/平米,良渚文化村白鹭郡南,2010年建/板楼,250,2室2厅,103103968345,2019-02-25,南,中楼层/共5层,简装,89平米
70年,12,拱墅拱宸桥,51205元/平米,中国铁建国际汇,未知年建/塔楼,438,3室2厅,103102484208,2018-06-06,南,低楼层/共24层,精装,85.54平米
70年,7,萧山萧山新城区,26588元/平米,天海阳光地带,2004年建/板楼,85,1室1厅,103104631640,2019-05-05,南,高楼层/共6层,平层/简装,31.97平米
70年,3,余杭瓶窑,23628元/平米,信达柳郡,未知年建/板塔结合,210,3室2厅,103104573932,2019-04-28,南,高楼层/共18层,平层/精装,88.88平米
70年,3,余杭临平,24684元/平米,绿城风华苑,2008年建/板楼,275,3室2厅,103103434976,2018-11-22,南 北,中楼层/共15层,平层/简装,111.41平米
70年,41,下城建国北路,42714元/平米,艮园社区,1992年建/板楼,250,2室1厅,103102302583,2018-04-10,南 北,中楼层/共7层,简装,58.53平米
70年,5,下城天水,55217元/平米,玄坛弄,1988年建/板楼,380,3室1厅,103103971209,2019-02-26,南,高楼层/共7层,平层/简装,68.82平米
70年,154,滨江彩虹城,33882 元/平米,碧水豪园,2005年建/板楼,800,5室2厅,103091330178,2016-01-04,南 北,高楼层/共6层,精装,236.12平米
70年,31,滨江白马湖,32099元/平米,白马湖小区凤凰苑,2009年建/板楼,260,2室2厅,103104481764,2019-04-19,南,中楼层/共6层,平层/简装,81平米
70年,43,萧山钱江世纪城,22000元/平米,林之语,2012年建/塔楼,330,5室2厅,103102564430,2018-07-01,西南,高楼层/共11层,跃层/毛坯,150平米
70年,183,余杭临平,19488元/平米,肖家弄,2009年建/板楼,172,3室1厅,103102063058,2018-01-10,南,中楼层/共7层,平层/简装,88.26平米
70年,3,江干景芳,40000元/平米,景芳新五区,1997年建/板楼,260,2室1厅,103104116303,2019-03-13,南,高楼层/共7层,平层/简装,65平米
70年,99,西湖翠苑,40674元/平米,翠苑四区,1993年建/板楼,285,3室1厅,103102799503,2018-08-29,南 北,高楼层/共6层,平层/简装,70.07平米
70年,6,余杭闲林,28283元/平米,岸上蓝山,2013年建/板楼,249,2室2厅,103102782337,2018-08-25,南 北,高楼层/共6层,精装,88.04平米
70年,0,临安临安,19941元/平米,越秀星汇城,2018年建/板楼,235,4室2厅,103104246462,2019-03-27,南,低楼层/共33层,毛坯,117.85平米
70年,4,西湖西溪,72631元/平米,西溪诚园守纯苑,2015年建/板楼,2080,5室2厅,103104552936,2019-04-26,南,低楼层/共13层,平层/精装,286.38平米
70年,15,余杭未来科技城,36026元/平米,飞鸟客,未知年建/板楼,190,3室2厅,103104233129,2019-03-25,西北,中楼层/共7层,精装,52.74㎡
70年,7,余杭万达广场,35956元/平米,万科北宸之光,2015年建/塔楼,320,3室1厅,103103685356,2019-01-03,南,中楼层/共28层,平层/精装,89平米
70年,23,上城近江,50243元/平米,望江家园东园,2005年建/板楼,455,2室1厅,103103236802,2018-10-29,南,低楼层/共28层,平层/精装,90.56平米
70年,97,西湖良渚,32837元/平米,都市阳光和苑,未知年建/板楼,205,2室1厅,103102730179,2018-08-13,南,中楼层/共27层,平层/精装,62.43平米
40年,25,江干三里亭,17006元/平米,联合麦田,2005年建/板楼,67,1室0厅,103103835441,2019-01-28,北,中楼层/共16层,平层/精装,39.4平米
70年,10,余杭塘栖,18310元/平米,西小河小区,未知年建/暂无数据,130,2室2厅,103104336158,2019-04-05,南,中楼层/共5层,平层/简装,71平米
70年,14,江干城东新城,44653元/平米,德信大家钱江府,2017年建/板楼,400,3室2厅,103103097408,2018-10-13,南 北,高楼层/共18层,平层/简装,89.58平米
70年,13,下城潮鸣,45008元/平米,凤起苑,1999年建/板楼,760,3室2厅,103103035241,2018-10-01,南,高楼层/共26层,错层/简装,168.86平米
70年,16,上城湖滨,41361元/平米,光复路146-186号,未知年建/板楼,180,1室1厅,103104613655,2019-05-03,南,中楼层/共5层,简装,43.52平米
70年,0,江干笕桥,42554元/平米,金色黎明一期,2013年建/板楼,480,3室1厅,103104454710,2019-04-17,东南,中楼层/共16层,平层/精装,112.8平米
70年,4,西湖文三西路,42526元/平米,金都花园,1997年建/板楼,225,2室1厅,103104030300,2019-03-04,南,低楼层/共7层,平层/简装,52.91平米
70年,12,滨江白马湖,37459元/平米,保亿风景蝶院观园,2010年建/板楼,550,3室2厅,103102983353,2018-09-23,南 北,高楼层/共25层,平层/精装,146.83平米
70年,5,余杭临平,24971元/平米,凤仪家园,2001年建/板楼,233,3室2厅,103104250694,2019-03-27,南,高楼层/共5层,跃层/精装,93.31平米
70年,0,余杭未来科技城,26786元/平米,同城印象花苑北区,2013年建/板楼,315,3室2厅,103104555321,2019-04-27,南 北,低楼层/共16层,平层/精装,117.6平米
70年,28,西湖翠苑,42647元/平米,翠苑五区,1996年建/板楼,252,2室1厅,103104508387,2019-04-22,南 北,高楼层/共7层,平层/精装,59.09平米
70年,57,江干九堡,34365元/平米,万科魅力之城,2009年建/板楼,300,3室2厅,103102464969,2018-05-31,南 北,低楼层/共11层,平层/精装,87.3平米
70年,32,西湖三墩,27882元/平米,金源公寓(西湖),1996年建/板楼,255,3室2厅,103103888320,2019-02-16,南 北,中楼层/共6层,平层/简装,91.46平米
40年,1,钱塘新区沿江南,15028元/平米,金隅空港公馆,未知年建/板楼,75,1室1厅,103104217784,2019-03-24,北,低楼层/共21层,精装,49.91平米
70年,14,余杭闲林,24267元/平米,恒厚阳光城,2013年建/板塔结合,205,3室2厅,103103871623,2019-02-14,南 北,中楼层/共10层,平层/毛坯,84.48平米
40年,58,拱墅申花,25871元/平米,蓝钻天成,2016年建/板楼,110,1室1厅,103103363931,2018-11-11,东,中楼层/共21层,平层/精装,42.52平米
50年,5,拱墅和睦,28151元/平米,和睦院,2008年建/板楼,128,1室1厅,103103514301,2018-12-04,南,高楼层/共13层,精装,45.47平米
70年,63,滨江长河,59678元/平米,水印城,2008年建/板楼,370,2室1厅,103102653192,2018-07-25,南,高楼层/共15层,跃层/简装,62平米
70年,1,西湖嘉绿,50863元/平米,世纪新城东区,2005年建/板楼,230,1室1厅,103104293040,2019-03-31,东 东南,中楼层/共27层,平层/简装,45.22平米
70年,1,余杭临平,19801元/平米,金都夏宫,2016年建/板楼,250,3室1厅,103104867854,2019-05-29,南,中楼层/共34层,平层/毛坯,126.26平米
70年,4,上城雄镇楼,58657元/平米,金都华府,2007年建/板楼,910,3室2厅,103103875224,2019-02-15,南,中楼层/共21层,平层/精装,155.14平米
70年,36,拱墅申花,35136元/平米,阮家居,2009年建/板塔结合,260,2室1厅,103104436557,2019-04-15,南,高楼层/共26层,平层/简装,74平米
70年,61,西湖西溪,39856元/平米,坤和和家园,2009年建/板楼,550,4室2厅,103104365055,2019-04-08,南 北,高楼层/共12层,平层/精装,138平米
50年,0,余杭未来科技城,20619元/平米,盛奥西溪铭座,2014年建/板塔结合,100,1室0厅,103104439125,2019-04-16,西,低楼层/共12层,简装,48.5平米
70年,0,临安临安,16924元/平米,青山鹤岭,未知年建/板楼,220,3室2厅,103103485806,2018-11-30,南,中楼层/共11层,简装,130平米
70年,10,江干九堡,29215元/平米,金雅苑社区,2011年建/板楼,400,3室2厅,103102663278,2018-07-28,南,高楼层/共12层,平层/简装,136.92平米
70年,11,余杭星桥,22810元/平米,瑞金华翠嘉苑,未知年建/板楼,88,1室1厅,103104769323,2019-05-19,西,中楼层/共9层,平层/精装,38.58平米
40年,2,余杭万达广场,21030元/平米,南北盛德国际,2016年建/板塔结合,85,1室1厅,103103319340,2018-11-07,北,低楼层/共23层,平层/简装,40.42平米
70年,6,萧山萧山市区,50000元/平米,金地天逸,2017年建/板楼,490,3室2厅,103104706863,2019-05-12,南,高楼层/共34层,平层/精装,98平米
70年,5,下城建国北路,44020元/平米,艮园社区,1992年建/板楼,230,2室1厅,103104970369,2019-06-08,南 北,低楼层/共7层,平层/简装,52.25平米
70年,172,余杭翡翠城,32585元/平米,溪悦宸府,2015年建/板塔结合,290,3室2厅,103103225997,2018-10-27,南 北,中楼层/共17层,平层/简装,89平米
70年,0,西湖文三西路,40811元/平米,中兴公寓,1998年建/板楼,270,2室1厅,103104203044,2019-03-22,南,高楼层/共7层,平层/简装,66.16平米
40年,15,余杭未来科技城,27895元/平米,西溪蓝海,2017年建/塔楼,106,2室1厅,103103476628,2018-11-28,北,低楼层/共23层,简装,38平米
40年,145,西湖西溪,37866元/平米,西溪诚园明礼苑,2013年建/板楼,550,3室2厅,103102192492,2018-03-09,南 北,高楼层/共10层,平层/精装,145.25平米
70年,1,,34832元/平米,广宇万科公园里,2018年建/板楼,310,3室2厅,103102972996,2018-09-21,南,低楼层/共18层,平层/精装,89平米
70年,45,滨江浦沿,35880元/平米,金盛曼城,2010年建/板楼,318,2室2厅,103102590764,2018-07-08,南,低楼层/共18层,平层/简装,88.63平米
70年,48,余杭未来科技城,26989元/平米,金都西花庭,2013年建/板楼,320,3室2厅,103102399458,2018-05-10,南,低楼层/共18层,平层/精装,118.57平米
70年,0,江干景芳,41622元/平米,景芳六区,1998年建/板楼,230,2室1厅,103104435403,2019-04-15,南,高楼层/共6层,平层/精装,55.26平米
70年,11,余杭临平,25684元/平米,赞成首府,2017年建/板楼,230,3室2厅,103104202691,2019-03-22,南,高楼层/共18层,平层/毛坯,89.55平米
70年,14,江干九堡,36806元/平米,泊林印象,2013年建/板楼,460,3室2厅,103102159113,2018-02-28,南,高楼层/共18层,简装,124.98平米
70年,5,下城朝晖,40905元/平米,中山花园,2000年建/塔楼,490,3室1厅,103104181439,2019-03-20,南,低楼层/共29层,平层/精装,119.79平米
40年,1,钱塘新区金沙湖,26648元/平米,金沙国际,2016年建/塔楼,190,2室1厅,103103656276,2018-12-28,北,中楼层/共16层,平层/精装,71.3平米
70年,11,钱塘新区高教园区西,24956元/平米,下沙文汇苑,2005年建/板楼,380,3室2厅,103104556583,2019-04-27,南 北,高楼层/共12层,平层/精装,152.27平米
70年,2,西湖文教,68094元/平米,今日嘉园,2008年建/塔楼,350,1室1厅,103103544585,2018-12-09,南,低楼层/共17层,简装,51.4平米
70年,14,江干城东新城,36024元/平米,淮矿东元府,2017年建/板楼,320,3室1厅,103104374979,2019-04-09,南,高楼层/共22层,平层/简装,88.83平米
70年,8,余杭良渚,21139元/平米,北秀蓝湾花苑,未知年建/板楼,260,3室2厅,103103398211,2018-11-16,南 北,中楼层/共5层,平层/精装,123平米
70年,1,上城鼓楼,42842元/平米,候潮公寓,1998年建/板楼,155,1室1厅,103104858758,2019-05-28,南,中楼层/共7层,平层/其他,36.18平米
70年,6,江干丁桥,29776元/平米,保利罗兰香谷,2015年建/板楼,265,3室2厅,103103425054,2018-11-20,南,中楼层/共17层,平层/精装,89平米
70年,8,余杭仁和,19215元/平米,清合嘉园东区,2006年建/板楼,180,2室2厅,103102760927,2018-08-20,南 北,低楼层/共6层,平层/简装,93.68平米
40年,0,钱塘新区高教园区东,20014元/平米,宝龙城市广场,2014年建/板楼,88,2室1厅,103104518313,2019-04-23,东北,中楼层/共23层,平层/毛坯,43.97平米
70年,1,临安临安,18582元/平米,春天华府(临天路),未知年建/板塔结合,235,3室2厅,103104197095,2019-03-22,南,低楼层/共33层,平层/毛坯,126.47平米
40年,63,西湖文三西路,20662元/平米,西溪锋尚苑,2005年建/板楼,160,2室1厅,103103683147,2019-01-02,南,高楼层/共7层,平层/简装,77.44平米
70年,1,上城南星,47113元/平米,凤凰南苑,2003年建/板楼,700,4室3厅,103102504668,2018-06-13,南,高楼层/共6层,简装,148.58平米
70年,49,下城众安桥,50848元/平米,观巷,2000年建/板楼,270,2室1厅,103102368087,2018-05-01,南,高楼层/共7层,平层/简装,53.1平米
70年,13,钱塘新区大学城北,24659元/平米,丰隆百翘香江,2015年建/板楼,220,2室2厅,103103743405,2019-01-12,南,中楼层/共31层,平层/简装,89.22平米
70年,18,余杭闲林,28484元/平米,闲林山水紫薇苑,2009年建/板楼,250,3室2厅,103104354132,2019-04-07,南,中楼层/共11层,平层/精装,87.77平米
70年,1,临安临安,17710元/平米,越秀星汇城,未知年建/板楼,165,3室2厅,103103362738,2018-11-11,南 北,高楼层/共31层,毛坯,93.17平米
70年,9,江干南肖埠,44654元/平米,采荷绿萍,1988年建/板楼,195,2室0厅,103104735061,2019-05-15,南,中楼层/共8层,平层/简装,43.67平米
40年,0,滨江滨江区政府,39809元/平米,融创杭州印,2017年建/板楼,200,1室1厅,103104555930,2019-04-27,南,中楼层/共39层,平层/精装,50.24平米
70年,9,西湖文一西路,72229元/平米,星洲花园万黛兰居,2000年建/板楼,400,1室1厅,103104320927,2019-04-03,南 北,中楼层/共6层,精装,55.38平米
70年,1,余杭未来科技城,38143元/平米,万通时尚公馆,2018年建/板楼,340,3室2厅,103103598162,2018-12-18,南 北,低楼层/共31层,精装,89.14平米
50年,16,拱墅桥西,18776元/平米,宜家时代,2010年建/板楼,103,2室1厅,103104709733,2019-05-13,北,中楼层/共17层,平层/简装,54.86平米
70年,6,江干南肖埠,59350元/平米,南肖埠庆和苑,2004年建/板楼,710,3室2厅,103104235604,2019-03-26,南,高楼层/共6层,平层/精装,119.63平米
70年,0,余杭闲林,26854元/平米,华元玉榕庄,2013年建/板塔结合,1010,5室2厅,103105006166,2019-06-12,东南,联排/共3层,毛坯,376.12平米
70年,22,拱墅德胜,59172元/平米,清水公寓,2011年建/板楼,1380,4室2厅,103102097122,2018-01-24,南 北,高楼层/共20层,跃层/精装,233.22平米
70年,5,下城建国北路,42593元/平米,环东公寓,2000年建/板楼,230万元,2室1厅,103104484491,2019-04-19,南,高楼层/共20层,平层/简装,54平米
70年,24,下城建国北路,41506元/平米,锦园小区,1994年建/板楼,150,1室1厅,103104511976,2019-04-22,南,高楼层/共7层,平层/简装,36.14平米
70年,8,钱塘新区高教园区东,45000元/平米,保利江语海,2010年建/塔楼,400,3室2厅,103104470965,2019-04-18,南,中楼层/共34层,平层/精装,88.89平米
70年,11,江干丁桥,28628元/平米,玺之湾,2014年建/板楼,395,4室2厅,103104380139,2019-04-10,南 北,高楼层/共11层,平层/简装,137.98平米
70年,90,江干火车东站,44715元/平米,紫玉福邸,未知/板楼,390,3室1厅,103103144854,2018-10-17,南 北,高楼层/共16层,平层/精装,87.22平米
70年,6,拱墅和睦,36367元/平米,和睦新村,1989年建/板楼,213,2室1厅,103102477071,2018-06-04,南,中楼层/共6层,平层/简装,58.57平米
70年,0,下城三里亭,37773元/平米,三里家园一区,2006年建/板楼,253,2室1厅,103104491219,2019-04-20,南,高楼层/共6层,平层/简装,66.98平米
70年,13,西湖申花,43694元/平米,和苑小区,2011年建/板楼,485,3室2厅,103102762062,2018-08-20,南,高楼层/共11层,简装,9平米
70年,11,余杭良渚,33616元/平米,奥克斯缔逸城,2017年建/板楼,298,3室2厅,103103790751,2019-01-18,南,中楼层/共31层,平层/精装,88.65平米
70年,14,余杭临平,19602元/平米,绿城风华苑,2008年建/板楼,325,3室2厅,103103087609,2018-10-11,南 西 北,中楼层/共15层,平层/简装,165.8平米
70年,5,上城四季青,37246元/平米,望江新丰苑,2002年建/塔楼,450,2室2厅,103104502414,2019-04-21,南,中楼层/共15层,平层/简装,120.82平米
70年,17,临安临安,14364元/平米,翠紫苑,未知年建/板楼,180,3室2厅,103103804192,2019-01-21,南,高楼层/共7层,平层/精装,125.32平米
70年,24,西湖留下,22923元/平米,人和家园,2006年建/板楼,285,3室2厅,103102775180,2018-08-23,南,中楼层/共11层,精装,124.33平米
70年,8,拱墅桥西,54327元/平米,顺发吉祥半岛,2014年建/板楼,410,2室1厅,103104034435,2019-03-04,南,中楼层/共24层,平层/精装,75.47平米
40年,0,余杭良渚,19158元/平米,奥克斯缔逸城,2017年建/板楼,95,1室1厅,103104747929,2019-05-16,南,高楼层/共21层,精装,49.59平米
70年,0,余杭临平,20421元/平米,赞成檀府,2016年建/板塔结合,260,3室2厅,103103613167,2018-12-21,南 北,低楼层/共25层,毛坯,127.32平米
70年,2,江干景芳,45417元/平米,景芳四区,1995年建/板楼,325,3室1厅,103104839017,2019-05-26,南,高楼层/共7层,平层/简装,71.56平米
70年,13,上城湖滨,63432元/平米,光复路146-186号,1986年建/板楼,298,2室1厅,103103097569,2018-10-13,南,低楼层/共5层,平层/毛坯,46.98平米
70年,2,拱墅和睦,38113元/平米,和睦新村,1989年建/板楼,210,2室1厅,103105036961,2019-06-15,南,中楼层/共7层,平层/毛坯,55.1平米
70年,5,拱墅拱宸桥,35975 元/平米,左岸花园,2005年建/板楼,558,4室2厅,103104549673,2019-04-26,南 北,中楼层/共11层,平层/精装,155.11平米
70年,22,滨江白马湖,42280元/平米,湖漫雅筑,2015年建/板楼,575,4室2厅,103102637015,2018-07-21,南 北,低楼层/共11层,简装,136㎡
70年,0,余杭翡翠城,35560元/平米,溪悦宸府,2015年建/板塔结合,320,2室2厅,103105038744,2019-06-15,南,中楼层/共17层,平层/其他,89.99平米
70年,8,余杭塘栖,17581元/平米,康庭和苑,未知年建/暂无数据,150,2室2厅,103102885850,2018-09-09,南,中楼层/共11层,简装,85.32平米
70年,11,西湖之江,43567元/平米,之江九里,2016年建/板楼,580,3室2厅,103103436815,2018-11-22,南,低楼层/共13层,平层/精装,133.13平米
70年,3,拱墅半山,30519元/平米,金隅田员外,2016年建/板楼,270,2室1厅,103104497887,2019-04-21,南 北,中楼层/共20层,平层/毛坯,88.47平米
70年,3,余杭良渚,34211元/平米,亿丰蔚蓝郡,2012年建/板楼,455,3室2厅,103104461156,2019-04-17,南 北,中楼层/共18层,平层/精装,133平米
70年,53,上城清泰,42106元/平米,南班巷,1991年建/板楼,240,2室2厅,103102204217,2018-03-12,南,中楼层/共7层,平层/简装,57平米
70年,1,余杭星桥,23763元/平米,瑞金华庭嘉苑,2012年建/板楼,240,3室2厅,103102619684,2018-07-16,南,低楼层/共6层,平层/精装,101平米
70年,36,江干丁桥,31577元/平米,联合格里,2010年建/板楼,233,2室2厅,103102720092,2018-08-10,南,中楼层/共10层,平层/精装,73.79平米
50年,6,下城朝晖,27927元/平米,领骏世界,2012年建/塔楼,125,1室1厅,103104121629,2019-03-14,西,中楼层/共20层,平层/精装,44.76平米
70年,8,余杭良渚,23262元/平米,九衡公寓,2013年建/板楼,270,3室2厅,103104301281,2019-04-01,南,中楼层/共11层,平层/精装,116.07平米
40年,4,钱塘新区沿江南,18839元/平米,金隅空港公馆,2017年建/板楼,98,1室1厅,103102749111,2018-08-18,南,高楼层/共21层,平层/精装,52.02平米
70年,0,临安临安,15464元/平米,青山鹤岭,未知年建/板楼,200,3室2厅,103103804108,2019-01-21,南,高楼层/共11层,其他,129.34平米
70年,14,萧山萧山开发区,24228元/平米,得力新和人家,2010年建/板楼,280,3室1厅,103102508962,2018-06-15,南,高楼层/共6层,平层/精装,115.57平米
70年,62,下城众安桥,49827元/平米,二圣庙前,2000年建/板楼,230,1室1厅,103103533318,2018-12-07,东,低楼层/共6层,平层/简装,46.16平米
70年,38,余杭闲林,19340元/平米,竹海水韵,2011年建/板楼,240,3室2厅,103104248120,2019-03-27,南 北,高楼层/共6层,平层/精装,124.1平米
70年,34,拱墅拱宸桥,29630元/平米,蚕花园永庆坊,2000年建/板楼,200,2室1厅,103103986429,2019-02-28,南,高楼层/共21层,平层/精装,67.5平米
70年,7,下城朝晖,39774元/平米,朝晖新城,2000年建/塔楼,498,2室1厅,103104637814,2019-05-05,南,中楼层/共22层,跃层/精装,125.21平米
70年,0,临安临安,10968元/平米,吴越人家南区,未知年建/板楼,238,3室2厅,103104530366,2019-04-24,南 北,高楼层/共6层,平层/毛坯,217平米
70年,1,余杭万达广场,35956元/平米,万科北宸之光三期拱宸,2016年建/板塔结合,320,3室2厅,103104820711,2019-05-24,南,中楼层/共22层,精装,89平米
40年,1,余杭塘栖,16012元/平米,美致生活广场,2016年建/板楼,86,1室1厅,103103917662,2019-02-20,西,高楼层/共27层,平层/毛坯,53.71平米
70年,42,萧山萧山新城区,43482元/平米,龙湖春江天玺,2018年建/板楼,520,4室2厅,103104033713,2019-03-04,南 北,低楼层/共34层,平层/毛坯,119.59平米
40年,7,江干城东新城,21221元/平米,中豪国际,2018年建/板楼,120,2室1厅,103103576971,2018-12-14,南,中楼层/共15层,平层/毛坯,56.55平米
70年,85,江干景芳,44458元/平米,景芳三区,1996年建/板楼,310,3室1厅,103101806093,2017-10-12,南,低楼层/共6层,平层/精装,69.73平米
70年,24,余杭临平,19681元/平米,梅堰小区,2000年建/板楼,185,2室2厅,103102290330,2018-04-07,南,中楼层/共6层,平层/精装,94平米
70年,1,下城长庆,48077元/平米,新华路小区,1992年建/板楼,205,2室0厅,103104873483,2019-05-29,南,低楼层/共7层,平层/精装,42.64平米
40年,24,余杭塘栖,9722元/平米,欣北钱江国际广场,2014年建/塔楼,45,2室1厅,103104221074,2019-03-24,南,高楼层/共20层,精装,46.29平米
40年,2,余杭塘栖,14546元/平米,欣北钱江国际广场,2014年建/塔楼,80,2室1厅,103104314811,2019-04-03,南,高楼层/共30层,平层/毛坯,55平米
70年,3,余杭万达广场,34122元/平米,大华海派风景,2012年建/板楼,300,3室1厅,103102542909,2018-06-25,南,低楼层/共18层,平层/简装,87.92平米
70年,5,钱塘新区沿江北,28351元/平米,野风海天城,2008年建/板楼,275,2室2厅,103104473953,2019-04-18,南,中楼层/共16层,平层/精装,97平米
50年,1,下城朝晖,21259元/平米,领骏世界,2012年建/塔楼,100,1室1厅,103104194026,2019-03-21,南,低楼层/共20层,精装,47.04平米
70年,6,西湖申花,57905元/平米,,2007年建/板塔结合,330,2室1厅,103102717202,2018-08-10,西 东北,低楼层/共27层,平层/精装,56.99平米
70年,0,江干丁桥,36208元/平米,广宇上东名筑,2012年建/板楼,480,3室2厅,103105023664,2019-06-13,南,高楼层/共16层,跃层/精装,132.57平米
70年,2,余杭星桥,20212元/平米,华艺星座,2008年建/板楼,275,3室2厅,103104307218,2019-04-02,南,中楼层/共17层,平层/毛坯,136.06平米
70年,4,西湖申花,54639元/平米,广宇西城年华,2007年建/板塔结合,460,2室1厅,103104536561,2019-04-25,东 南,低楼层/共27层,平层/简装,84.19平米
70年,2,拱墅德胜,39984元/平米,假山新村,1995年建/板楼,390,3室2厅,103104394919,2019-04-11,南,中楼层/共7层,平层/简装,97.54平米
70年,5,萧山闻堰,33824元/平米,绿城西子郁金香岸,2007年建/板楼,345,2室2厅,103103781623,2019-01-17,南 北,高楼层/共27层,平层/精装,102平米
70年,3,余杭临平,24265元/平米,华元欢乐城,2016年建/板楼,330,4室2厅,103104367818,2019-04-08,南,低楼层/共26层,平层/简装,136平米
70年,4,钱塘新区沿江南,25751元/平米,观澜时代云邸苑,2010年建/板楼,218,2室1厅,103104369871,2019-04-09,南,低楼层/共43层,平层/简装,84.66平米
70年,12,余杭闲林,25361元/平米,竹海水韵,2015年建/板楼,600,5室2厅,103102397858,2018-05-10,东南,高楼层/共5层,毛坯,236.59平米
70年,4,余杭闲林,27778元/平米,新明半岛,2014年建/板塔结合,240,2室1厅,103102595138,2018-07-09,南 北,中楼层/共11层,平层/精装,86.4平米
70年,14,余杭闲林,30000元/平米,青枫墅园,2014年建/板楼,690,5室2厅,103102682838,2018-08-02,南 北,低楼层/共18层,简装,230平米
70年,24,江干城东新城,43831元/平米,滨江德信东方星城,2018年建/板楼,520,3室2厅,103103431208,2018-11-21,南 北,低楼层/共17层,平层/精装,118.64平米
70年,22,余杭临平,22630元/平米,世纪嘉园晴彩巴厘,2006年建/板楼,300,4室2厅,103103677133,2019-01-01,南 北,高楼层/共6层,跃层/精装,132.57平米
70年,5,萧山闻堰,26424元/平米,绿城西子郁金香岸,2007年建/板楼,399,3室2厅,103103213003,2018-10-25,南 北,低楼层/共13层,平层/精装,151平米
70年,39,萧山钱江世纪城,51507元/平米,万科大家世纪之光,2018年建/板楼,458,3室2厅,103103890683,2019-02-17,南,低楼层/共17层,平层/精装,88.92平米
70年,3,余杭西溪,43317元/平米,滨江西溪之星,2016年建/板楼,385,3室2厅,103104694786,2019-05-11,南 北,中楼层/共7层,毛坯,88.88平米
70年,19,西湖文三西路,44141元/平米,中兴公寓,2000年建/板楼,290,2室1厅,103104128750,2019-03-15,南,中楼层/共7层,平层/简装,65.7平米
40年,4,滨江滨江区政府,46981元/平米,海威钱塘之星,2016年建/板楼,305,2室2厅,103104499009,2019-04-21,南,中楼层/共18层,精装,64.92平米
70年,12,余杭崇贤,24478元/平米,君兰华庭,2012年建/暂无数据,205,2室1厅,103104437642,2019-04-16,南,中楼层/共18层,平层/精装,83.75平米
70年,16,萧山闻堰,26961元/平米,江南摩卡,2009年建/板楼,480,5室2厅,103102928032,2018-09-16,南 北,高楼层/共14层,跃层/毛坯,178.04平米
70年,60,拱墅和睦,33710元/平米,庆隆苑,2004年建/板塔结合,550,5室2厅,103102016943,2017-12-22,南 北,高楼层/共6层,跃层/精装,163.16平米
70年,79,西湖嘉绿,50678元/平米,世纪新城西区,2005年建/板楼,580,3室2厅,103103064997,2018-10-07,南 北,中楼层/共8层,平层/精装,114.45平米
70年,2,余杭临平,25560元/平米,君临天下,2010年建/板楼,395,3室2厅,103104763708,2019-05-18,南,低楼层/共23层,平层/其他,154.54平米
70年,0,临安临安,18963元/平米,越秀星汇城,未知年建/板楼,256,3室2厅,103103485774,2018-11-30,南,中楼层/共31层,毛坯,135平米
70年,4,滨江彩虹城,45280元/平米,通策广场,未知年建/板楼,740,3室2厅,103102761006,2018-08-20,南 北,高楼层/共9层,精装,163.43平米
70年,7,余杭闲林,23479元/平米,岸上蓝山,2012年建/板楼,270,3室2厅,103102928866,2018-09-17,南,低楼层/共6层,平层/精装,115平米
70年,3,上城雄镇楼,44624元/平米,江枫苑,2000年建/板楼,520,3室1厅,103104214580,2019-03-23,南 北,高楼层/共15层,平层/简装,116.53平米
40年,35,钱塘新区高教园区西,19089元/平米,盛泰时代山,2013年建/板塔结合,108,2室1厅,103102786590,2018-08-26,南,高楼层/共20层,平层/精装,56.58平米
40年,1,滨江彩虹城,28304元/平米,高润云杉郡,2016年建/板楼,130,1室1厅,103103893733,2019-02-17,西,中楼层/共23层,精装,45.93平米
70年,2,江干丁桥,35497元/平米,龙湖名景台一期,2016年建/板楼,315,3室2厅,103104660297,2019-05-08,南,高楼层/共16层,简装,88.74平米
70年,2,西湖文教,66667元/平米,金都城市芯宇,2010年建/板楼,680,2室2厅,103104900988,2019-06-01,南,高楼层/共30层,平层/简装,102平米
70年,45,,36357元/平米,德胜东村,1994年建/板楼,198,2室1厅,103104228064,2019-03-25,南,高楼层/共6层,平层/简装,54.46平米
70年,7,滨江彩虹城,43940元/平米,天寓,2007年建/板塔结合,580,3室2厅,103104362318,2019-04-08,南,低楼层/共32层,平层/精装,132平米
70年,33,余杭临平,19652元/平米,凤仪家园,2001年建/板楼,282,5室2厅,103102797252,2018-08-29,南,高楼层/共5层,精装,143.5平米
70年,45,下城流水苑,40852元/平米,京都苑,1998年建/板楼,376,3室1厅,103102690116,2018-08-04,南,中楼层/共7层,平层/精装,92.04平米
40年,4,钱塘新区高教园区西,12500元/平米,华元十六街区,2003年建/板楼,55,1室1厅,103104967322,2019-06-08,北,中楼层/共16层,平层/简装,44平米
40年,0,下城三塘,36344元/平米,杭州新天地,2015年建/板塔结合,200,1室1厅,103103615347,2018-12-21,南,中楼层/共12层,精装,55.03平米
70年,2,余杭闲林,27755元/平米,盛世嘉园,2006年建/板楼,235,2室2厅,103105041204,2019-06-15,南 北,低楼层/共6层,平层/简装,84.67平米
50年,1,余杭未来科技城,29255元/平米,西溪八方城,2015年建/板楼,180,2室1厅,103104439345,2019-04-16,西,低楼层/共12层,精装,61.53平米
70年,1,西湖文三,93878元/平米,上宁新村,1985年建/板楼,345,2室1厅,103104799460,2019-05-22,南,高楼层/共6层,平层/简装,36.75平米
70年,1,钱塘新区沿江北,24347元/平米,梦琴湾,2007年建/板楼,350,3室2厅,103103789930,2019-01-18,南,高楼层/共32层,平层/精装,143.76平米
70年,0,滨江滨江区政府,50388元/平米,寰宇天下,2014年建/板楼,1300,5室2厅,103102531506,2018-06-22,南,低楼层/共31层,简装,258平米
70年,32,西湖古荡,48489元/平米,古荡新村西区,1986年建/板楼,170,1室1厅,103103740360,2019-01-11,南,高楼层/共6层,平层/精装,35.06平米
70年,5,西湖小和山,27876元/平米,浪漫和山,2003年建/板楼,158,1室1厅,103105061820,2019-06-17,南,中楼层/共11层,平层/精装,56.68平米
70年,6,江干火车东站,39701元/平米,红街公寓,2010年建/塔楼,540,3室2厅,103104411188,2019-04-13,南 北,低楼层/共18层,平层/精装,136.02平米
70年,3,滨江浦沿,45818元/平米,钱江湾花园,2003年建/板楼,288.9,2室1厅,103105014703,2019-06-13,南,高楼层/共16层,平层/精装,63.05平米
70年,0,西湖文教,59008元/平米,金都城市芯宇,2010年建/塔楼,1280,5室2厅,103104406693,2019-04-12,南 北,高楼层/共29层,平层/精装,216.92平米
70年,15,西湖学军,84929元/平米,下宁巷,1994年建/板楼,550,2室1厅,103104307033,2019-04-02,南,高楼层/共7层,平层/精装,64.76平米
70年,1,下城天水,46154元/平米,社坛苑,1997年建/板楼,540,3室2厅,103103404591,2018-11-17,南,低楼层/共23层,平层/简装,117平米
70年,5,西湖文一西路,62394元/平米,湖畔花园龙珠苑,1997年建/暂无数据,1100,4室2厅,103104581852,2019-04-29,南,联排/共3层,简装,176.3平米
70年,3,萧山闻堰,32312元/平米,三江花园(萧山),2007年建/板楼,195,2室1厅,103104436228,2019-04-15,南,中楼层/共23层,平层/精装,60.35平米
70年,16,钱塘新区沿江南,26733元/平米,保利东湾,2010年建/板楼,250,3室2厅,103103942494,2019-02-23,南,低楼层/共33层,平层/简装,93.52平米
70年,5,滨江彩虹城,42955元/平米,临江花园,2005年建/板楼,435,3室2厅,103104506340,2019-04-22,南,中楼层/共5层,平层/精装,101.27平米
70年,124,拱墅三墩,30649元/平米,都市水乡水清苑,2006年建/板楼,290,3室2厅,103102095953,2018-01-23,南 北,高楼层/共6层,平层/精装,94.62平米
50年,7,下城三塘,26427元/平米,阳光银泰城,2014年建/板楼,145,2室1厅,103104920262,2019-06-03,南,中楼层/共16层,精装,54.87平米
70年,88,江干九堡,33708元/平米,蓝桥景苑,2009年建/板楼,300,2室2厅,103102250589,2018-03-25,东南 北,中楼层/共15层,平层/精装,89平米
70年,6,钱塘新区金沙湖,36958元/平米,龙湖滟澜山澜轩,2011年建/塔楼,325,2室1厅,103104667122,2019-05-08,西,中楼层/共23层,精装,87.94平米
70年,15,西湖文三西路,38706元/平米,中兴公寓,2000年建/板楼,330,2室2厅,103103108532,2018-10-14,南,低楼层/共7层,平层/简装,85.26平米
70年,8,下城长庆,59582元/平米,凤起都市花园,2004年建/塔楼,920,3室2厅,103101503108,2017-07-13,南,低楼层/共22层,错层/精装,154.41㎡
70年,0,余杭闲林,26201元/平米,竹海水韵,2015年建/板楼,300,3室2厅,103102678740,2018-08-01,南,高楼层/共6层,精装,114.5平米
70年,7,萧山萧山开发区,27144元/平米,永泰名苑,未知年建/塔楼,245,2室1厅,103102288913,2018-04-06,南,中楼层/共17层,平层/简装,90.26平米
70年,0,下城石桥,34377元/平米,嘉里桦枫居,2013年建/塔楼,290,2室2厅,103104802949,2019-05-22,南,低楼层/共17层,平层/精装,84.36平米
70年,0,江干景芳,43780元/平米,景芳四区,1995年建/板楼,360,3室1厅,103105094756,2019-06-20,南,中楼层/共7层,简装,82.23平米
70年,17,拱墅德胜,43309元/平米,假山新村,1993年建/板楼,310,2室2厅,103102594478,2018-07-09,东 西,中楼层/共6层,平层/精装,71.58平米
70年,0,萧山南部卧城,40812元/平米,光明尚海湾,2016年建/板楼,799,4室2厅,103104684233,2019-05-10,南,低楼层/共6层,毛坯,195.78平米
70年,5,江干闸弄口,43506 元/平米,万家花园万和苑,2002年建/板楼,422,2室2厅,103103775145,2019-01-15,东 东南 南,低楼层/共11层,平层/精装,97平米
70年,12,余杭闲林,17950元/平米,新时代城市家园,2015年建/板塔结合,235,3室2厅,103103852997,2019-02-12,南 北,中楼层/共25层,平层/简装,130.92平米
70年,7,江干九堡,41070元/平米,丽江公寓,2008年建/塔楼,358,2室2厅,103102238982,2018-03-22,南 北,高楼层/共11层,精装,87.17平米
40年,0,钱塘新区工业园北,17347元/平米,元成时代中心,2016年建/板楼,85,3室1厅,103104948658,2019-06-06,南,低楼层/共22层,平层/毛坯,49平米
50年,0,拱墅申花,28261元/平米,复地壹中心,未知年建/板塔结合,130,1室1厅,103103602960,2018-12-19,南,高楼层/共23层,精装,46平米
70年,3,滨江长河,49424元/平米,银泰海威国际,2009年建/板楼,630,3室2厅,103103220928,2018-10-26,南,低楼层/共32层,平层/简装,127.47平米
70年,27,江干三里亭,40998元/平米,克拉公馆,2013年建/塔楼,470,3室2厅,103101007101,2017-02-20,南,低楼层/共16层,平层/毛坯,114.64平米
70年,8,临安临安,16451元/平米,青山鹤岭,2013年建/板楼,150,3室2厅,103103887140,2019-02-16,南,低楼层/共11层,平层/简装,91.18平米
70年,0,余杭临平,24391元/平米,莱茵知己,2015年建/板塔结合,330,3室2厅,103104115338,2019-03-13,南,低楼层/共20层,平层/毛坯,135.3平米
70年,21,余杭翡翠城,14977元/平米,金都雅苑,2005年建/板楼,100,1室1厅,103104227168,2019-03-25,西,联排/共3层,平层/简装,66.77平米
70年,12,萧山钱江世纪城,29438元/平米,恒泰御庭园,2007年建/板楼,398,4室1厅,103102850873,2018-09-06,南,低楼层/共6层,平层/简装,135.2平米
70年,0,临安临安,16500元/平米,公园城,未知年建/塔楼,198,3室2厅,103104938867,2019-06-05,南,中楼层/共17层,平层/毛坯,120平米
70年,2,余杭临平,23043元/平米,东厦东港花苑,2011年建/板楼,196,2室1厅,103104819605,2019-05-24,南,中楼层/共9层,平层/精装,85.06平米
40年,21,余杭临平,24624元/平米,华元欢乐城,2016年建/板塔结合,85,2室1厅,103103460443,2018-11-26,东,中楼层/共22层,跃层/精装,34.52平米
70年,4,余杭闲林,37875元/平米,新湖果岭,2016年建/板楼,340,4室2厅,103104219390,2019-03-24,南,中楼层/共7层,平层/毛坯,89.77平米
70年,4,上城近江,52275元/平米,望江家园东园,2010年建/板楼,470万元,2室2厅,103104414828,2019-04-13,南,中楼层/共28层,精装,89.91平米
70年,31,西湖文一西路,58109元/平米,嘉南公寓青藤居,2003年建/板楼,430,2室2厅,103102890097,2018-09-10,南,中楼层/共6层,简装,74平米
70年,3,西湖小和山,25854元/平米,泊林漫谷,2010年建/板楼,540,5室2厅,103104761914,2019-05-18,南,联排/共3层,跃层/毛坯,208.87平米
70年,33,拱墅湖墅,40850元/平米,五一新村,1997年建/板楼,298,3室1厅,103103894301,2019-02-17,南,低楼层/共7层,平层/精装,72.95平米
70年,33,余杭翡翠城,35718元/平米,西溪华东园,2014年建/板楼,880,4室2厅,103102476205,2018-06-04,南 北,低楼层/共16层,平层/精装,246.38平米
70年,0,临安临安,17046元/平米,筑境花园,未知年建/板楼,75,1室1厅,103104683660,2019-05-10,南,高楼层/共9层,简装,44平米
70年,9,滨江浦沿,36847元/平米,金盛曼城,2010年建/板楼,330,2室2厅,103103074951,2018-10-09,南,高楼层/共18层,简装,89.56平米
70年,7,上城近江,46789元/平米,望江家园东园,2005年建/塔楼,440,2室1厅,103104054586,2019-03-07,南,低楼层/共9层,平层/毛坯,94.04平米
50年,11,江干景芳,37233元/平米,向江来时代中心,2017年建/板楼,205,2室2厅,103103383419,2018-11-14,南,低楼层/共17层,跃层/精装,55.06平米
40年,11,西湖西溪,28515元/平米,复地黄龙和山,2015年建/板楼,142,1室1厅,103103565312,2018-12-13,南,高楼层/共5层,精装,49.8平米
70年,18,滨江奥体,56121元/平米,绿地旭辉城,2017年建/板楼,750,4室2厅,103104039639,2019-03-05,东,高楼层/共48层,平层/精装,133.64平米
70年,7,拱墅和睦,42620元/平米,庆隆苑,2004年建/板楼,410,3室1厅,103102606966,2018-07-13,南,中楼层/共5层,平层/简装,96.2平米
70年,0,余杭星桥,19604元/平米,黄鹤山居,2007年建/板楼,280,3室1厅,103104574978,2019-04-29,南,中楼层/共6层,平层/精装,142.83平米
70年,12,钱塘新区沿江北,25910元/平米,伊萨卡国际城浩泽园,2008年建/塔楼,285,3室1厅,103104201441,2019-03-22,南,中楼层/共33层,平层/精装,110平米
70年,0,临安临安,15844元/平米,越秀星汇城,未知年建/板楼,195,3室2厅,103104431570,2019-04-15,南,中楼层/共32层,平层/毛坯,123.08平米
70年,3,江干九堡,34637元/平米,德信金泊林公寓,2010年建/板楼,280,2室2厅,103105019746,2019-06-13,南,低楼层/共17层,平层/简装,80.84平米
70年,0,临安临安,41704元/平米,青山湖玫瑰园,未知年建/板楼,420,2室2厅,103105006339,2019-06-12,南,低楼层/共1层,精装,100.71平米
40年,81,余杭闲林,18066元/平米,杭州宏丰家居城宏丰公寓,2010年建/板楼,136,2室1厅,103101896456,2017-11-10,南,低楼层/共15层,平层/精装,75.28平米
70年,39,萧山萧山新城区,40489元/平米,中国铁建青秀城,2015年建/板楼,358,3室2厅,103103053301,2018-10-05,南 北,低楼层/共18层,平层/简装,88.42平米
70年,32,西湖小和山,21386元/平米,翰墨香林苑,2007年建/板楼,310,3室2厅,103102000939,2017-12-16,南,中楼层/共11层,平层/简装,144.96平米
70年,0,钱塘新区沿江北,29480元/平米,野风海天城,2008年建/塔楼,280,2室2厅,103103696493,2019-01-04,南,低楼层/共29层,平层/精装,94.98平米
70年,21,萧山萧山开发区,25843元/平米,得力名望府,2017年建/板楼,230,3室1厅,103104557168,2019-04-27,南,低楼层/共25层,平层/毛坯,89平米
70年,2,拱墅拱宸桥,46682元/平米,中国铁建国际汇,未知年建/板楼,640,3室2厅,103105061759,2019-06-17,南,高楼层/共24层,平层/精装,137.1平米
70年,3,钱塘新区沿江南,25676元/平米,世茂江滨花园峻景湾,2011年建/塔楼,665,5室3厅,103103088976,2018-10-11,南 北,低楼层/共33层,平层/精装,259平米
70年,6,江干九堡,33014元/平米,罗兰春天,2012年建/板楼,330,3室2厅,103102302068,2018-04-10,南 北,高楼层/共17层,毛坯,99.96平米
70年,5,上城复兴,47083元/平米,复兴东苑,1998年建/板楼,305,2室1厅,103102508035,2018-06-14,南 北,低楼层/共6层,平层/毛坯,64.78平米
70年,40,西湖文一西路,63275元/平米,星洲花园万黛兰居,2000年建/板楼,490,2室1厅,103103704414,2019-01-05,南 北,中楼层/共6层,平层/简装,77.44平米
70年,0,西湖三墩,40921元/平米,金地自在城,2012年建/板楼,320,2室2厅,103103790754,2019-01-18,南,中楼层/共26层,精装,78.2平米
70年,9,下城天水,57053元/平米,玄坛公寓,1999年建/板楼,760,4室2厅,103102618811,2018-07-16,南,低楼层/共7层,平层/精装,133.21平米
70年,2,余杭临平,29138元/平米,绿城蓝庭西区,2011年建/板塔结合,300,3室2厅,103104790123,2019-05-21,南 北,中楼层/共16层,平层/精装,102.96平米
70年,8,西湖三墩,58073元/平米,金地自在城,2012年建/板楼,1350,4室2厅,103104171065,2019-03-19,南,低楼层/共1层,精装,232.47平米
70年,16,余杭临平,29521元/平米,余之城,2017年建/板楼,263,3室2厅,103102642344,2018-07-22,南 北,高楼层/共33层,精装,89.09平米
70年,47,西湖文三西路,41101元/平米,紫金公寓,1996年建/板楼,248,2室1厅,103102412985,2018-05-14,南 北,高楼层/共7层,平层/简装,60.34平米
70年,5,余杭闲林,34410元/平米,瑞城温莎郡,2014年建/板楼,290,3室2厅,103104333560,2019-04-05,南 西,中楼层/共32层,复式/精装,84.28平米
70年,3,西湖古荡,46242元/平米,黄龙公寓,1999年建/板楼,350,2室2厅,103104094754,2019-03-11,南 北,低楼层/共6层,平层/简装,75.69平米
70年,80,西湖三墩,39907元/平米,金地自在城鹭影轩,2012年建/板楼,307,2室2厅,103102644183,2018-07-22,南,高楼层/共18层,平层/精装,76.93平米
70年,13,余杭闲林,22635元/平米,爵士风情花园,2008年建/板楼,260,3室2厅,103103454066,2018-11-25,南 北,中楼层/共6层,平层/精装,114.87平米
70年,46,西湖学军,110620元/平米,求智弄,1995年建/板楼,475,2室0厅,103101965723,2017-12-04,南 北,中楼层/共7层,平层/精装,42.94平米
70年,0,江干闸弄口,41450元/平米,万家花园家和苑,2002年建/板楼,500,3室2厅,103104920810,2019-06-03,南,中楼层/共7层,平层/简装,120.63平米
70年,6,上城湖滨,75142元/平米,平海公寓,2001年建/板楼,545,2室1厅,103104239348,2019-03-26,东 西,中楼层/共7层,平层/精装,72.53平米
70年,3,余杭临平,22542元/平米,绿城蓝庭东区,2013年建/板楼,210,2室2厅,103104533133,2019-04-25,南,低楼层/共10层,平层/精装,93.16平米
70年,15,余杭闲林,30972元/平米,绿城桃源小镇,未知年建/暂无数据,330,3室2厅,103104190097,2019-03-21,南,低楼层/共6层,平层/精装,106.55平米
70年,35,余杭星桥,22710元/平米,广厦天都城天漾,2017年建/板楼,200,2室1厅,103103988583,2019-02-28,南,低楼层/共17层,平层/简装,88.07平米
70年,13,下城石桥,27531元/平米,北景园荷风苑,2006年建/板楼,250,2室1厅,103104577633,2019-04-29,南,低楼层/共11层,平层/简装,90.81平米
70年,9,下城流水苑,41506元/平米,流水北苑,1996年建/板楼,258,2室1厅,103104186607,2019-03-20,南,低楼层/共7层,平层/简装,62.16平米
70年,24,拱墅桥西,60433元/平米,九龙仓碧玺,2015年建/板楼,780,3室1厅,103103048701,2018-10-05,南,低楼层/共31层,精装,129.07平米
70年,7,西湖翠苑,41965元/平米,翠苑五区,1997年建/板楼,335,2室1厅,103104139478,2019-03-16,南,中楼层/共7层,平层/精装,79.83平米
70年,4,江干丁桥,37559元/平米,广宇上东名筑,2012年建/板楼,480,4室2厅,103104715878,2019-05-13,南,低楼层/共16层,平层/精装,127.8平米
70年,1,钱塘新区沿江北,26460元/平米,梦琴湾,2007年建/板楼,300,3室2厅,103104105306,2019-03-12,南,低楼层/共30层,平层/精装,113.38平米
70年,6,钱塘新区工业园南,999999元/平米,东海柠檬郡,2012年建/塔楼,270,3室2厅,103104784869,2019-05-20,南,中楼层/共33层,毛坯,89.67平米
70年,3,余杭临平,18376元/平米,东方俊园,2004年建/板楼,280,3室2厅,103103747075,2019-01-12,南,中楼层/共11层,简装,152.38平米
70年,28,拱墅三墩,31571元/平米,都市水乡水曲苑,2008年建/板楼,308,3室1厅,103104251381,2019-03-27,西南,低楼层/共18层,平层/简装,97.56平米
70年,105,下城流水苑,33662元/平米,绿洲吉家,2006年建/塔楼,205,1室1厅,103101863514,2017-10-30,东南,低楼层/共24层,简装,60.9平米
40年,2,钱塘新区沿江南,18061元/平米,金隅空港公馆,2017年建/板楼,95,1室1厅,103102887051,2018-09-09,南,低楼层/共21层,平层/精装,52.6平米
70年,28,上城清波,50150元/平米,后市街,1990年建/板楼,168,1室1厅,103104423228,2019-04-14,南,高楼层/共7层,平层/简装,33.5平米
70年,0,下城众安桥,59474元/平米,永丰巷,1998年建/板楼,280,1室1厅,103104089533,2019-03-10,东 北,高楼层/共7层,简装,47.08平米
70年,37,西湖西溪,54158元/平米,融创河滨之城雨澜轩,2016年建/板楼,482,3室2厅,103104358507,2019-04-07,南,高楼层/共18层,平层/简装,89平米
70年,36,下城长庆,38835元/平米,天安假日公寓,2006年建/板楼,500,3室2厅,103101489269,2017-07-09,东南 北,低楼层/共28层,毛坯,128.75平米
70年,27,滨江滨江区政府,42334元/平米,铂金时代公寓,2009年建/板楼,505,3室2厅,103104062491,2019-03-08,南,高楼层/共30层,平层/简装,119.29平米
40年,5,钱塘新区高教园区东,25762元/平米,宝龙城市广场,2014年建/板楼,170,3室2厅,103104764357,2019-05-18,东南,中楼层/共22层,跃层/其他,65.99平米
70年,52,下城和平,72454元/平米,九龙仓君玺,2016年建/板塔结合,990,3室1厅,103102368106,2018-05-01,南,中楼层/共30层,精装,136.64平米
70年,52,西湖文三西路,60818元/平米,紫金庭园,2005年建/板楼,1450,4室2厅,103103896007,2019-02-17,南 北,低楼层/共5层,复式/精装,238.42平米
70年,44,萧山湘湖,31133元/平米,华瑞湘湖美地,2013年建/板塔结合,330,2室2厅,103102979898,2018-09-22,南 北,中楼层/共6层,平层/精装,106平米
70年,5,江干闸弄口,41300元/平米,机神公寓,2000年建/板楼,380,2室2厅,103104287217,2019-03-31,南,中楼层/共7层,平层/简装,92.01平米
70年,48,,40590元/平米,绿城玉兰公寓,2010年建/塔楼,355,2室2厅,103102884861,2018-09-09,南,高楼层/共18层,平层/精装,87.46平米
70年,7,拱墅信义坊,36635元/平米,塘河南村,1987年建/板楼,202,2室1厅,103104701188,2019-05-12,南 北,高楼层/共6层,平层/简装,55.14平米
40年,0,滨江滨江区政府,43964元/平米,中赢康康谷,2017年建/塔楼,268,2室2厅,103103609728,2018-12-20,西,高楼层/共18层,精装,60.96平米
70年,4,滨江滨江区政府,46750元/平米,风雅钱塘,2006年建/板楼,760,4室2厅,103104255319,2019-03-28,南 北,低楼层/共33层,平层/精装,162.57㎡
70年,4,余杭未来科技城,35450元/平米,奥克斯时代未来之城,2018年建/板楼,335,3室1厅,103104864113,2019-05-29,南 北,低楼层/共48层,平层/毛坯,94.5平米
50年,6,萧山萧山新城区,19020元/平米,绿都百瑞广场,未知年建/板楼,97,1室0厅,103104196232,2019-03-21,西北,高楼层/共27层,平层/精装,51平米
70年,14,江干城东新城,55531元/平米,万科中央公园,2018年建/板楼,498,3室2厅,103104741708,2019-05-16,南,高楼层/共16层,平层/其他,89.68平米
70年,6,西湖申花,51791元/平米,丽阳苑,2009年建/塔楼,460,2室2厅,103104464782,2019-04-17,南 北,高楼层/共18层,平层/精装,88.82平米
70年,7,拱墅信义坊,39816元/平米,信义坊,2002年建/板楼,380,3室1厅,103104491356,2019-04-20,南,低楼层/共25层,平层/简装,95.44平米
70年,108,西湖三墩,41226元/平米,金地自在城,2012年建/板楼,370,3室2厅,103103610539,2018-12-20,南 北,高楼层/共26层,平层/精装,89.75平米
70年,19,江干九堡,37460元/平米,郡原相江公寓,2012年建/板楼,335,2室2厅,103102292446,2018-04-07,南 北,低楼层/共25层,平层/精装,89.43平米
70年,14,余杭西溪,44720元/平米,滨江西溪之星,2016年建/板楼,398,3室2厅,103102707993,2018-08-08,南 北,中楼层/共7层,平层/毛坯,89平米
70年,1,余杭塘栖,19880元/平米,贝利栖溪公馆,未知年建/板楼,238,3室2厅,103104690274,2019-05-11,南 北,中楼层/共18层,平层/简装,119.72平米
70年,20,西湖西溪,44643元/平米,,2014年建/板楼,750,4室2厅,103102302558,2018-04-10,南 北,中楼层/共16层,精装,168平米
70年,2,余杭万达广场,37022元/平米,滨江万家名城,2016年建/塔楼,440,4室1厅,103103902289,2019-02-18,南,高楼层/共25层,精装,118.85平米
70年,1,钱塘新区高教园区西,29133元/平米,盛泰名都公寓,2011年建/板楼,230,2室2厅,103104652016,2019-05-07,南,中楼层/共32层,简装,78.95平米
70年,6,余杭临平,22985元/平米,众安理想湾,2015年建/板楼,185,2室2厅,103104523249,2019-04-24,南,低楼层/共34层,平层/精装,80.49平米
70年,3,江干钱江新城,63759元/平米,水岸帝景,2005年建/塔楼,950,3室2厅,103102647104,2018-07-24,南,中楼层/共32层,平层/精装,149平米
40年,0,余杭未来科技城,33010 元/平米,西溪八方城,2015年建/板楼,180,2室1厅,103104689259,2019-05-11,南,中楼层/共12层,跃层/精装,54.53平米
70年,19,萧山萧山开发区,24035元/平米,科尔世纪外滩,2017年建/板楼,265,3室2厅,103104610505,2019-05-03,南,低楼层/共30层,平层/简装,110.26平米
70年,0,拱墅万达广场,45260元/平米,华盛达阅城,2013年建/板楼,400,3室1厅,103104935769,2019-06-04,南,低楼层/共26层,简装,88.38平米
70年,1,上城潮鸣,42006元/平米,燕子弄,1989年建/板楼,212,2室1厅,103105079956,2019-06-19,南 东,中楼层/共7层,简装,50.47平米
70年,0,临安临安,23738元/平米,绿城桃李春风,未知年建/板塔结合,1350,5室2厅,103104403649,2019-04-12,南,独栋/共2层,毛坯,568.73平米
70年,15,上城近江,47771元/平米,鸥江公寓,1998年建/板楼,435,3室1厅,103104281863,2019-03-30,南,高楼层/共7层,平层/精装,9平米
70年,28,余杭临平,26237元/平米,理想银泰城,2016年建/板塔结合,245,3室1厅,103102602677,2018-07-12,南,高楼层/共47层,平层/简装,93.38平米
70年,14,江干丁桥,27946元/平米,玺之湾,2014年建/板楼,365,3室2厅,103102969217,2018-09-21,东南,低楼层/共17层,平层/简装,130.61平米
40年,22,拱墅申花,24424元/平米,复地壹中心,2017年建/板塔结合,90,1室0厅,103103238848,2018-10-29,南,中楼层/共23层,平层/精装,36.85平米
70年,16,拱墅半山,33416元/平米,朗诗田园绿郡,2000年建/板楼,300,2室2厅,103102591493,2018-07-08,南 北,低楼层/共11层,平层/精装,89.78平米
40年,7,萧山萧山新城区,20598元/平米,萧山宝龙城市广场,2016年建/板塔结合,175,2室2厅,103103506768,2018-12-03,南,中楼层/共23层,平层/简装,84.96平米
70年,13,西湖黄龙,62743元/平米,王家弄,1990年建/板楼,243,1室1厅,103102279525,2018-04-03,南,低楼层/共7层,平层/简装,38.73平米
70年,0,钱塘新区大学城北,29214元/平米,宋都东郡国际,2016年建/板楼,260,3室1厅,103104017805,2019-03-03,东南 南,高楼层/共33层,简装,89平米
70年,5,西湖申花,70360元/平米,耀江文鼎苑,2009年建/板楼,625,2室2厅,103104909506,2019-06-02,南,中楼层/共24层,平层/简装,88.83平米
70年,13,萧山湘湖,28478元/平米,湖畔宽邸,2007年建/板楼,600,4室2厅,103102608706,2018-07-13,南 北,中楼层/共7层,精装,210.69平米
70年,4,余杭小和山,22095元/平米,华盛星洲翠谷,2010年建/板楼,230,3室2厅,103103378693,2018-11-14,南,低楼层/共6层,平层/精装,104.1平米
70年,17,西湖申花,47002元/平米,丽阳苑,2009年建/塔楼,598,3室2厅,103104142249,2019-03-16,南 北,低楼层/共7层,平层/精装,127.23平米
70年,0,萧山萧山市区,24258元/平米,东门公寓,2003年建/板楼,340,3室2厅,103104477063,2019-04-19,南,低楼层/共6层,错层/简装,140.16平米
70年,0,钱塘新区沿江北,25420元/平米,梦琴湾,2007年建/板楼,480,4室2厅,103104983803,2019-06-09,南,高楼层/共33层,精装,188.83平米
70年,4,拱墅三墩,29633元/平米,都市水乡水滟苑,2008年建/板楼,280,2室2厅,103104488003,2019-04-20,南,高楼层/共16层,平层/简装,94.49平米
40年,9,下城三塘,19095元/平米,中粮方圆府,2014年建/塔楼,89,1室1厅,103104795691,2019-05-21,北,中楼层/共17层,平层/精装,46.61平米
70年,1,江干南肖埠,55659元/平米,青春都市公寓,2007年建/板塔结合,570,2室2厅,103104200106,2019-03-22,南 北,低楼层/共9层,平层/精装,102.41平米
70年,19,下城朝晖,42092元/平米,朝晖七区,1985年建/板楼,330,2室2厅,103102403778,2018-05-12,南,低楼层/共7层,简装,78.4平米
70年,0,临安临安,16000元/平米,恒晟左邻右里,未知年建/暂无数据,190.3,3室2厅,103104526557,2019-04-24,南,高楼层/共6层,简装,118.9平米
70年,20,江干景芳,42673元/平米,景芳三区,1996年建/板楼,205,2室1厅,103104104815,2019-03-12,南,高楼层/共7层,平层/简装,48.04平米
40年,1,余杭未来科技城,29948元/平米,西溪八方城,2015年建/板楼,120,2室2厅,103104959631,2019-06-07,东,低楼层/共12层,平层/精装,40.07平米
70年,1,萧山萧山新城区,40984元/平米,绿都湖滨花园,2008年建/板楼,750,4室2厅,103104487329,2019-04-20,东 南 北,中楼层/共32层,平层/精装,183平米
50年,0,萧山南部卧城,16957元/平米,南江商业中心,2016年建/板楼,110,1室1厅,103104503789,2019-04-21,南,高楼层/共25层,简装,64.87平米
70年,84,江干钱江新城,65746元/平米,滨江城市之星,2012年建/塔楼,1480,4室2厅,103102683021,2018-08-02,南,低楼层/共43层,平层/精装,225.11平米
70年,0,钱塘新区大学城北,27451元/平米,丰隆百翘香江,2016年建/板楼,245,3室2厅,103104651326,2019-05-07,南,中楼层/共31层,平层/简装,89.25平米
70年,3,余杭闲林,26269元/平米,爵士风情花园,2008年建/板楼,290,5室3厅,103104002343,2019-03-01,南 北,高楼层/共6层,跃层/毛坯,110.4平米
70年,13,上城清波,52174元/平米,后市街,1994年建/板楼,318,2室1厅,103103905545,2019-02-18,南,低楼层/共7层,平层/简装,60.95平米
70年,0,江干火车东站,42345元/平米,锦润公寓,2015年建/塔楼,380,3室2厅,103105041628,2019-06-15,南,低楼层/共16层,平层/简装,89.74平米
70年,37,西湖转塘,31897元/平米,中海定山府,2010年建/板楼,290,3室2厅,103104494310,2019-04-20,南,高楼层/共17层,精装,90.92平米
70年,5,余杭闲林,27481元/平米,融创金成西溪海,2014年建/板楼,360,3室2厅,103103875472,2019-02-15,南 北,中楼层/共18层,平层/精装,131平米
50年,3,余杭临平,17202元/平米,CBC时代大观,2014年建/板楼,81,1室1厅,103104471539,2019-04-18,西南,中楼层/共23层,简装,47.09平米
70年,13,余杭临平,38652元/平米,华元花涧堂,2015年建/暂无数据,540,4室3厅,103103721441,2019-01-08,南,联排/共3层,毛坯,139.71平米
70年,4,余杭临平,32839元/平米,君临天下,2010年建/板楼,630,4室2厅,103104047500,2019-03-06,南 北,中楼层/共21层,平层/精装,191.85平米
40年,6,钱塘新区高教园区西,15228元/平米,华元十六街区,2004年建/板楼,67,1室1厅,103103992653,2019-02-28,南,高楼层/共16层,平层/精装,44平米
70年,4,余杭良渚,26491元/平米,望城,2013年建/板楼,235,3室2厅,103103821580,2019-01-24,南,中楼层/共9层,平层/简装,88.71平米
70年,5,余杭临平,18909元/平米,伊世纪城市花园,未知年建/板楼,255,3室2厅,103103002597,2018-09-26,南,低楼层/共6层,平层/精装,134.86平米
70年,6,余杭崇贤,23547元/平米,佳源名城,2016年建/塔楼,200,3室2厅,103104902591,2019-06-01,南 北,低楼层/共31层,平层/精装,84.94平米
70年,55,江干火车东站,45362元/平米,天城府,2017年建/板楼,399,3室2厅,103103029223,2018-09-30,南 北,中楼层/共16层,平层/精装,87.96平米
40年,0,余杭临平,24510元/平米,理想银泰城,2016年建/板楼,125,1室1厅,103103897751,2019-02-17,南,高楼层/共28层,平层/精装,51平米
70年,0,下城武林,57319元/平米,孝丰路小区,1986年建/板楼,280,1室1厅,103104566226,2019-04-28,南,中楼层/共5层,平层/精装,48.85平米
70年,3,余杭闲林,19415元/平米,众安学君里,2018年建/板楼,230,3室2厅,103104223927,2019-03-24,南,高楼层/共24层,平层/毛坯,118.47平米
70年,3,钱塘新区沿江南,35923元/平米,金隅观澜时代朗轩,2013年建/板楼,370,3室1厅,103104715839,2019-05-13,南,高楼层/共33层,跃层/精装,103平米
70年,66,余杭未来科技城,25439元/平米,湖山帝景湾南苑,2015年建/板楼,145,2室2厅,103102703615,2018-08-07,南,低楼层/共23层,平层/毛坯,57平米
40年,3,钱塘新区高教园区东,25385元/平米,宝龙城市广场,2014年建/板楼,165,3室2厅,103105049918,2019-06-16,南,中楼层/共22层,跃层/精装,65平米
70年,20,江干笕桥,41760元/平米,金色黎明一期,2013年建/板楼,375万元,3室2厅,103104113978,2019-03-13,南,高楼层/共16层,平层/精装,89.8平米
70年,11,江干采荷,75448元/平米,滨江凯旋门,2014年建/板楼,645,2室2厅,103103066171,2018-10-08,南,中楼层/共5层,平层/毛坯,85.49平米
70年,9,江干钱江新城,64765元/平米,金基晓庐,2009年建/板楼,890,3室2厅,103104409079,2019-04-13,南 北,中楼层/共30层,精装,137.42平米
70年,0,余杭良渚,20056元/平米,良渚花苑新村,未知年建/板楼,320,4室2厅,103104280561,2019-03-30,南,中楼层/共6层,平层/简装,159.56平米
70年,7,西湖翠苑,39206元/平米,天苑花园,1998年建/塔楼,290,2室2厅,103104457402,2019-04-17,南,低楼层/共18层,平层/简装,73.97平米
40年,33,余杭塘栖,23438元/平米,美致生活广场,未知/板楼,75,3室1厅,103103964447,2019-02-25,东,低楼层/共19层,跃层/简装,32平米
70年,0,余杭闲林,29420元/平米,景雅苑,2008年建/板楼,230,2室2厅,103104317693,2019-04-03,南,中楼层/共6层,平层/精装,78.18平米
70年,91,余杭三墩,35398元/平米,亲亲家园一期,2006年建/板楼,275,2室1厅,103104194640,2019-03-21,南 北,低楼层/共6层,平层/简装,77.69平米
70年,3,余杭临平,16315元/平米,东晖龙悦湾,2017年建/板楼,200,4室1厅,103103621432,2018-12-22,南,低楼层/共26层,平层/简装,122.59平米
70年,77,西湖文三西路,40561元/平米,美都新村,1998年建/板楼,275,2室2厅,103102321518,2018-04-16,南,高楼层/共7层,平层/简装,67.8平米
70年,12,江干景芳,53680元/平米,中企艮山府,2015年建/板楼,480,2室2厅,103102552423,2018-06-28,南 西 北,中楼层/共23层,精装,89.42平米
70年,1,西湖文三西路,43746元/平米,康乐新村,1996年建/板楼,285,2室1厅,103104502637,2019-04-21,南 北,中楼层/共7层,平层/简装,65.15平米
70年,2,上城复兴,48630元/平米,白塔人家,2012年建/板楼,330,2室2厅,103104940132,2019-06-05,南,中楼层/共5层,平层/精装,67.86平米
70年,125,余杭万达广场,34648元/平米,万科北宸之光,2016年建/塔楼,305,3室2厅,103102667333,2018-07-29,南,中楼层/共28层,平层/简装,88.03平米
70年,5,余杭临平,22345元/平米,金都夏宫,2016年建/板楼,300,3室1厅,103102548508,2018-06-27,南,高楼层/共32层,平层/毛坯,134.26平米
70年,23,江干丁桥,30616元/平米,农港苑,2010年建/板楼,190,2室1厅,103103072758,2018-10-09,南 北,高楼层/共15层,精装,62.06平米
50年,11,余杭良渚,20376元/平米,良渚文化村春漫里,2012年建/板塔结合,140,1室1厅,103104393261,2019-04-11,南,中楼层/共5层,平层/精装,68.71平米
40年,1,余杭临平,22936元/平米,碧云阁,2002年建/板楼,115,2室1厅,103104780195,2019-05-20,南,中楼层/共11层,平层/简装,50.14平米
70年,10,萧山萧山市区,31217元/平米,育才东苑,1995年建/板楼,175,2室1厅,103102894325,2018-09-11,南,高楼层/共6层,平层/简装,56.06平米
70年,33,西湖西溪,49733元/平米,坤和和家园,2014年建/板楼,1420,6室3厅,103102930249,2018-09-17,南 北,高楼层/共16层,复式/精装,285.53平米
70年,0,临安临安,18086元/平米,大园新城南区,未知年建/板楼,85,1室1厅,103103519092,2018-12-05,西,中楼层/共24层,平层/毛坯,47平米
70年,3,临安临安,17112元/平米,越秀星汇城,未知年建/板楼,154,3室2厅,103104747535,2019-05-16,南,中楼层/共33层,平层/毛坯,90平米
70年,96,余杭乔司,25447元/平米,复地连城国际,2011年建/板楼,225,3室2厅,103104487280,2019-04-20,南 北,中楼层/共13层,平层/简装,88.42平米
70年,11,滨江彩虹城,42883元/平米,彩虹城,2007年建/板楼,835,4室2厅,103104212186,2019-03-23,南,低楼层/共18层,精装,194.72平米
70年,6,西湖文一西路,56361元/平米,高教新村,2000年建/板楼,420,2室2厅,103104352170,2019-04-07,南,低楼层/共7层,平层/简装,74.52平米
70年,3,西湖文三西路,50607元/平米,丹桂公寓,1997年建/板楼,630,4室2厅,103103791113,2019-01-18,南,中楼层/共5层,平层/简装,124.49㎡
70年,10,上城南星,59311元/平米,滨江金色家园,2007年建/板楼,860,3室2厅,103104419202,2019-04-14,南,低楼层/共22层,平层/精装,145平米
70年,1,西湖文三西路,42156元/平米,美都新村,1998年建/板楼,320,3室1厅,103103974076,2019-02-26,南,低楼层/共6层,简装,75.91平米
70年,4,滨江滨江区政府,43881元/平米,风雅钱塘,2006年建/板楼,740,3室2厅,103104451680,2019-04-16,南,中楼层/共27层,简装,168.64平米
70年,63,余杭星桥,23970元/平米,广厦天都城蓝调公寓,2015年建/板楼,186,2室2厅,103104169484,2019-03-19,南,低楼层/共14层,平层/精装,77.6平米
70年,3,萧山闻堰,23505元/平米,三江花园(萧山),2000年建/板楼,550,5室2厅,103102615689,2018-07-15,南,低楼层/共2层,毛坯,234平米
70年,0,余杭星桥,22500元/平米,星运丽园兰逸,2013年建/板楼,540,5室3厅,103104661559,2019-05-08,南,中楼层/共5层,跃层/毛坯,240平米
70年,3,萧山萧山市区,29955元/平米,名仁家园,2004年建/板楼,500,4室2厅,103104363112,2019-04-08,南,低楼层/共6层,平层/毛坯,166.92平米
70年,43,滨江彩虹城,31960元/平米,碧水豪园,2005年建/板塔结合,650,5室2厅,103103860255,2019-02-13,南,高楼层/共6层,跃层/毛坯,203.38平米
50年,68,上城南星,25961元/平米,凤凰城广场,2008年建/板楼,100,1室1厅,103102606639,2018-07-13,北,高楼层/共30层,简装,38.52平米
70年,24,萧山闻堰,30978元/平米,湘湖人家,2007年建/板楼,270,2室2厅,103103530347,2018-12-07,南,中楼层/共17层,平层/精装,87.16平米
40年,0,余杭临平,14470元/平米,海联云客里,2017年建/板楼,90,2室2厅,103104806960,2019-05-23,南,中楼层/共12层,跃层/毛坯,62.2平米
70年,22,钱塘新区沿江南,24428元/平米,保利东湾,2010年建/板楼,320,3室2厅,103102404528,2018-05-12,东南,高楼层/共34层,毛坯,131平米
70年,9,萧山萧山新城区,45051元/平米,德圣博奥城,2013年建/板楼,345,2室2厅,103104179873,2019-03-20,南,高楼层/共30层,平层/简装,76.58平米
70年,82,拱墅和睦,33224元/平米,和睦新村,1989年建/板楼,202,3室1厅,103102982818,2018-09-23,南,高楼层/共6层,平层/简装,60.8平米
70年,2,余杭崇贤,24265元/平米,旭辉运河悦章,2019年建/板楼,259,4室2厅,103104752752,2019-05-17,南,中楼层/共8层,平层/毛坯,106.74平米
70年,46,拱墅申花,58402元/平米,东方福邸,2014年建/板楼,1050,4室2厅,103102042248,2018-01-02,南 北,低楼层/共24层,平层/精装,179.79平米
70年,8,余杭临平,25903元/平米,绿城蓝庭西区,2013年建/板塔结合,330,3室2厅,103103364832,2018-11-12,南 北,低楼层/共17层,平层/毛坯,127.4平米
70年,31,江干丁桥,25233元/平米,农港苑,2010年建/塔楼,209,3室1厅,103104294020,2019-04-01,南,中楼层/共13层,平层/简装,82.83平米
70年,2,拱墅万达广场,42914元/平米,华盛达阅城,2013年建/板楼,545,4室2厅,103103070191,2018-10-08,南,低楼层/共26层,简装,127平米
70年,8,西湖文教,69461元/平米,学院路176-178号大院,1997年建/板楼,615,3室1厅,103103440859,2018-11-23,南 北,中楼层/共7层,平层/精装,88.54平米
70年,0,,44658元/平米,联合畔上居,2016年建/板楼,400,3室2厅,103104718804,2019-05-14,南,中楼层/共11层,平层/精装,89.57平米
70年,38,萧山湘湖,32509元/平米,湘湖家园,2004年建/板楼,260,2室2厅,103103456797,2018-11-25,南,低楼层/共6层,平层/精装,79.98平米
70年,29,滨江长河,50000 元/平米,同人春江时代花园,2008年建/板楼,770,3室2厅,103104159286,2019-03-18,南 北,高楼层/共33层,平层/毛坯,154平米
70年,1,江干钱江新城,62232元/平米,盛世钱塘,2007年建/板楼,940,3室2厅,103102993074,2018-09-25,南,高楼层/共32层,其他,151.05平米
50年,110,滨江彩虹城,19839元/平米,龙禧硅谷酒店广场,2005年建/塔楼,103,1室1厅,103102825383,2018-09-02,南,中楼层/共25层,平层/精装,51.92平米
40年,22,萧山奥体,25177元/平米,众安嘉润公馆,未知年建/板楼,700,5室2厅,103102633566,2018-07-20,西南,低楼层/共38层,毛坯,278.04平米
70年,10,萧山萧山新城区,39394元/平米,君悦丽景,2008年建/板楼,130,1室1厅,103103521842,2018-12-05,南,高楼层/共24层,平层/简装,33平米
50年,5,萧山钱江世纪城,23787元/平米,港汇中心,2016年建/板楼,245,2室2厅,103103113186,2018-10-15,北,低楼层/共33层,毛坯,103平米
70年,0,江干丁桥,29270元/平米,金地格林格林,2015年建/塔楼,340,4室2厅,103104834203,2019-05-25,南,高楼层/共17层,平层/精装,116.16平米
70年,23,江干闸弄口,39688元/平米,天运花园,2006年建/板楼,183,1室1厅,103102014066,2017-12-21,南,高楼层/共25层,平层/简装,46.11平米
70年,49,下城流水苑,18430元/平米,绿洲花园,2006年建/板塔结合,183,1室0厅,103102702227,2018-08-06,南 西,低楼层/共12层,简装,99.3平米
70年,3,余杭临平,29157元/平米,理想银泰城,2016年建/板塔结合,242,2室1厅,103104109661,2019-03-13,南,高楼层/共47层,平层/精装,83平米
40年,4,上城近江,30916元/平米,景江城市花园,2007年建/板楼,130,1室1厅,103104747273,2019-05-16,南,中楼层/共28层,平层/简装,42.05平米
70年,1,钱塘新区高教园区西,26303元/平米,清雅苑,2006年建/板楼,505,5室2厅,103103821804,2019-01-24,南,高楼层/共6层,简装,192平米
70年,26,西湖文三,68832元/平米,文三新村,1988年建/板楼,390,2室1厅,103104046770,2019-03-06,南,中楼层/共6层,平层/简装,56.66平米
70年,4,余杭闲林,20607元/平米,新时代城市家园,2015年建/板塔结合,290,3室2厅,103102125666,2018-02-08,南 北,中楼层/共25层,平层/精装,140.73平米
70年,53,钱塘新区沿江北,25600元/平米,梦琴湾,2007年建/板楼,320,3室2厅,103102798699,2018-08-29,南,中楼层/共33层,平层/精装,125平米
70年,5,下城潮鸣,42195元/平米,红枫苑,2000年建/板楼,200,1室1厅,103104092319,2019-03-11,南,低楼层/共7层,平层/简装,47.4平米
70年,27,拱墅桥西,43060元/平米,名城燕园,2010年建/板楼,380,3室2厅,103104635251,2019-05-05,南,低楼层/共11层,平层/精装,88.25平米
70年,42,西湖文三西路,50149元/平米,南都德迦西区,1999年建/板楼,405,2室2厅,103103371590,2018-11-13,南,低楼层/共5层,平层/简装,80.76平米
70年,11,拱墅拱宸桥,36053元/平米,荣华里,1985年建/板楼,240,3室1厅,103102796033,2018-08-28,南 北,中楼层/共5层,平层/简装,66.57平米
70年,7,钱塘新区沿江南,26176元/平米,世茂江滨花园峻景湾,2011年建/塔楼,230,2室2厅,103104326389,2019-04-04,南,低楼层/共33层,平层/简装,87.87平米
70年,6,下城建国北路,45599元/平米,中江花园,2005年建/板楼,230,2室1厅,103104867309,2019-05-29,西 北,高楼层/共18层,平层/精装,50.44平米
70年,4,西湖转塘,32641元/平米,朗郡庭园,2011年建/板楼,600,4室1厅,103103893654,2019-02-17,南,高楼层/共27层,平层/简装,183.82平米
70年,0,余杭未来科技城,33675元/平米,金都西花庭,2013年建/板楼,560,5室2厅,103103402570,2018-11-17,南 北,中楼层/共5层,毛坯,166.3平米
40年,49,钱塘新区高教园区西,18611元/平米,盛泰时代山,2013年建/板塔结合,105,2室1厅,103102903121,2018-09-12,南,高楼层/共24层,平层/精装,56.42平米
50年,38,萧山钱江世纪城,24619元/平米,百富联合国际奥体之星,2016年建/塔楼,155,2室1厅,103102849960,2018-09-06,南,高楼层/共18层,精装,62.96平米
70年,7,西湖文一西路,49093元/平米,雅仕苑,2004年建/板楼,530,2室2厅,103104698061,2019-05-11,南,低楼层/共19层,平层/精装,107.96平米
70年,6,上城复兴,29192元/平米,六和源,2006年建/板楼,730,5室2厅,103104671291,2019-05-09,南,中楼层/共5层,平层/毛坯,250.07平米
40年,0,余杭临平,16448元/平米,华元欢乐城,2016年建/板楼,70,2室2厅,103104650617,2019-05-07,北,中楼层/共38层,平层/精装,42.56平米
70年,22,滨江浦沿,29947元/平米,时代长岛之春,2005年建/板楼,535,5室2厅,103104431294,2019-04-15,南 北,高楼层/共6层,精装,178.65平米
70年,10,余杭临平,19649元/平米,东海水漾人家,2004年建/板楼,200,3室2厅,103103720816,2019-01-08,南,高楼层/共6层,平层/简装,101.79平米
70年,20,西湖翠苑,48208元/平米,翠苑一区,1986年建/板楼,160,1室1厅,103104872187,2019-05-29,南,高楼层/共7层,平层/简装,33.19平米
70年,1,余杭闲林,25130元/平米,金岸提香,2011年建/板楼,170,3室2厅,103104918865,2019-06-03,南,低楼层/共16层,平层/精装,67.65平米
70年,0,临安临安,15812元/平米,中赢时代风景,未知年建/板楼,185,3室2厅,103104355474,2019-04-07,南,中楼层/共29层,平层/毛坯,117平米
70年,6,萧山闻堰,22957元/平米,龙山化工总厂厂区,1990年建/板楼,155,2室2厅,103103475831,2018-11-28,南,中楼层/共6层,平层/简装,67.52平米
70年,2,下城三塘,31364元/平米,漾河人家,2000年建/板楼,320,2室2厅,103104763065,2019-05-18,南,低楼层/共18层,平层/简装,102.03平米
70年,6,余杭闲林,26137元/平米,竹海水韵,2011年建/板楼,230,3室1厅,103103485198,2018-11-30,南,高楼层/共16层,平层/精装,88平米
70年,0,拱墅湖墅,44864元/平米,维元弄,2012年建/板楼,300,2室1厅,103104934447,2019-06-04,南,中楼层/共18层,平层/简装,66.87平米
70年,27,下城朝晖,35874元/平米,朝晖四区,1989年建/板楼,265,2室1厅,103103983207,2019-02-27,东,高楼层/共9层,平层/简装,73.87平米
70年,47,余杭星桥,22552元/平米,广厦天都城蓝调公寓,2015年建/板楼,175,1室1厅,103104191623,2019-03-21,南,高楼层/共14层,平层/简装,77.6平米
70年,1,萧山湘湖,31233元/平米,同和公寓,2000年建/板楼,280,3室2厅,103104729180,2019-05-15,南 北,高楼层/共6层,平层/精装,89.65平米
50年,3,萧山萧山新城区,22040元/平米,绿都百瑞广场,2004年建/板楼,370,3室2厅,103104655365,2019-05-07,南,中楼层/共18层,平层/精装,167.88平米
50年,22,上城南星,40927元/平米,凤凰城广场,2008年建/板楼,159,2室2厅,103104260343,2019-03-28,南,高楼层/共30层,跃层/简装,38.85平米
70年,14,余杭闲林,24708元/平米,新时代城市家园,2015年建/板塔结合,228,2室2厅,103102889921,2018-09-10,南 北,中楼层/共26层,平层/精装,92.28平米
40年,6,拱墅拱宸桥,32100元/平米,中国铁建国际汇,2014年建/塔楼,150,1室1厅,103104233879,2019-03-25,南,中楼层/共19层,跃层/精装,46.73平米
70年,34,拱墅桥西,48185元/平米,天阳上河,2010年建/板楼,430,4室2厅,103104747751,2019-05-16,南,中楼层/共17层,平层/精装,89.24平米
70年,1,余杭良渚,22811元/平米,东田玉城,2008年建/板楼,318,4室2厅,103102323944,2018-04-17,南,低楼层/共11层,平层/精装,139.41平米
70年,12,余杭星桥,22560元/平米,星桥桂花城,2010年建/板楼,192,3室2厅,103104751337,2019-05-17,东,低楼层/共9层,平层/精装,85.11平米
70年,15,余杭乔司,26155元/平米,复地连城国际,2014年建/板楼,230,3室1厅,103104566202,2019-04-28,南,低楼层/共11层,平层/精装,87.94平米
70年,6,江干采荷,53952元/平米,采荷小区翠柳邨,1991年建/板楼,370,3室1厅,103102451274,2018-05-27,南,高楼层/共6层,简装,68.58平米
70年,0,江干景芳,38234元/平米,景芳六区,2002年建/板楼,515,4室1厅,103104484272,2019-04-19,南,高楼层/共6层,简装,134.7平米
70年,4,下城三里亭,37101元/平米,水岸雅苑,2006年建/塔楼,475,3室2厅,103102594977,2018-07-09,南,中楼层/共15层,平层/精装,128.03平米
50年,1,江干南肖埠,23235元/平米,新城市广场,2000年建/塔楼,125,1室0厅,103104795810,2019-05-21,南,中楼层/共30层,平层/简装,53.8平米
70年,20,拱墅信义坊,34422元/平米,董家弄,2000年建/板楼,175,2室1厅,103103976910,2019-02-26,南 北,中楼层/共6层,平层/简装,50.84平米
70年,4,临安临安,17991元/平米,青山鹤岭,2014年建/板楼,188,3室2厅,103104221280,2019-03-24,南 北,低楼层/共11层,平层/精装,104.5平米
70年,30,滨江彩虹城,76263元/平米,之江花园,2003年建/暂无数据,1900,4室6厅,103102154741,2018-02-27,南,独栋/共1层,精装,249.14平米
70年,4,江干景芳,59585元/平米,,2011年建/塔楼,700,3室2厅,103104492001,2019-04-20,南,中楼层/共17层,平层/精装,117.48平米
70年,9,西湖文三西路,41809元/平米,紫金公寓,1996年建/板楼,270,2室2厅,103103231894,2018-10-28,南,高楼层/共7层,平层/简装,64.58平米
70年,4,钱塘新区工业园南,34983元/平米,东海柠檬郡,2012年建/塔楼,430,3室2厅,103102728481,2018-08-12,南,中楼层/共32层,平层/简装,122.92平米
70年,51,拱墅申花,47048元/平米,昆仑橡树园,2010年建/板楼,400,3室1厅,103102573323,2018-07-04,南,高楼层/共17层,平层/简装,85.02平米
70年,41,余杭闲林,22419元/平米,盛世嘉园,2006年建/板楼,450,4室2厅,103102053552,2018-01-06,南,高楼层/共11层,精装,200.73平米
70年,5,西湖文教,59859元/平米,金都城市芯宇,2010年建/板楼,1800,4室2厅,103100857733,2016-12-23,南,高楼层/共29层,毛坯,300.71平米
70年,17,西湖黄龙,60179元/平米,金祝新村,1982年建/板楼,350,2室1厅,103103079523,2018-10-10,南,中楼层/共6层,平层/简装,58.16平米
70年,4,拱墅万达广场,38907元/平米,方正荷塘月色,2016年建/板楼,350,3室2厅,103104813524,2019-05-23,南,高楼层/共25层,精装,89.96平米
70年,3,钱塘新区沿江北,24800元/平米,梦琴湾,2007年建/板楼,310,3室2厅,103104602066,2019-05-02,南,高楼层/共33层,平层/简装,125平米
40年,6,余杭临平,16336元/平米,华元欢乐城,2016年建/板楼,120,2室1厅,103103538179,2018-12-08,东南,高楼层/共37层,平层/简装,73.46平米
70年,13,下城天水,46669元/平米,三华园,1998年建/板楼,680,3室1厅,103102431360,2018-05-20,南,中楼层/共16层,平层/简装,145.71平米
70年,1,下城朝晖,45455元/平米,庆晖公寓,2000年建/塔楼,410,3室1厅,103104747185,2019-05-16,南 北,高楼层/共18层,平层/简装,90.2㎡
70年,5,西湖文教,64270元/平米,莫干山路,1985年建/板楼,320,2室1厅,103102850662,2018-09-06,南 北,高楼层/共5层,平层/简装,49.79平米
70年,3,萧山萧山新城区,38672元/平米,华瑞晴庐,2015年建/板楼,495,4室2厅,103104829565,2019-05-25,南,高楼层/共33层,平层/其他,128平米
40年,3,余杭翡翠城,22261元/平米,华元西溪欢乐城,2017年建/板楼,77,1室1厅,103103880697,2019-02-15,北,中楼层/共27层,精装,34.59平米
70年,1,萧山萧山新城区,32064元/平米,银河小区,1998年建/板楼,378,3室2厅,103103974118,2019-02-26,南,中楼层/共6层,平层/简装,117.89平米
70年,1,萧山义桥,27311元/平米,蹓跶公寓,2013年建/板楼,260,3室2厅,103102926852,2018-09-16,南,高楼层/共11层,精装,95.2平米
70年,9,下城潮鸣,50536元/平米,米兰公寓,2000年建/板楼,2175,4室3厅,103102606399,2018-07-13,南,高楼层/共13层,毛坯,430.39平米
70年,7,江干采荷,50748元/平米,采荷新村,1988年建/板楼,285,2室1厅,103103178414,2018-10-21,南,中楼层/共7层,平层/精装,56.16平米
70年,2,余杭西溪,42237元/平米,百家乐西园,2011年建/板楼,380,5室2厅,103102672271,2018-07-31,南,低楼层/共6层,简装,89.97平米
70年,2,下城和平,45675元/平米,打铁关新村,1996年建/板楼,350,2室2厅,103104859226,2019-05-28,南,中楼层/共7层,平层/简装,76.63平米
70年,0,萧山湘湖,28572元/平米,同和公寓,2010年建/板楼,320,3室2厅,103104951781,2019-06-06,南,高楼层/共6层,平层/精装,112平米
70年,90,钱塘新区金沙湖,40561元/平米,德嘉金沙阳光,2011年建/板楼,350,2室2厅,103102118047,2018-02-03,东 南 北,中楼层/共28层,平层/精装,86.29平米
40年,57,余杭翡翠城,15201元/平米,华元西溪欢乐城,2017年建/板楼,85,2室1厅,103102106450,2018-01-28,东 北,中楼层/共14层,平层/毛坯,55.92平米
70年,0,临安临安,16280元/平米,筑境花园,未知年建/板楼,70,1室1厅,103104667215,2019-05-08,南,中楼层/共9层,毛坯,43平米
70年,13,滨江长河,39290元/平米,南岸晶都花园,2007年建/板楼,230,1室1厅,103104861947,2019-05-28,南,中楼层/共26层,精装,58.54平米
70年,1,下城建国北路,37079元/平米,天园阁,1998年建/板楼,430,3室2厅,103104658430,2019-05-08,西,低楼层/共20层,平层/精装,115.97平米
70年,35,滨江西兴,42586元/平米,温兴风情苑,2007年建/板楼,390,3室2厅,103104343019,2019-04-06,南,低楼层/共6层,跃层/精装,91.58平米
70年,7,江干闸弄口,42095元/平米,濮家新村,未知年建/板楼,250万元,2室1厅,103102747755,2018-08-17,南,中楼层/共4层,简装,59.39平米
40年,1,江干钱江新城,27882元/平米,钱塘航空大厦,2012年建/塔楼,300,2室1厅,103102526735,2018-06-21,南 北,高楼层/共37层,平层/精装,107.6平米
70年,3,余杭闲林,25898元/平米,庭院深深,2012年建/板楼,225,3室1厅,103104713108,2019-05-13,南,中楼层/共11层,精装,86.88平米
70年,75,江干丁桥,26862元/平米,后珠辰秀嘉园,2010年建/板楼,245,3室2厅,103101849562,2017-10-25,南 北,高楼层/共18层,平层/精装,91.21平米
70年,0,临安临安,15417元/平米,青山鹤岭,未知年建/板楼,185,3室1厅,103103485741,2018-11-30,南,高楼层/共6层,简装,120平米
70年,4,拱墅桥西,50960元/平米,凯德龙湾,2014年建/板楼,1200,3室1厅,103104522708,2019-04-23,南,低楼层/共14层,平层/精装,235.48平米
70年,12,西湖西溪,43092元/平米,坤和和家园,2014年建/板楼,800,4室2厅,103104409768,2019-04-13,南 北,中楼层/共16层,平层/精装,185.65平米
70年,3,余杭三墩,30085元/平米,亲亲家园一期,2007年建/板塔结合,530,4室2厅,103104642118,2019-05-06,南,高楼层/共9层,跃层/精装,176.17平米
70年,0,临安临安,15892元/平米,青山鹤岭,2013年建/板楼,165,3室2厅,103103804132,2019-01-21,南,低楼层/共11层,毛坯,103.83平米
70年,31,余杭崇贤,33526元/平米,龙湖香醍溪岸,2013年建/板楼,780,4室2厅,103102058575,2018-01-08,南,联排/共3层,复式/毛坯,232.66平米
70年,35,余杭临平,16421元/平米,五洋东湖春天,2009年建/板楼,260,3室2厅,103102067345,2018-01-11,南,高楼层/共25层,跃层/精装,158.34平米
70年,52,西湖三墩,33074元/平米,三墩颐景园,2004年建/板楼,250,2室2厅,103104427443,2019-04-14,南,高楼层/共9层,复式/精装,75.59平米
70年,0,临安临安,13984元/平米,颐和山庄,未知年建/板楼,165,3室2厅,103104554499,2019-04-27,南,中楼层/共11层,毛坯,118平米
70年,8,余杭勾庄,33708元/平米,滨江旭辉万家之星,2018年建/板楼,300,3室2厅,103104190541,2019-03-21,南,高楼层/共27层,平层/毛坯,89平米
70年,15,下城三塘,33705 元/平米,东新园茗盛苑,2004年建/板楼,430,3室2厅,103102486211,2018-06-07,南 北,中楼层/共16层,平层/简装,127.58平米
70年,39,余杭星桥,25895元/平米,广厦天都城天河苑,2007年建/板楼,68,1室0厅,103102768805,2018-08-22,南,中楼层/共5层,平层/精装,26.26平米
70年,43,西湖嘉绿,40645元/平米,莲花港家园,2000年建/板楼,520,3室2厅,103101701165,2017-09-08,南,中楼层/共6层,简装,127.94平米
70年,7,西湖文三西路,43423元/平米,秋水苑,2003年建/板楼,640,4室2厅,103104092497,2019-03-11,南 北,高楼层/共6层,平层/简装,147.39平米
70年,2,余杭未来科技城,30173元/平米,金都西花庭,2013年建/板楼,450,4室2厅,103104239449,2019-03-26,南 北,低楼层/共6层,毛坯,149.14平米
70年,13,萧山南部卧城,18667元/平米,南城景园,2012年建/板楼,280,4室2厅,103102284152,2018-04-05,南,高楼层/共6层,跃层/毛坯,150平米
70年,13,滨江浦沿,42080元/平米,东和云第,2014年建/板楼,365,3室2厅,103102680523,2018-08-01,南,低楼层/共32层,精装,86.74平米
70年,26,余杭乔司,26892元/平米,保亿风景晨园,2016年建/板楼,236,3室2厅,103104029729,2019-03-04,南,中楼层/共25层,平层/精装,87.76平米
70年,88,上城复兴,43744元/平米,美政花苑,1998年建/板楼,179,1室1厅,103102932308,2018-09-17,南,高楼层/共7层,平层/简装,40.92平米
70年,3,余杭星桥,24741元/平米,瑞金华庭嘉苑,2012年建/板楼,365,3室2厅,103103237928,2018-10-29,东 南,低楼层/共9层,平层/精装,147.53平米
50年,9,拱墅德胜,20342元/平米,新青年广场,2005年建/板楼,69,1室0厅,103104394916,2019-04-11,北,中楼层/共22层,平层/简装,33.92平米
70年,0,余杭崇贤,25281元/平米,恒基旭辉府,2015年建/板楼,225,3室2厅,103104944457,2019-06-05,南,低楼层/共29层,精装,89平米
70年,0,余杭良渚,25445元/平米,东田玉城,2008年建/板楼,355,4室2厅,103104702216,2019-05-12,南,中楼层/共11层,平层/精装,139.52平米
70年,6,余杭临平,16737元/平米,众安理想湾,2015年建/塔楼,232,3室2厅,103104104919,2019-03-12,南,高楼层/共28层,平层/简装,138.62平米
40年,1,,28423元/平米,复地壹中心,2017年建/板塔结合,125,1室1厅,103104375910,2019-04-09,南,中楼层/共23层,平层/简装,43.98平米
70年,24,拱墅德胜,38702元/平米,德胜新村,1988年建/板楼,186,2室1厅,103104654503,2019-05-07,南 北,高楼层/共6层,平层/精装,48.06平米
70年,1,上城复兴,41127元/平米,复兴南苑,2000年建/板楼,840,3室2厅,103104923818,2019-06-03,南,高楼层/共7层,跃层/简装,204.25平米
70年,0,余杭临平,17428元/平米,运河玲珑香榭,2015年建/板楼,200,3室2厅,103104014376,2019-03-03,南 北,中楼层/共26层,精装,114.76平米
70年,0,临安临安,16297元/平米,大园新城南区,未知年建/板楼,220,3室2厅,103103917529,2019-02-20,南,中楼层/共26层,平层/毛坯,135平米
40年,56,江干火车东站,17684元/平米,红街天城公寓,2012年建/板楼,93,1室1厅,103102281455,2018-04-04,东北,低楼层/共18层,平层/精装,52.59平米
40年,0,西湖申花,24325元/平米,爱尚里,2015年建/板楼,90,1室1厅,103104787176,2019-05-21,北,中楼层/共13层,平层/简装,37平米
40年,1,余杭未来科技城,30000元/平米,万通时尚公馆,2018年建/板楼,135,2室1厅,103104323758,2019-04-04,南,中楼层/共23层,精装,45平米
70年,17,西湖翠苑,40964元/平米,翠苑五区,2000年建/板楼,255,2室2厅,103102571684,2018-07-03,南,中楼层/共7层,平层/简装,9平米
70年,8,西湖翠苑,42108元/平米,翠苑三区,1989年建/板楼,215,2室1厅,103104907276,2019-06-02,南,高楼层/共7层,平层/精装,51.06平米
70年,18,余杭良渚,28383元/平米,良渚文化村白鹭郡东,2008年建/板楼,360,3室2厅,103102196559,2018-03-10,南,低楼层/共5层,平层/精装,126.84平米
70年,91,西湖九莲,38604元/平米,九莲新村,1987年建/板楼,325,3室1厅,103101316224,2017-05-17,南 北,高楼层/共6层,平层/简装,84.19平米
70年,0,临安临安,16347元/平米,青山鹤岭,未知年建/板楼,170,3室2厅,103103519058,2018-12-05,南,中楼层/共11层,平层/毛坯,104平米
40年,3,钱塘新区沿江南,16288元/平米,世茂江滨商业中心,2011年建/板楼,86,1室1厅,103104859722,2019-05-28,南,低楼层/共28层,精装,52.8平米
40年,14,滨江滨江区政府,37689元/平米,融创杭州印,2017年建/板楼,150,1室1厅,103101934935,2017-11-24,东,低楼层/共39层,平层/精装,39.8平米
70年,6,西湖西溪,45846元/平米,坤和和家园,2012年建/板楼,1700,5室2厅,103104415170,2019-04-13,南,低楼层/共15层,精装,370.81平米
70年,9,滨江滨江区政府,48149元/平米,风雅钱塘,2006年建/板楼,650,3室2厅,103104846147,2019-05-27,南 北,中楼层/共32层,精装,135平米
70年,12,拱墅申花,55038元/平米,黄龙金茂悦,2017年建/板楼,490,3室2厅,103103454927,2018-11-25,南,低楼层/共27层,平层/精装,89.03平米
40年,1,钱塘新区高教园区东,16931元/平米,宝龙城市广场,2014年建/板楼,75,1室0厅,103104519407,2019-04-23,西 北,高楼层/共15层,简装,44.3平米
70年,26,余杭三墩,33013元/平米,亲亲家园三期,2006年建/塔楼,436,4室1厅,103103708844,2019-01-06,南 北,高楼层/共17层,平层/精装,132.07平米
70年,1,钱塘新区金沙湖,28890元/平米,德嘉金沙阳光,2011年建/板楼,252,2室2厅,103104136416,2019-03-15,南,高楼层/共28层,平层/简装,87.23平米
50年,21,西湖翠苑,23574元/平米,学苑春晓,2003年建/板楼,88,1室0厅,103104195124,2019-03-21,东 北,中楼层/共8层,平层/简装,37.33平米
70年,6,余杭临平,20801元/平米,东海水漾人家,2004年建/板楼,280,3室2厅,103102172135,2018-03-04,南,低楼层/共6层,平层/精装,134.61平米
70年,1,萧山钱江世纪城,52739元/平米,碧桂园珑悦,2016年建/板楼,730,4室2厅,103104486024,2019-04-20,南,高楼层/共18层,平层/精装,138.42平米
70年,1,拱墅大关,34946元/平米,大关东七苑,1995年建/板楼,232,2室2厅,103105017376,2019-06-13,东南 南,中楼层/共7层,平层/简装,66.39平米
70年,3,余杭万达广场,36922元/平米,万科北宸之光,2016年建/塔楼,320,3室1厅,103105048153,2019-06-16,南,低楼层/共18层,平层/精装,86.67平米
70年,10,西湖嘉绿,40457元/平米,物华小区,1998年建/板楼,330,2室2厅,103103902596,2019-02-18,南,低楼层/共6层,平层/毛坯,81.57平米
70年,16,余杭良渚,24958元/平米,良渚文化村七贤郡,2014年建/板塔结合,340,3室2厅,103104055305,2019-03-07,南,中楼层/共6层,平层/精装,136.23平米
70年,6,余杭星桥,22407元/平米,广厦天都城天河苑,2007年建/板楼,165,3室1厅,103104176842,2019-03-19,东,高楼层/共6层,跃层/简装,73.64平米
70年,26,拱墅申花,46630元/平米,芳满庭,2008年建/板楼,395,2室2厅,103103917115,2019-02-20,南,中楼层/共22层,平层/精装,84.71平米
70年,11,余杭星桥,21211元/平米,广厦天都城天星苑,2007年建/板楼,295,4室1厅,103104422855,2019-04-14,南,中楼层/共16层,平层/精装,139.08平米
70年,3,钱塘新区高教园区西,31901元/平米,香榭里花园,2003年建/板楼,325,2室2厅,103104189023,2019-03-21,南,高楼层/共9层,简装,101.88平米
50年,8,余杭未来科技城,31046元/平米,理想西溪金座,未知年建/板楼,190,3室1厅,103104785568,2019-05-20,南 北,高楼层/共9层,复式/精装,61.2平米
70年,17,上城南星,57663元/平米,凤凰北苑,1999年建/板楼,520,3室1厅,103103464642,2018-11-27,南 北,中楼层/共6层,平层/毛坯,90.18平米
70年,45,下城武林,53565元/平米,环西新村,1989年建/板楼,550,4室1厅,103102544731,2018-06-26,南 北,低楼层/共7层,平层/简装,102.68平米
70年,6,下城建国北路,40964元/平米,天园阁,1998年建/板楼,330,3室1厅,103104087554,2019-03-10,南 西,高楼层/共20层,平层/简装,80.56平米
70年,0,余杭良渚,30770元/平米,九衡公寓,2013年建/板楼,240,3室2厅,103103724675,2019-01-09,南,高楼层/共10层,精装,78平米
70年,3,余杭良渚,30318元/平米,良渚文化村白鹭郡东,2008年建/板楼,315,2室2厅,103103968600,2019-02-26,南 北,中楼层/共5层,精装,103.9平米
70年,22,江干景芳,59702元/平米,蔚蓝公寓,2010年建/塔楼,520,2室1厅,103102428329,2018-05-19,南,中楼层/共15层,平层/精装,87.1平米
70年,3,余杭未来科技城,46430元/平米,欧美金融城,2017年建/板楼,550,3室1厅,103104805650,2019-05-23,南,高楼层/共33层,平层/精装,118.46平米
70年,22,下城德胜东,35838元/平米,德胜东村,1995年建/板楼,197,2室1厅,103102699261,2018-08-05,南,中楼层/共6层,平层/简装,54.97平米
70年,7,萧山萧山市区,25000元/平米,新桥园,1993年建/板楼,180,3室1厅,103104481796,2019-04-19,南,高楼层/共6层,平层/简装,72平米
70年,16,下城建国北路,40000元/平米,树园,1990年建/板楼,240,2室1厅,103104135358,2019-03-15,南 北,高楼层/共6层,平层/简装,60平米
70年,0,滨江彩虹城,37206元/平米,碧水豪园,2005年建/板楼,630,4室2厅,103104139248,2019-03-16,南,中楼层/共16层,精装,169.33平米
40年,50,萧山南部卧城,14071元/平米,香山四季公馆,2015年建/板塔结合,100,3室2厅,103103053385,2018-10-05,南,高楼层/共19层,毛坯,71.07㎡
70年,22,下城流水苑,47197元/平米,绿洲花园,2004年建/板塔结合,798,4室2厅,103102070032,2018-01-12,东 南 北,低楼层/共23层,平层/简装,169.08平米
70年,1,江干采荷,54378元/平米,采荷小区青莼邨,1990年建/板楼,300,2室1厅,103104472574,2019-04-18,南,低楼层/共7层,平层/简装,55.17平米
70年,0,临安临安,17022元/平米,森林湖山庄南区,未知年建/板楼,580,5室3厅,103103508940,2018-12-03,南 北,独栋/共2层,毛坯,340.75平米
40年,5,下城三塘,19953元/平米,中粮方圆府,2014年建/塔楼,93,1室0厅,103104024455,2019-03-04,南,高楼层/共17层,平层/精装,46.61平米
70年,21,西湖西溪,46255元/平米,中海西溪华府,2013年建/板楼,539,3室2厅,103104474057,2019-04-18,南,高楼层/共11层,平层/毛坯,116.53平米
70年,4,余杭临平,25000元/平米,东海水漾人家,2004年建/板楼,320,4室2厅,103102484415,2018-06-07,南,高楼层/共6层,简装,128平米
70年,1,下城三塘,37163元/平米,东新园望景苑,2004年建/板楼,385,2室2厅,103105058148,2019-06-17,南 北,中楼层/共9层,平层/精装,103.6平米
70年,4,滨江浦沿,38251元/平米,天鸿君邑,2010年建/板楼,320,2室2厅,103104458415,2019-04-17,南,低楼层/共32层,精装,83.66平米
70年,3,滨江浦沿,49449元/平米,钱塘大观,2017年建/板楼,430,2室2厅,103104434198,2019-04-15,南,中楼层/共33层,平层/精装,86.96平米
70年,12,西湖小和山,24481元/平米,翰墨香林苑,2007年建/板楼,370,4室2厅,103104068229,2019-03-08,南 北,高楼层/共11层,平层/精装,151.14平米
40年,0,滨江滨江区政府,35290元/平米,中赢康康谷,2017年建/塔楼,190,2室1厅,103104656079,2019-05-07,西南 西,中楼层/共18层,复式/精装,53.84平米
70年,10,余杭临平,26467元/平米,钱塘梧桐蓝山,2011年建/塔楼,420,4室2厅,103102824353,2018-09-01,南,中楼层/共31层,平层/毛坯,158.69平米
70年,25,江干三里亭,34247元/平米,三里亭苑四区,未知年建/板楼,180,2室1厅,103103501648,2018-12-02,南,高楼层/共6层,平层/简装,52.56平米
70年,12,萧山萧山市区,29855元/平米,北干二苑新安寓,2000年建/板楼,270,4室2厅,103103700573,2019-01-05,南,高楼层/共6层,平层/简装,90.44平米
70年,13,余杭临平,16858元/平米,众安理想湾,2016年建/板楼,236,3室2厅,103104104817,2019-03-12,南,高楼层/共34层,平层/毛坯,140平米
70年,1,余杭闲林,29028元/平米,荆山翠谷,2006年建/板楼,360,3室2厅,103104382018,2019-04-10,南,低楼层/共17层,平层/精装,124.02平米
70年,55,余杭三墩,32414元/平米,亲亲家园一期,2007年建/板楼,290,3室1厅,103104455581,2019-04-17,南,低楼层/共6层,平层/简装,89.47平米
40年,16,余杭万达广场,28000元/平米,迪凯运河印象,2016年建/板楼,210,2室2厅,103102617873,2018-07-16,南,低楼层/共16层,跃层/简装,75平米
70年,48,萧山义桥,26814元/平米,南岸花城,2010年建/暂无数据,535,5室2厅,103102889601,2018-09-10,南 北,独栋/共1层,精装,199.53平米
70年,16,西湖申花,74359元/平米,耀江文鼎苑,2007年建/板楼,1450,5室2厅,103101724498,2017-09-14,南,高楼层/共10层,精装,195平米
70年,38,萧山萧山市区,30413元/平米,高桥小区,1988年建/板楼,228,3室1厅,103102650704,2018-07-25,南,低楼层/共6层,平层/简装,74.97平米
70年,6,余杭万达广场,999999元/平米,滨江万家名城,2016年建/板楼,610,4室2厅,103103902280,2019-02-18,西南,低楼层/共25层,平层/精装,139平米
40年,12,余杭闲林,17783元/平米,杭州宏丰家居城宏丰公寓,2010年建/板楼,115,2室1厅,103102694643,2018-08-05,北,中楼层/共15层,精装,64.67平米
70年,2,萧山钱江世纪城,22240元/平米,林之语,未知年建/塔楼,310,3室2厅,103104471291,2019-04-18,南,中楼层/共18层,毛坯,139.39平米
70年,1,江干丁桥,36291元/平米,中旅城仕公馆,2016年建/板楼,450,4室2厅,103104227732,2019-03-25,东 南 北,中楼层/共17层,平层/简装,124平米
70年,58,钱塘新区高教园区西,36430元/平米,东海未名园,2005年建/板楼,460,3室2厅,103101673195,2017-08-31,南,中楼层/共6层,平层/精装,126.27平米
70年,2,萧山临浦,14391元/平米,东藩小区,未知年建/板楼,236,4室2厅,103102847731,2018-09-06,南,中楼层/共6层,错层/精装,164平米
40年,4,江干城东新城,34764元/平米,三花国际,2018年建/板楼,175,2室1厅,103104456385,2019-04-17,北,高楼层/共11层,精装,50.34平米
70年,21,西湖黄龙,55999元/平米,胜利新村,1990年建/板楼,562,3室2厅,103102554522,2018-06-28,南 北,高楼层/共5层,平层/简装,100.36平米
40年,2,萧山钱江世纪城,21562元/平米,世纪晶钻,2015年建/板楼,100,1室1厅,103104559899,2019-04-27,南,高楼层/共26层,平层/精装,46.38平米
70年,8,余杭三墩,31783元/平米,亲亲家园一期,2007年建/板楼,410,4室2厅,103102418619,2018-05-16,南,中楼层/共6层,平层/精装,129平米
70年,11,拱墅半山,28652元/平米,金隅田员外,2016年建/板楼,255,2室1厅,103102532131,2018-06-22,南,高楼层/共20层,平层/毛坯,89平米
70年,0,余杭三墩,33118元/平米,亲亲家园三期,2006年建/板楼,420,3室2厅,103104647446,2019-05-06,南 北,中楼层/共7层,精装,126.82平米
70年,6,拱墅半山,30150元/平米,金隅田员外,2016年建/板楼,268,2室1厅,103103940922,2019-02-22,南 北,低楼层/共20层,平层/精装,88.89平米
50年,1,余杭良渚,20533元/平米,良渚文化村春漫里,2012年建/板塔结合,185,1室1厅,103103543481,2018-12-09,北,中楼层/共5层,平层/精装,90.1平米
70年,16,余杭良渚,33429元/平米,越秀星汇悦城,2016年建/板楼,280,3室2厅,103103651444,2018-12-27,南,低楼层/共27层,简装,83.76平米
40年,17,上城近江,45160元/平米,日信国际DOUBLE时代,2015年建/板塔结合,216,2室1厅,103102463115,2018-05-31,南,低楼层/共21层,Loft/精装,47.83平米
70年,87,萧山钱江世纪城,54177元/平米,滨江金色江南,2016年建/板塔结合,480,3室2厅,103101722065,2017-09-14,南 北,中楼层/共27层,简装,88.6平米
70年,29,余杭西溪,35394 元/平米,华元美林公馆,2013年建/板楼,315,2室1厅,103103632063,2018-12-23,南,中楼层/共7层,平层/精装,89平米
40年,24,余杭未来科技城,29225元/平米,西溪蓝海,2017年建/塔楼,110,2室1厅,103103842218,2019-02-01,南,中楼层/共23层,精装,37.64平米
40年,0,钱塘新区沿江南,18270元/平米,金隅空港公馆,2017年建/板楼,95,1室1厅,103104511720,2019-04-22,南,中楼层/共21层,平层/精装,52平米
70年,27,西湖嘉绿,50101元/平米,嘉绿青苑,2007年建/板楼,600,3室1厅,103102160360,2018-03-01,南 北,中楼层/共18层,平层/简装,119.76平米
70年,1,萧山义桥,30722元/平米,南岸花城,2010年建/暂无数据,670,5室2厅,103102498527,2018-06-11,南 北,独栋/共1层,毛坯,218.09平米
70年,13,余杭临平,22500元/平米,世纪嘉园晴彩巴厘,2006年建/板楼,198,2室2厅,103103936259,2019-02-22,南 北,低楼层/共6层,平层/精装,88平米
70年,16,钱塘新区沿江北,27460元/平米,伊萨卡国际城浩泽园,2008年建/板楼,240,2室2厅,103102839671,2018-09-05,南,中楼层/共34层,平层/简装,87.4平米
70年,167,下城朝晖,40978元/平米,朝晖二区,1984年建/板楼,295,3室2厅,103104480752,2019-04-19,南,中楼层/共5层,平层/精装,71.99平米
70年,68,江干华家池,52244元/平米,世茂天宸,2017年建/板楼,624,3室2厅,103103083764,2018-10-10,南 北,高楼层/共30层,平层/毛坯,119.44平米
70年,2,余杭临平,25011元/平米,临平桂花城北区,2010年建/板楼,538,4室2厅,103103386545,2018-11-15,南,高楼层/共17层,平层/毛坯,215.11平米
70年,49,下城建国北路,44810元/平米,艮园社区,1992年建/板楼,158,1室1厅,103104368147,2019-04-08,南,中楼层/共7层,平层/简装,35.26平米
70年,29,余杭西溪,46703元/平米,大华西溪风情澄品,2015年建/板楼,410,3室2厅,103103177290,2018-10-20,南 北,高楼层/共9层,平层/精装,87.79平米
70年,21,西湖文一西路,56755元/平米,桂花城,2001年建/板楼,510,2室1厅,103103893193,2019-02-17,南 北,高楼层/共6层,平层/精装,89.86平米
70年,10,西湖九莲,37585元/平米,教工路52号,2005年建/板楼,300,2室2厅,103104715525,2019-05-13,东北,中楼层/共12层,平层/毛坯,79.82平米
50年,1,下城三塘,20649元/平米,阳光银泰城,2014年建/板楼,105,1室1厅,103104589335,2019-04-30,东,低楼层/共16层,精装,50.85平米
70年,27,拱墅申花,49001元/平米,万家花城二期,2009年建/板楼,370,2室1厅,103103697886,2019-01-04,南,低楼层/共18层,平层/简装,75.51平米
70年,71,下城三塘,33314元/平米,三塘北村,1998年建/板楼,225,3室1厅,103102978060,2018-09-22,南 北,高楼层/共7层,复式/简装,67.54平米
70年,5,滨江西兴,39074元/平米,云厦连园,2010年建/板楼,540,3室2厅,103103534514,2018-12-07,南 北,中楼层/共13层,平层/简装,138.2平米
70年,1,拱墅德胜,52899元/平米,,2002年建/板楼,365,2室2厅,103104774535,2019-05-19,南,中楼层/共14层,平层/其他,69平米
40年,2,滨江滨江区政府,43137元/平米,星耀城,2014年建/板楼,280,3室2厅,103103720930,2019-01-08,东,低楼层/共20层,精装,64.91平米
70年,30,余杭闲林,29519元/平米,新时代城市家园,2015年建/板塔结合,138万元,1室1厅,103104269613,2019-03-29,南 北,高楼层/共21层,平层/毛坯,46.75平米
70年,3,拱墅申花,51686元/平米,莱德绅华府,2014年建/塔楼,460,2室2厅,103104110478,2019-03-13,南 北,低楼层/共22层,平层/精装,89平米
70年,12,拱墅大关,33611元/平米,大关西三苑,1996年建/板楼,255,3室1厅,103104001108,2019-03-01,南 西 北,高楼层/共6层,简装,75.87平米
70年,2,钱塘新区沿江北,28916元/平米,伊萨卡国际城浩泽园,2008年建/塔楼,257,2室2厅,103104488175,2019-04-20,南,中楼层/共33层,平层/简装,88.88平米
70年,54,下城三塘,30081元/平米,东新园望景苑,2004年建/塔楼,168,1室1厅,103103192076,2018-10-23,南 北,中楼层/共13层,精装,55.85平米
70年,1,江干四季青,50655元/平米,夕照新村,1997年建/板楼,360,3室1厅,103104821942,2019-05-24,南,高楼层/共6层,平层/简装,71.07平米
70年,11,西湖文教,72336元/平米,石灰桥新村,未知/板楼,450,2室1厅,103102219830,2018-03-17,南 北,低楼层/共6层,平层/简装,62.21平米
70年,7,西湖文教,73204元/平米,花园南村,1985年建/板楼,380,2室2厅,103104261717,2019-03-28,南,高楼层/共6层,简装,51.91平米
70年,0,江干丁桥,29767元/平米,新城红郡,2017年建/板楼,242,2室2厅,103104773722,2019-05-19,南 西 北,中楼层/共13层,平层/精装,81.3平米
70年,4,江干采荷,55410元/平米,宋都凯旋苑,2002年建/板楼,718,3室2厅,103104317913,2019-04-03,东 南 北,中楼层/共7层,平层/精装,129.58平米
70年,32,,62725元/平米,东润枫华,2013年建/塔楼,700,4室2厅,103102789788,2018-08-27,南 北,中楼层/共28层,简装,111.6平米
70年,1,西湖文三西路,41772元/平米,嘉绿景苑西园,2006年建/板楼,500,3室2厅,103104882518,2019-05-30,南,高楼层/共15层,平层/简装,119.7平米
70年,0,拱墅信义坊,49161元/平米,云河大厦,2002年建/塔楼,120,1室0厅,103104521905,2019-04-23,北,中楼层/共18层,平层/精装,24.41平米
70年,0,西湖文教,63847元/平米,今日嘉园,2008年建/塔楼,415,1室1厅,103102495048,2018-06-10,南,中楼层/共17层,精装,65平米
40年,10,拱墅拱宸桥,28874元/平米,远洋杭州大运河商务区,2015年建/塔楼,243,2室1厅,103104218417,2019-03-24,东北,中楼层/共18层,平层/精装,84.16平米
70年,2,江干九堡,46729元/平米,雍和府,2017年建/板楼,500,4室2厅,103104737498,2019-05-15,南,中楼层/共17层,平层/精装,107平米
70年,11,滨江彩虹城,46622元/平米,彩虹城,2007年建/板楼,650,3室2厅,103104374413,2019-04-09,南 北,高楼层/共30层,平层/精装,139.42平米
70年,13,西湖西溪,62944元/平米,西溪诚园致诚苑,2015年建/板楼,550,2室1厅,103103918191,2019-02-20,南 北,高楼层/共12层,平层/精装,87.38平米
40年,0,钱塘新区高教园区东,19720元/平米,宝龙城市广场,2014年建/板楼,128,3室1厅,103104866516,2019-05-29,东 东北,高楼层/共23层,精装,64.91平米
70年,5,余杭闲林,28229元/平米,融创金成西溪海,2014年建/板楼,360,4室2厅,103104438817,2019-04-16,东 南 北,高楼层/共18层,平层/精装,127.53平米
70年,0,临安临安,17162元/平米,青山鹤岭,未知年建/板楼,122,2室2厅,103104685350,2019-05-10,南,低楼层/共18层,简装,71.09平米
70年,3,滨江彩虹城,45816元/平米,太阳国际公寓,2007年建/板楼,768,4室2厅,103104929659,2019-06-04,南,中楼层/共31层,平层/精装,167.63平米
40年,8,西湖转塘,22711元/平米,钱江之江新天地,2016年建/板楼,62,1室0厅,103102996841,2018-09-26,南,中楼层/共7层,平层/精装,27.3平米
40年,0,西湖申花,34535元/平米,五洲国际广场,2013年建/板塔结合,115,1室1厅,103103664323,2018-12-29,西,中楼层/共15层,简装,33.3平米
70年,0,萧山萧山市区,24993元/平米,新桥园,1993年建/板楼,178,2室2厅,103104516813,2019-04-23,南 北,低楼层/共6层,简装,71.22平米
70年,4,江干九堡,39396元/平米,郡原相江公寓,2012年建/板楼,545,3室2厅,103102913738,2018-09-14,南 西 北,中楼层/共25层,平层/精装,138.34平米
50年,20,滨江彩虹城,46000元/平米,世茂之西湖,2015年建/板楼,299,2室1厅,103102592688,2018-07-09,南 西,中楼层/共18层,精装,65平米
70年,5,萧山闻堰,27595元/平米,三江花园(萧山),2007年建/板楼,360,4室2厅,103102676795,2018-08-01,南 北,低楼层/共19层,平层/精装,130.46平米
70年,1,余杭闲林,24613元/平米,绿城桃源小镇,未知年建/暂无数据,205,3室1厅,103104331489,2019-04-04,南,中楼层/共18层,平层/毛坯,83.29平米
70年,15,上城南星,79864元/平米,望江府,2015年建/塔楼,1358,4室2厅,103104412744,2019-04-13,南,低楼层/共19层,平层/精装,170.04平米
70年,7,萧山义桥,23998元/平米,南岸花城,2009年建/板楼,335,3室1厅,103102350090,2018-04-25,南,中楼层/共11层,平层/精装,139.6㎡
70年,2,钱塘新区沿江南,24164元/平米,金隅观澜时代天筑,2013年建/塔楼,480,5室1厅,103102536962,2018-06-23,南,低楼层/共32层,毛坯,198.65平米
70年,5,下城三塘,33119元/平米,欣景苑,2012年建/板楼,350,3室1厅,103102756981,2018-08-19,南,低楼层/共18层,平层/简装,105.68平米
70年,4,余杭塘栖,16935元/平米,野风启城,2016年建/板楼,320,5室2厅,103102756124,2018-08-19,南 北,高楼层/共7层,毛坯,188.96平米
70年,25,西湖文教,55459元/平米,华海园,2004年建/板楼,760,4室2厅,103103779154,2019-01-16,南 北,低楼层/共18层,平层/精装,137.04平米
40年,4,余杭翡翠城,24842元/平米,华元西溪欢乐城,2017年建/板楼,110,2室1厅,103103143595,2018-10-17,西,中楼层/共14层,精装,44.28平米
70年,4,江干景芳,44944元/平米,中企艮山府,2015年建/板楼,400,3室1厅,103104574773,2019-04-29,南 北,高楼层/共23层,平层/简装,89平米
40年,25,钱塘新区沿江南,14671元/平米,世茂江滨商业中心,2011年建/塔楼,68,1室1厅,103102730056,2018-08-13,南,中楼层/共28层,平层/精装,46.35平米
40年,11,钱塘新区高教园区西,15260元/平米,福雷德广场艾肯金座,2010年建/板楼,63.8,1室1厅,103103346376,2018-11-09,北,低楼层/共30层,平层/精装,41.81平米
70年,19,萧山萧山新城区,47795元/平米,绿城九龙仓钱塘明月,2017年建/板楼,650,4室2厅,103103550984,2018-12-10,东南,低楼层/共29层,平层/精装,136平米
50年,3,江干景芳,41315元/平米,向江来时代中心,2017年建/板楼,210,2室1厅,103103833837,2019-01-28,南 北,高楼层/共17层,跃层/精装,50.83平米
70年,1,江干丁桥,29188元/平米,长睦邻里人家东苑,2006年建/板楼,260,3室2厅,103104968547,2019-06-08,南,高楼层/共16层,平层/精装,89.08平米
70年,3,钱塘新区高教园区东,41380元/平米,保利江语海,2010年建/塔楼,360,2室2厅,103104082890,2019-03-10,南,低楼层/共34层,平层/简装,87平米
70年,4,萧山钱江世纪城,33147元/平米,德信泊林春天,2017年建/板楼,295,3室2厅,103104795909,2019-05-21,南,低楼层/共33层,平层/精装,89平米
70年,2,萧山萧山开发区,22712元/平米,明华明辉花园,2002年建/板楼,396,4室2厅,103103370511,2018-11-12,南,低楼层/共19层,平层/精装,174.36平米
40年,41,余杭临平,18008元/平米,华元欢乐城,2016年建/板楼,135,2室1厅,103102379966,2018-05-05,南,中楼层/共37层,平层/毛坯,74.97平米
40年,3,滨江浦沿,16872元/平米,超级星期天,2008年建/板楼,70,1室1厅,103104466834,2019-04-18,北,高楼层/共14层,平层/精装,41.49平米
70年,30,余杭未来科技城,20468元/平米,碧景园,2006年建/板楼,290,3室2厅,103103386685,2018-11-15,东南 北,低楼层/共5层,平层/简装,141.69平米
70年,14,滨江长河,40367元/平米,南岸晶都花园,2007年建/板楼,260,1室2厅,103104375327,2019-04-09,南,高楼层/共26层,平层/精装,64.41平米
70年,75,江干景芳,34573元/平米,景芳六区,1998年建/板楼,440,3室2厅,103102417063,2018-05-16,南,高楼层/共6层,平层/精装,127.27平米
70年,50,拱墅申花,46630元/平米,金地繁华里,2016年建/板楼,415,3室2厅,103102486403,2018-06-07,南,低楼层/共11层,平层/精装,89平米
70年,16,余杭闲林,25385元/平米,复地上城,2014年建/板楼,355,3室2厅,103102931789,2018-09-17,南,低楼层/共7层,平层/毛坯,139.85平米
70年,0,西湖申花,56471元/平米,广宇西城美墅,2008年建/塔楼,480,2室2厅,103103216288,2018-10-26,南,中楼层/共21层,平层/简装,85平米
70年,8,西湖三墩,34535元/平米,金地自在城,2012年建/板楼,300,2室1厅,103102453568,2018-05-28,南,低楼层/共25层,平层/毛坯,86.87平米
50年,17,下城石桥,20607元/平米,泰地北上新城,2013年建/板楼,68,1室1厅,103102416758,2018-05-16,北,高楼层/共13层,平层/精装,33平米
40年,1,钱塘新区沿江南,15535元/平米,世茂江滨商业中心,2011年建/塔楼,105,1室1厅,103103536043,2018-12-08,南,中楼层/共28层,精装,67.59平米
70年,1,临安临安,16240元/平米,大园新城南区,2018年建/板楼,190,3室2厅,103104066892,2019-03-08,南,中楼层/共20层,毛坯,117平米
70年,1,江干丁桥,27495元/平米,新城红郡,2017年建/板楼,210,2室2厅,103104973373,2019-06-08,南,高楼层/共13层,平层/简装,76.38平米
70年,0,余杭未来科技城,55556元/平米,新城峯璟,2017年建/暂无数据,800,4室2厅,103104971472,2019-06-08,南,联排/共3层,毛坯,144平米
70年,0,江干九堡,29648元/平米,红苹果家园,2009年建/板楼,340,3室2厅,103104255590,2019-03-28,东 南 北,高楼层/共18层,平层/简装,114.68平米
70年,46,西湖文三西路,37788元/平米,中兴公寓,1998年建/板楼,250,2室2厅,103104150572,2019-03-17,南,低楼层/共7层,平层/简装,66.16平米
70年,1,余杭临平,18979元/平米,中梁百悦城,2016年建/板塔结合,260,3室2厅,103102794380,2018-08-28,南,中楼层/共28层,简装,137平米
70年,99,萧山萧山市区,28996元/平米,北干二苑新安寓,2000年建/板楼,246,3室2厅,103102263016,2018-03-29,南,高楼层/共6层,跃层/简装,84.84平米
70年,3,拱墅湖墅,39001元/平米,左家新村,1996年建/板楼,320,2室1厅,103103892163,2019-02-17,南 西,中楼层/共20层,平层/简装,82.05平米
70年,42,余杭临平,21873元/平米,东厦东港花苑,2011年建/板楼,175,2室2厅,103104528121,2019-04-24,南,低楼层/共11层,平层/精装,80.01平米
70年,33,西湖翠苑,41888元/平米,翠苑四区,1993年建/板楼,158,1室1厅,103104205041,2019-03-22,南,低楼层/共7层,平层/简装,37.72平米
70年,3,余杭闲林,23812元/平米,闲林山水丹枫苑,2008年建/板楼,350,3室2厅,103104569722,2019-04-28,南,中楼层/共11层,平层/毛坯,146.99平米
40年,4,余杭临平,20106元/平米,玖玖国际财富中心,2017年建/板楼,80,2室2厅,103103933160,2019-02-22,东,高楼层/共16层,跃层/毛坯,39.79平米
70年,2,滨江浦沿,41232元/平米,江南文苑,2010年建/板楼,355,2室1厅,103104777900,2019-05-20,南,中楼层/共18层,精装,86.1平米
40年,1,滨江西兴,42985元/平米,兴耀鑫都汇,2016年建/板楼,178,2室1厅,103104598507,2019-05-01,北,中楼层/共20层,精装,41.41平米
70年,4,西湖文三西路,38234元/平米,康乐新村,1996年建/板楼,336,2室2厅,103102707604,2018-08-08,南,低楼层/共7层,平层/简装,87.88平米
70年,27,江干景芳,57325元/平米,蔚蓝公寓,2010年建/塔楼,515,2室1厅,103102718119,2018-08-10,南,高楼层/共32层,平层/精装,89.84平米
70年,6,西湖嘉绿,40491元/平米,物华小区,1998年建/板楼,330,2室1厅,103102581937,2018-07-06,南,中楼层/共6层,平层/精装,81.5平米
70年,9,滨江彩虹城,47011元/平米,彩虹城,2006年建/板楼,460,2室2厅,103104294262,2019-04-01,南,高楼层/共23层,平层/其他,97.85平米
70年,1,江干九堡,32488元/平米,德信金泊林公寓,2010年建/板楼,265,2室2厅,103103881932,2019-02-15,南,低楼层/共17层,简装,81.57平米
70年,14,余杭临平,17935元/平米,莱茵知己,2015年建/板塔结合,250,3室1厅,103103944081,2019-02-23,南 东北,高楼层/共20层,平层/毛坯,139.4平米
70年,2,江干笕桥,53196元/平米,金色黎明一期,2013年建/板楼,650,3室2厅,103103622879,2018-12-22,南 北,低楼层/共16层,平层/精装,122.19平米
70年,0,钱塘新区大学城北,25281 元/平米,宋都东郡之星,2018年建/板楼,225,3室2厅,103104201862,2019-03-22,南,低楼层/共25层,平层/毛坯,89平米
70年,2,临安临安,17143元/平米,越秀星汇城,未知年建/板楼,132,2室1厅,103104979824,2019-06-09,南,低楼层/共18层,毛坯,77平米
70年,2,余杭良渚,33154元/平米,万科良渚文化村秋荷坊,2015年建/板楼,460,3室2厅,103104546543,2019-04-26,南,中楼层/共6层,平层/精装,138.75平米
40年,6,余杭未来科技城,39278元/平米,欧美金融城,2017年建/板楼,350,3室2厅,103104542432,2019-04-25,南 北,中楼层/共47层,简装,89.11平米
70年,11,萧山钱江世纪城,43166元/平米,万和国际,2014年建/板楼,600,3室2厅,103103063816,2018-10-07,东南,高楼层/共33层,平层/简装,139平米
40年,1,余杭临平,17504元/平米,华元欢乐城,2016年建/板塔结合,68,1室1厅,103104394231,2019-04-11,北,中楼层/共38层,平层/精装,38.85平米
50年,16,萧山钱江世纪城,23960元/平米,百富联合国际奥体之星,未知年建/塔楼,110,4室1厅,103102761287,2018-08-20,东,低楼层/共18层,简装,45.91平米
70年,0,西湖文三西路,39260元/平米,沁雅花园,2000年建/板楼,530,4室2厅,103104804586,2019-05-22,南 北,高楼层/共6层,简装,135平米
70年,0,余杭闲林,25495元/平米,恒厚阳光城,2013年建/板塔结合,210,3室1厅,103104165211,2019-03-18,南 北,中楼层/共9层,平层/简装,82.37平米
70年,8,下城武林,56992元/平米,环西新村,1989年建/板楼,388,3室1厅,103104942281,2019-06-05,南 北,低楼层/共6层,平层/简装,68.08平米
50年,1,西湖九莲,29904元/平米,世贸丽晶城欧美中心,2006年建/板楼,320,2室1厅,103104958099,2019-06-07,南,高楼层/共24层,平层/精装,107.01平米
70年,3,江干三里亭,39903元/平米,三里亭苑四区,1995年建/板楼,180,1室1厅,103104143324,2019-03-16,南,中楼层/共7层,平层/毛坯,45.11平米
70年,2,西湖翠苑,40303元/平米,翠苑五区,1996年建/板楼,410,3室1厅,103104472893,2019-04-18,南,高楼层/共7层,平层/简装,101.73平米
70年,14,余杭未来科技城,14378元/平米,杉杉恒和依山郡,2013年建/板楼,145,2室1厅,103104053441,2019-03-06,南,中楼层/共12层,复式/精装,100.85平米
70年,14,下城石桥,29672元/平米,北景园莲趣苑,2005年建/塔楼,316,3室2厅,103102479652,2018-06-05,南,低楼层/共11层,平层/精装,106.5平米
40年,5,江干三里亭,23539元/平米,克拉公馆,2013年建/板塔结合,95,1室1厅,103104120522,2019-03-14,东,高楼层/共15层,平层/精装,40.36平米
70年,5,江干丁桥,35860元/平米,广宇上东臻品,2013年建/板楼,300,3室2厅,103104566467,2019-04-28,东 东南,中楼层/共16层,平层/精装,83.66平米
70年,10,余杭乔司,32911元/平米,朗诗未来街区,2015年建/板楼,280,3室2厅,103102927889,2018-09-16,南,高楼层/共18层,平层/精装,85.08平米
70年,0,余杭崇贤,24779元/平米,龙湖香醍溪岸,2013年建/板楼,560,5室3厅,103104888387,2019-05-31,南 北,联排/共3层,跃层/毛坯,226平米
70年,8,拱墅三墩,30764元/平米,都市水乡水曲苑,2008年建/板楼,267,2室1厅,103104759285,2019-05-18,南,低楼层/共11层,平层/简装,86.79平米
70年,88,西湖古荡,35604元/平米,华远大厦,1999年建/板楼,310,3室1厅,103103923988,2019-02-21,南 北,中楼层/共18层,平层/精装,87.07平米
70年,11,江干三里亭,39928元/平米,三里新城橘苑,2005年建/板楼,330,2室2厅,103102556772,2018-06-29,南 北,高楼层/共6层,平层/精装,82.65平米
70年,19,钱塘新区高教园区东,27088元/平米,华元云水苑,2004年建/板楼,350,3室2厅,103102683845,2018-08-02,南,中楼层/共6层,平层/毛坯,129.21平米
70年,1,余杭临平,33454元/平米,绿城玉园,2016年建/塔楼,465,3室2厅,103104701992,2019-05-12,南,低楼层/共28层,其他,139平米
40年,4,萧山萧山新城区,20598元/平米,萧山宝龙城市广场,2016年建/板塔结合,175,2室2厅,103104070348,2019-03-08,南,高楼层/共23层,平层/简装,84.96平米
70年,53,江干九堡,42658元/平米,世茂东壹号,2015年建/板楼,375,3室2厅,103103051245,2018-10-05,南,高楼层/共16层,精装,87.91平米
70年,23,余杭崇贤,15580元/平米,龙湖香醍溪岸,2013年建/板楼,215,3室2厅,103103998069,2019-03-01,南,高楼层/共27层,平层/精装,138平米
70年,8,萧山湘湖,30750元/平米,华瑞湘湖美地,2013年建/板塔结合,328,2室2厅,103104289505,2019-03-31,南 北,中楼层/共11层,平层/精装,106.67平米
70年,80,余杭万达广场,33811元/平米,万科北宸之光,2016年建/塔楼,260,2室2厅,103104669306,2019-05-09,南,高楼层/共27层,平层/精装,76.9平米
70年,2,下城三里亭,33942元/平米,三里家园一区,2006年建/板楼,465,4室2厅,103103905606,2019-02-18,南,高楼层/共6层,简装,137平米
70年,29,下城建国北路,40034元/平米,永康苑,1998年建/板楼,380,3室1厅,103103578447,2018-12-15,南,高楼层/共8层,平层/简装,94.92平米
70年,7,萧山闻堰,25000元/平米,三江花园(萧山),2000年建/板楼,400,3室2厅,103104369940,2019-04-09,南 北,中楼层/共6层,平层/精装,160平米
70年,48,滨江滨江区政府,40398元/平米,缤纷西苑,2004年建/板楼,500,3室2厅,103102435225,2018-05-22,南,高楼层/共6层,平层/毛坯,123.77平米
70年,3,拱墅申花,43629元/平米,丽晶湾,2014年建/板楼,378,3室2厅,103104224715,2019-03-24,南,高楼层/共22层,平层/其他,86.64平米
70年,1,余杭瓶窑,22272元/平米,美好桂花溪园,2016年建/板楼,260,3室2厅,103104424308,2019-04-14,南,高楼层/共16层,平层/精装,116.74平米
70年,0,临安临安,15790元/平米,青山鹤岭,未知年建/板楼,180,3室2厅,103104266759,2019-03-29,南,中楼层/共7层,毛坯,114平米
70年,2,萧山萧山市区,31027元/平米,万众名府,2014年建/板楼,200,1室1厅,103104951087,2019-06-06,南,低楼层/共17层,平层/简装,64.46平米
70年,13,钱塘新区高教园区东,31708元/平米,景冉佳园,2014年建/板塔结合,260,2室1厅,103103698794,2019-01-04,南,高楼层/共27层,平层/精装,82平米
70年,1,西湖良渚,34454元/平米,龙湖水晶郦城,2018年建/板楼,410,4室2厅,103104147671,2019-03-17,南,高楼层/共33层,精装,119平米
70年,1,余杭乔司,30467元/平米,朗诗未来街区,2015年建/板楼,215,2室2厅,103104773227,2019-05-19,南,高楼层/共18层,精装,9平米
70年,12,萧山钱江世纪城,57318元/平米,顺发美哉美城,2017年建/板楼,470,3室2厅,103104072157,2019-03-09,南,中楼层/共13层,简装,82平米
70年,7,西湖文三西路,53344元/平米,阳光花园,1997年建/板楼,1160,4室2厅,103104389786,2019-04-11,南,低楼层/共4层,毛坯,217.46平米
70年,0,下城丝绸城,45862元/平米,十五家园,1991年建/板楼,251,2室1厅,103104922281,2019-06-03,南,低楼层/共6层,平层/精装,54.73㎡
70年,2,拱墅和睦,46860元/平米,广兴新村,1995年建/板楼,191,1室1厅,103104051750,2019-03-06,南,中楼层/共7层,平层/简装,40.76平米
50年,0,萧山萧山新城区,25455元/平米,大成名座,未知年建/板楼,420,3室1厅,103104611260,2019-05-03,南,低楼层/共28层,平层/精装,165平米
70年,0,下城潮鸣,55261元/平米,珠碧苑,1997年建/板楼,250,2室2厅,103105073253,2019-06-18,南,低楼层/共7层,简装,45.24平米
40年,15,,22838元/平米,红街天城公寓,2012年建/板楼,80,1室1厅,103104216417,2019-03-24,南,中楼层/共18层,平层/精装,35.03平米
70年,17,余杭星桥,23342元/平米,五月花城,2014年建/板楼,210,3室2厅,103102680137,2018-08-01,南,中楼层/共18层,平层/精装,89.97平米
70年,0,临安临安,15672元/平米,锦绣山水苑,未知年建/塔楼,210,3室2厅,103104686820,2019-05-10,南 北,中楼层/共11层,精装,134平米
70年,13,余杭闲林,22880元/平米,庭院深深,2012年建/板楼,198,2室2厅,103102678427,2018-08-01,南,中楼层/共18层,平层/简装,86.54平米
70年,10,滨江西兴,42942元/平米,云厦连园,2010年建/板楼,365,3室1厅,103104729087,2019-05-15,南,中楼层/共12层,平层/精装,85平米
70年,0,西湖文三西路,42254元/平米,山水人家美林泉,2003年建/板楼,600,3室2厅,103102476076,2018-06-04,南,低楼层/共18层,平层/精装,142平米
70年,5,钱塘新区大学城北,24246元/平米,宋都东郡之星,2018年建/板楼,216,3室2厅,103104214266,2019-03-23,南,高楼层/共32层,平层/精装,89.09平米
70年,7,萧山湘湖,34596元/平米,美之园西区,2005年建/板楼,350,3室2厅,103103940896,2019-02-22,南,高楼层/共6层,跃层/精装,101.17平米
70年,1,西湖之江,45865元/平米,嘉里云荷廷,2016年建/板楼,640万元,3室2厅,103104546259,2019-04-26,南 北,低楼层/共17层,平层/精装,139.54平米
70年,93,江干闸弄口,40183元/平米,濮家新村,1988年建/板楼,185,2室0厅,103102615660,2018-07-15,南,高楼层/共7层,平层/精装,46.04平米
70年,13,下城三里亭,38091元/平米,三里家园一区,2006年建/板楼,245,2室1厅,103104417136,2019-04-13,南,中楼层/共6层,平层/精装,64.32平米
40年,12,余杭临平,16815元/平米,理想银泰城,2016年建/板楼,87,1室1厅,103103980011,2019-02-27,北,高楼层/共28层,平层/精装,51.74平米
70年,52,余杭闲林,24911元/平米,庭院深深,2012年建/板楼,195,2室2厅,103104823742,2019-05-24,南,中楼层/共16层,平层/精装,78.28平米
70年,82,余杭未来科技城,28907元/平米,合景天峻,2016年建/板楼,370,4室2厅,103103702808,2019-01-05,南,低楼层/共18层,平层/精装,128平米
70年,4,西湖文教,49503元/平米,白荡海人家,2000年建/板楼,1100,4室2厅,103102803228,2018-08-30,南 北,高楼层/共16层,平层/简装,222.21平米
70年,7,余杭星桥,19033元/平米,广厦天都城天熙公馆,2016年建/板楼,368,4室2厅,103103921802,2019-02-20,南 北,高楼层/共16层,平层/毛坯,193.35平米
40年,0,下城三塘,38540元/平米,杭州新天地,2015年建/板楼,190,2室2厅,103104359513,2019-04-08,北,中楼层/共11层,精装,49.3平米
70年,15,江干三里亭,34106元/平米,三里亭苑二区,1998年建/板楼,240,2室1厅,103103253056,2018-10-31,南,高楼层/共7层,平层/简装,70.37平米
70年,26,下城建国北路,38582元/平米,环城东路298-311号,1996年建/板楼,148,1室1厅,103104897457,2019-06-01,南,中楼层/共7层,平层/简装,38.36平米
70年,29,江干三里亭,40771元/平米,蓝天城市花园,未知年建/板楼,495,3室2厅,103103289510,2018-11-04,南 西,中楼层/共6层,平层/毛坯,121.41平米
70年,2,上城清泰,44174元/平米,南班巷,1994年建/板楼,210,2室1厅,103104710544,2019-05-13,南,高楼层/共7层,平层/简装,47.54平米
70年,24,临安临安,13759元/平米,南苑小区,未知年建/板楼,135,3室2厅,103104220004,2019-03-24,南 北,中楼层/共6层,平层/简装,98.12平米
70年,57,余杭闲林,22736元/平米,爵士风情花园,2007年建/板楼,195,2室2厅,103104353606,2019-04-07,南 北,低楼层/共6层,平层/精装,85.77平米
70年,0,萧山萧山市区,37571元/平米,广德小区,2002年建/板楼,240,2室1厅,103105033664,2019-06-14,南,中楼层/共6层,平层/精装,63.88平米
70年,45,余杭临平,17887元/平米,伊世纪城市花园,未知年建/板楼,220,3室2厅,103101988641,2017-12-12,南,中楼层/共7层,平层/精装,123平米
70年,11,余杭闲林,24211元/平米,庭院深深,2012年建/板楼,210,2室2厅,103102756071,2018-08-19,南 北,中楼层/共11层,精装,86.74平米
70年,0,钱塘新区大学城北,28090元/平米,宋都东郡之星,2019年建/板楼,250,3室2厅,103104373953,2019-04-09,南,高楼层/共32层,平层/毛坯,89平米
70年,3,余杭勾庄,40004元/平米,滨江旭辉万家之星,2018年建/板楼,505,3室2厅,103104153834,2019-03-17,南,低楼层/共11层,平层/毛坯,126.24平米
70年,7,萧山义桥,23847元/平米,南岸花城,2010年建/板楼,248,3室2厅,103104352376,2019-04-07,南,中楼层/共11层,平层/精装,104平米
70年,8,钱塘新区高教园区西,30924元/平米,东海未名园,2005年建/板塔结合,160,1室1厅,103103104467,2018-10-14,南,高楼层/共18层,平层/简装,51.74平米
70年,10,上城复兴,40637元/平米,美政花苑,2000年建/板楼,480,3室2厅,103102542026,2018-06-25,南 北,高楼层/共7层,平层/简装,118.12平米
70年,0,西湖转塘,35956元/平米,朗郡庭园,2011年建/板楼,320,2室2厅,103104084830,2019-03-10,南,低楼层/共27层,平层/简装,89平米
70年,1,钱塘新区沿江南,31208元/平米,,2013年建/板楼,273,3室1厅,103104793921,2019-05-21,南,高楼层/共29层,平层/毛坯,87.48平米
70年,9,江干九堡,37234元/平米,宋都阳光国际,2013年建/板塔结合,450,3室2厅,103103357954,2018-11-10,南 西 北,中楼层/共24层,平层/简装,120.86平米
70年,72,余杭闲林,20856元/平米,爵士风情花园,2008年建/板楼,235,3室2厅,103102754505,2018-08-19,南,高楼层/共6层,精装,112.68平米
70年,96,萧山钱江世纪城,31362元/平米,林之语,2012年建/塔楼,228,2室2厅,103102476017,2018-06-04,南 北,中楼层/共18层,平层/精装,72.7平米
70年,4,余杭临平,18494元/平米,东方俊园,2004年建/板楼,260,4室1厅,103102523731,2018-06-20,南,中楼层/共6层,平层/精装,140.59平米
70年,9,钱塘新区沿江北,25846元/平米,伊萨卡国际城鹭江园,2008年建/板塔结合,360,3室2厅,103104497397,2019-04-21,南,中楼层/共11层,平层/精装,139.29平米
70年,18,萧山南部卧城,27273元/平米,光明尚海湾,2016年建/板塔结合,240,3室2厅,103104645413,2019-05-06,南,低楼层/共30层,平层/毛坯,88平米
50年,1,余杭良渚,20533元/平米,良渚文化村春漫里,2012年建/板塔结合,185,1室1厅,103103543496,2018-12-09,北,中楼层/共5层,平层/精装,90.1平米
70年,2,钱塘新区金沙湖,42466元/平米,龙湖滟澜山丽轩一期,2011年建/板楼,310,2室2厅,103104438064,2019-04-16,西,高楼层/共24层,精装,73平米
70年,16,滨江西兴,33801元/平米,固陵路,1989年建/板楼,275,3室1厅,103104264608,2019-03-29,南 北,高楼层/共6层,平层/简装,81.36平米
70年,4,滨江浦沿,31346元/平米,超级星期天,2008年建/板楼,235,2室1厅,103104971130,2019-06-08,南 北,高楼层/共14层,平层/精装,74.97平米
70年,6,江干采荷,44224元/平米,采荷大厦,2000年建/板楼,650,3室2厅,103102837604,2018-09-04,南,中楼层/共16层,平层/简装,146.98平米
70年,7,余杭星桥,18016元/平米,广厦天都城天熙公馆,2016年建/板楼,350,4室2厅,103104208028,2019-03-23,南,高楼层/共16层,平层/毛坯,194.28平米
70年,16,滨江西兴,49087元/平米,云厦连园,2010年建/板楼,430,3室2厅,103104107241,2019-03-12,南,中楼层/共12层,平层/精装,87.6平米
70年,2,钱塘新区沿江北,24906元/平米,梦琴湾,2007年建/板楼,375,3室2厅,103103104801,2018-10-14,南,低楼层/共32层,精装,150.57平米
70年,9,下城武林,59111元/平米,孩儿巷,2000年建/板楼,230,2室0厅,103104615068,2019-05-03,南,中楼层/共7层,平层/简装,38.91平米
40年,11,余杭临平,16248元/平米,华元欢乐城,2016年建/板楼,53,1室0厅,103103005698,2018-09-27,南,中楼层/共37层,平层/毛坯,32.62平米
40年,28,萧山南部卧城,22325元/平米,泰和花园,1999年建/板楼,145,1室1厅,103102930467,2018-09-17,南,低楼层/共5层,精装,64.95平米
70年,8,余杭星桥,20482元/平米,惠都家园,2011年建/板楼,170,2室2厅,103104654097,2019-05-07,东南,中楼层/共18层,平层/简装,83平米
70年,89,余杭星桥,22290 元/平米,通和波士顿公寓,2016年建/板楼,185,2室2厅,103102808022,2018-08-30,南,高楼层/共17层,平层/精装,83平米
70年,19,拱墅桥西,50136元/平米,名城燕园,2010年建/板楼,445,3室2厅,103103895604,2019-02-17,南,中楼层/共11层,平层/简装,88.76平米
70年,2,余杭临平,22165元/平米,兰惠家园,未知年建/板楼,215,2室2厅,103103746265,2019-01-12,南,低楼层/共18层,平层/简装,97平米
70年,8,江干笕桥,32037元/平米,美达浅草名苑,2006年建/板楼,410,3室2厅,103102556007,2018-06-29,南,低楼层/共18层,平层/精装,127.98平米
70年,21,余杭良渚,27134元/平米,望城,未知年建/板楼,240,4室2厅,103102757576,2018-08-19,东 南 北,低楼层/共11层,平层/精装,88.45平米
70年,9,滨江彩虹城,48594元/平米,彩虹城,2006年建/板楼,470,2室2厅,103103060126,2018-10-07,南 北,中楼层/共23层,精装,96.72平米
70年,77,余杭勾庄,32688元/平米,凯喜雅锦河湾,2016年建/塔楼,290,3室2厅,103103276048,2018-11-03,南 北,高楼层/共24层,平层/精装,88.72平米
70年,6,余杭闲林,20913元/平米,林溪闲庭,2015年建/板楼,260,4室2厅,103103897713,2019-02-17,南,中楼层/共12层,平层/简装,124.33平米
70年,0,余杭良渚,35300元/平米,万科良渚文化村未来城,2016年建/板塔结合,310,3室2厅,103104854527,2019-05-27,南 北,高楼层/共32层,平层/精装,87.82平米
70年,186,余杭闲林,21845元/平米,绿城桃花源,2015年建/板楼,158,2室2厅,103104072115,2019-03-09,南 北,低楼层/共5层,平层/简装,72.33平米
50年,2,江干景芳,31432元/平米,向江来时代中心,2017年建/板楼,168,2室2厅,103104753978,2019-05-17,南,低楼层/共17层,简装,53.45平米
40年,0,萧山萧山市区,31721元/平米,天润商业中心,2018年建/板楼,118,1室1厅,103103628425,2018-12-23,东,中楼层/共22层,平层/毛坯,37.2平米
50年,18,江干钱江新城,43387元/平米,东方君悦,2014年建/板楼,820,3室2厅,103103398008,2018-11-16,东南,高楼层/共26层,平层/精装,189平米
70年,8,拱墅湖墅,51963元/平米,星河明苑,2003年建/板楼,278,1室1厅,103104222465,2019-03-24,南,高楼层/共18层,平层/精装,53.5平米
70年,34,拱墅桥西,53161元/平米,小河路,2000年建/板楼,270,2室1厅,103102459520,2018-05-30,南,低楼层/共5层,平层/简装,50.79平米
70年,0,拱墅和睦,59285元/平米,凯德湖墅,2016年建/塔楼,310,1室1厅,103104367942,2019-04-08,南 北,中楼层/共18层,简装,52.29平米
70年,3,临安临安,16017元/平米,越秀星汇城,未知年建/板楼,190,4室2厅,103104912562,2019-06-02,南,高楼层/共33层,平层/毛坯,118.63平米
70年,20,西湖申花,65606元/平米,圣苑小区,2008年建/板楼,610,2室1厅,103103173422,2018-10-20,南,中楼层/共18层,平层/毛坯,92.98平米
70年,19,西湖黄龙,65868元/平米,求是村,1988年建/板楼,412,2室1厅,103104061653,2019-03-07,南,低楼层/共5层,平层/简装,62.55平米
70年,15,上城南星,60687元/平米,春江花月,2004年建/板楼,960,3室2厅,103104282278,2019-03-30,南,中楼层/共11层,平层/精装,158.19平米
70年,1,西湖文一西路,50584元/平米,湖畔花园闻莺苑,2000年建/板楼,780,3室2厅,103104640014,2019-05-06,南,中楼层/共10层,错层/精装,154.2平米
70年,0,余杭仁和,19109元/平米,清合嘉园西区,2007年建/板楼,300,4室2厅,103103578910,2018-12-15,西南,中楼层/共11层,平层/精装,157平米
70年,10,拱墅拱宸桥,32711元/平米,蚕花园永庆坊,2003年建/板楼,310,3室2厅,103104692201,2019-05-11,南,低楼层/共11层,平层/简装,94.77平米
70年,9,钱塘新区沿江北,21560元/平米,多蓝水岸听涛苑,2007年建/塔楼,450,5室2厅,103103862041,2019-02-13,南 北,高楼层/共11层,简装,208.72平米
70年,0,钱塘新区大学城北,25656元/平米,丰隆百翘香江,2016年建/板楼,230,3室2厅,103105008716,2019-06-12,南,低楼层/共18层,平层/其他,89.65平米
70年,0,临安临安,21008元/平米,绿城玉兰花园,未知年建/板楼,292,4室2厅,103104739491,2019-05-16,南,低楼层/共26层,精装,139平米
70年,66,拱墅德胜,49593元/平米,清水公寓,2011年建/板楼,1600,4室3厅,103088609652,2014-12-04,南 北,高楼层/共20层,平层/毛坯,322.63平米
70年,0,临安临安,15678元/平米,颐和山庄,未知年建/板楼,185,3室2厅,103103804136,2019-01-21,南,高楼层/共11层,毛坯,118平米
40年,14,萧山南部卧城,19029元/平米,南润名座,未知年建/板楼,85,1室1厅,103104076057,2019-03-09,南,高楼层/共22层,平层/精装,44.67平米
70年,4,西湖文三西路,35252元/平米,山水人家美林泉,2003年建/板楼,555,4室2厅,103104641936,2019-05-06,东南,低楼层/共18层,错层/简装,157.44平米
70年,0,江干丁桥,29131元/平米,久睦苑,2013年建/板楼,180,2室1厅,103105104637,2019-06-21,南,低楼层/共16层,简装,61.79平米
70年,6,余杭临平,16163元/平米,东厦东港花苑,2011年建/板楼,248,4室1厅,103104104508,2019-03-12,南 西,低楼层/共17层,平层/毛坯,153.44平米
70年,73,余杭闲林,23935元/平米,竹海水韵,2015年建/板楼,210,3室2厅,103102438413,2018-05-23,南 北,中楼层/共18层,平层/简装,87.74平米
70年,0,拱墅半山,41290元/平米,联合畔上居,2016年建/板楼,365,3室2厅,103104593980,2019-04-30,东南,中楼层/共11层,平层/简装,88.4平米
70年,40,萧山湘湖,30053元/平米,风情街小区,2004年建/板楼,178,2室1厅,103102554211,2018-06-28,南 北,中楼层/共5层,精装,59.23㎡
70年,2,钱塘新区沿江南,27923元/平米,保利东湾,2010年建/板楼,386,4室2厅,103104789484,2019-05-21,南,高楼层/共35层,平层/精装,138.24平米
70年,3,西湖小和山,29886元/平米,泊林漫谷,2010年建/板楼,780,5室3厅,103103773867,2019-01-15,南 北,联排/共2层,精装,261平米
70年,5,余杭闲林,25843元/平米,德信早安,2016年建/板塔结合,230,3室2厅,103104876220,2019-05-30,南,中楼层/共17层,平层/精装,89平米
40年,3,钱塘新区高教园区东,24501元/平米,宝龙城市广场,2014年建/板楼,108,2室1厅,103104634987,2019-05-05,南,高楼层/共22层,跃层/精装,44.08平米
70年,6,萧山萧山新城区,50126元/平米,保利霞飞郡,2014年建/板楼,420,3室2厅,103104600868,2019-05-01,南,中楼层/共26层,平层/精装,83.79平米
50年,24,拱墅桥西,15169元/平米,易构大厦,2009年建/板楼,120,3室1厅,103103375155,2018-11-13,南,高楼层/共15层,平层/简装,79.11平米
70年,1,西湖良渚,39326元/平米,龙湖水晶郦城,2018年建/板楼,350,3室2厅,103104319543,2019-04-03,南 北,高楼层/共34层,简装,89平米
70年,15,余杭西溪,48234元/平米,大华西溪风情澄品,2015年建/板楼,430,3室2厅,103103147435,2018-10-17,南 北,低楼层/共9层,平层/精装,89.15平米
70年,0,萧山闻堰,28221元/平米,通和戈雅公寓,2007年建/板楼,370,3室2厅,103104535288,2019-04-25,南,高楼层/共32层,平层/精装,131.11平米
70年,37,余杭良渚,35918元/平米,竹径云山,未知年建/暂无数据,430,3室2厅,103104859379,2019-05-28,南 北,低楼层/共4层,跃层/精装,119.72平米
70年,5,钱塘新区沿江南,26824元/平米,保利东湾,2010年建/板楼,310,4室2厅,103103731172,2019-01-10,东 南 北,低楼层/共33层,毛坯,115.57平米
70年,0,余杭乔司,23556元/平米,东田怡丰城,未知年建/板楼,75,2室1厅,103104958131,2019-06-07,南,中楼层/共13层,其他,31.84平米
70年,38,江干火车东站,38039元/平米,红街公寓,2010年建/板楼,315,2室2厅,103102563615,2018-07-01,南 北,中楼层/共18层,平层/毛坯,82.81平米
50年,0,西湖文三西路,40518元/平米,西溪锋尚苑,2005年建/板楼,235,2室1厅,103103598833,2018-12-18,东北,高楼层/共7层,精装,58平米
40年,4,钱塘新区高教园区西,12596元/平米,之江铭楼,2000年建/板楼,61,1室1厅,103103351843,2018-11-10,西,高楼层/共16层,平层/简装,48.43平米
70年,2,下城石桥,28466元/平米,元都新景公寓,2009年建/塔楼,385,3室2厅,103104893344,2019-05-31,南,低楼层/共15层,平层/精装,135.25平米
40年,0,余杭塘栖,28473元/平米,美致生活广场,2016年建/板塔结合,90,3室2厅,103103603901,2018-12-19,东,高楼层/共19层,精装,31.61平米
70年,30,上城近江,45327元/平米,望江家园西园,2005年建/板楼,370,2室2厅,103104408108,2019-04-12,南,低楼层/共6层,平层/精装,81.63平米
70年,9,江干丁桥,25000元/平米,新城龙湖湾上风华,未知年建/板楼,220,3室2厅,103104315880,2019-04-03,南,中楼层/共17层,平层/毛坯,88平米
70年,1,临安临安,15070元/平米,大园新城南区,未知年建/板楼,78,1室1厅,103104140226,2019-03-16,南,低楼层/共24层,平层/毛坯,51.76平米
50年,8,下城三塘,23706元/平米,阳光银泰城,2014年建/板楼,130,2室1厅,103104354491,2019-04-07,南,高楼层/共16层,精装,54.84平米
70年,6,拱墅德胜,34646元/平米,德胜新村,1988年建/板楼,205,2室1厅,103104020471,2019-03-03,东南,高楼层/共7层,平层/简装,59.17平米
50年,52,萧山萧山市区,18591元/平米,开元名都,2003年建/板楼,200,2室2厅,103102620950,2018-07-17,南,低楼层/共26层,平层/毛坯,107.58平米
70年,11,拱墅信义坊,44922元/平米,浪琴翠园,2003年建/板楼,498,3室2厅,103103938695,2019-02-22,南 北,高楼层/共11层,平层/精装,110.86平米
70年,3,西湖申花,64039元/平米,耀江文鼎苑,2009年建/板楼,999,3室2厅,103104686881,2019-05-10,南 北,低楼层/共24层,精装,156平米
40年,79,滨江滨江区政府,33992元/平米,中赢康康谷,2017年建/板楼,155,2室2厅,103104332919,2019-04-05,北,低楼层/共14层,精装,45.6平米
70年,8,上城潮鸣,50882元/平米,锦花苑,未知年建/板楼,560,3室2厅,103103650102,2018-12-27,南,中楼层/共5层,平层/精装,110.06平米
40年,17,,24100元/平米,万通时尚公馆,2018年建/板楼,109,1室1厅,103104527566,2019-04-24,西,低楼层/共23层,精装,45.23平米
70年,13,余杭星桥,21201元/平米,广厦天都城天水苑,2009年建/板楼,280,3室2厅,103102986039,2018-09-23,西南,中楼层/共15层,平层/简装,132.07平米
70年,0,江干九堡,37079元/平米,德信金泊林公寓,2010年建/板楼,330,3室2厅,103104895206,2019-06-01,南 北 西,中楼层/共17层,精装,89平米
70年,2,余杭瓶窑,14946元/平米,北湖绿洲花园,未知年建/板楼,275,4室2厅,103103212337,2018-10-25,南 北,高楼层/共11层,毛坯,184平米
70年,6,江干丁桥,34537元/平米,天阳明朗,2017年建/板楼,310,3室2厅,103103856718,2019-02-12,南,中楼层/共16层,平层/简装,89.76平米
70年,0,临安临安,19782元/平米,绿城桃李春风,未知年建/板塔结合,1088,6室2厅,103104818574,2019-05-24,南,低楼层/共6层,其他,550平米
70年,10,西湖文三西路,39459元/平米,中兴公寓,2000年建/板楼,370,3室2厅,103104158847,2019-03-18,南,高楼层/共7层,平层/简装,93.77平米
50年,10,西湖文三西路,25106元/平米,西溪锋尚苑,2005年建/板楼,185,3室1厅,103103804985,2019-01-21,北,中楼层/共7层,简装,73.69平米
40年,155,上城南星,43730元/平米,绿城蓝色钱江,2013年建/板楼,235,1室0厅,103102350513,2018-04-25,西南,中楼层/共21层,平层/精装,53.74平米
70年,1,拱墅拱宸桥,41799元/平米,北国之春人家,2004年建/板楼,780,5室1厅,103102082561,2018-01-17,南,高楼层/共16层,精装,186.61平米
70年,0,临安临安,27778元/平米,绿野清风,未知年建/暂无数据,1350,5室3厅,103104860459,2019-05-28,南,共1层,精装,486平米
70年,14,余杭万达广场,33133元/平米,越秀星汇尚城,2017年建/板塔结合,275,3室2厅,103102583690,2018-07-06,南,高楼层/共18层,平层/简装,83平米
70年,4,余杭良渚,30006元/平米,万科缦云坊,2015年建/板楼,260,3室2厅,103104412978,2019-04-13,南,高楼层/共10层,跃层/精装,86.65平米
70年,3,余杭闲林,29914元/平米,佳兆业西溪璞园,2017年建/板楼,265,3室1厅,103103256546,2018-10-31,南,中楼层/共18层,平层/毛坯,88.59平米
40年,0,滨江滨江区政府,44957元/平米,中赢康康谷,2017年建/板楼,205,2室1厅,103104112960,2019-03-13,南,高楼层/共14层,精装,45.6平米
70年,11,西湖文三西路,42955元/平米,沁雅花园,2002年建/塔楼,510,3室2厅,103102683296,2018-08-02,南,中楼层/共18层,平层/简装,118.73平米
70年,15,江干丁桥,30743元/平米,昆仑天籁,2010年建/塔楼,320,3室2厅,103102620820,2018-07-16,南,中楼层/共16层,平层/简装,104.09平米
70年,3,拱墅信义坊,38347元/平米,贾家弄新村,1985年建/板楼,230,2室1厅,103102903295,2018-09-12,南,低楼层/共6层,平层/精装,59.98平米
70年,33,滨江滨江区政府,61715元/平米,龙湖春江郦城,2017年建/板楼,555,3室2厅,103104174969,2019-03-19,南,中楼层/共33层,简装,89.93平米
70年,2,滨江滨江区政府,58764元/平米,荣安望江南,2013年建/板楼,520,3室1厅,103104976648,2019-06-09,南 北,低楼层/共27层,平层/简装,88.49平米
70年,1,滨江彩虹城,52373元/平米,彩虹城,2007年建/板楼,510,2室1厅,103103458544,2018-11-26,南,高楼层/共26层,平层/精装,97.38平米
70年,12,下城潮鸣,36203元/平米,马家弄21.22.25号,1986年建/板塔结合,180,2室1厅,103104424263,2019-04-14,南,中楼层/共7层,平层/精装,49.72平米
70年,28,西湖西溪,50399元/平米,西溪蝶园二期,2012年建/板楼,360,1室1厅,103104080322,2019-03-10,南,中楼层/共11层,平层/精装,71.43平米
70年,9,拱墅德胜,46677元/平米,假山新村,1992年建/板楼,290,2室1厅,103102328662,2018-04-18,南 西南,高楼层/共7层,平层/简装,62.13平米
70年,0,余杭崇贤,20083元/平米,龙湖香醍溪岸,2013年建/板楼,175,2室2厅,103104924297,2019-06-03,南,中楼层/共27层,平层/精装,87.14平米
70年,4,下城三塘,53788元/平米,万和玺园,2015年建/板塔结合,480,3室2厅,103104315984,2019-04-03,南,低楼层/共18层,毛坯,89.24平米
70年,0,余杭临平,26137元/平米,万泰城章,2016年建/板楼,230万元,3室2厅,103104351799,2019-04-07,南,中楼层/共26层,平层/毛坯,88平米
70年,2,余杭临平,21116元/平米,伊世纪城市花园,2007年建/板楼,270,3室2厅,103104522057,2019-04-23,东 南,低楼层/共6层,平层/精装,127.87平米
70年,13,拱墅桥西,50805元/平米,名城燕园,2010年建/板楼,445,3室2厅,103104464305,2019-04-17,南,高楼层/共18层,平层/精装,87.59平米
70年,39,余杭翡翠城,32993元/平米,华元蒙卡岸,2012年建/板楼,290,3室2厅,103102954878,2018-09-19,南 北,中楼层/共10层,平层/精装,87.9平米
40年,1,上城近江,32873元/平米,景江城市花园,2007年建/板楼,126,1室0厅,103104123943,2019-03-14,南 东北,中楼层/共28层,平层/简装,38.33平米
70年,12,滨江西兴,44113元/平米,瑞立东方花城,2015年建/板楼,390,2室1厅,103104215066,2019-03-23,南,低楼层/共24层,平层/精装,88.41平米
70年,0,临安临安,14731元/平米,钱锦花园,未知年建/板楼,195,3室2厅,103103459003,2018-11-26,南 北,低楼层/共22层,平层/毛坯,132.38平米
70年,14,西湖嘉绿,52134元/平米,嘉绿北苑,未知/板楼,380,2室1厅,103104108877,2019-03-13,南,低楼层/共7层,平层/简装,72.89平米
70年,1,临安临安,999999元/平米,越秀星汇城,未知年建/板楼,230,3室2厅,103103348297,2018-11-09,东,中楼层/共32层,平层/毛坯,139.9平米
70年,1,余杭未来科技城,37446 元/平米,合景天峻,2016年建/板楼,350,3室2厅,103104059351,2019-03-07,南,低楼层/共24层,精装,93.47平米
70年,4,萧山湘湖,25758元/平米,湘湖家园,2004年建/板楼,370,3室2厅,103103864325,2019-02-13,南,中楼层/共6层,平层/毛坯,143.65平米
70年,0,临安临安,17196元/平米,青山鹤岭,未知年建/板楼,52,1室0厅,103104748598,2019-05-16,东,低楼层/共18层,精装,30.24平米
70年,5,余杭三墩,33199元/平米,亲亲家园一期,2007年建/板楼,410,3室2厅,103104601705,2019-05-01,东 南 北,中楼层/共6层,精装,123.5平米
70年,38,余杭临平,22352元/平米,毓秀家园,2008年建/板楼,115,1室1厅,103103551221,2018-12-10,南,高楼层/共7层,平层/精装,51.45平米
70年,34,上城清泰,44405元/平米,万安城市花园西苑,2000年建/板塔结合,550,3室2厅,103103213435,2018-10-25,东 北,高楼层/共12层,平层/简装,123.86平米
70年,2,江干丁桥,31947元/平米,丁桥颐景园,2012年建/板楼,235,2室2厅,103105023418,2019-06-13,南,高楼层/共16层,平层/简装,73.56平米
70年,9,萧山萧山市区,25430元/平米,潘水苑,2005年建/板楼,275,3室2厅,103103194721,2018-10-23,南,高楼层/共6层,精装,108.14平米
70年,55,余杭乔司,25198元/平米,复地连城国际,2014年建/板楼,220,2室2厅,103103062792,2018-10-07,南,低楼层/共17层,平层/简装,87.31平米
40年,1,钱塘新区高教园区西,14400元/平米,华元十六街区,2003年建/板楼,63.5,1室1厅,103103070135,2018-10-08,北,高楼层/共16层,平层/精装,44.1平米
70年,2,余杭瓶窑,23441元/平米,良景学府,2017年建/板楼,230,3室2厅,103104663606,2019-05-08,南,中楼层/共11层,平层/简装,98.12平米
40年,7,江干火车东站,22068元/平米,红街天城公寓,2012年建/板楼,92,1室1厅,103103462118,2018-11-26,东,中楼层/共18层,平层/精装,41.69平米
70年,39,拱墅大关,40096元/平米,大关西八苑,1996年建/塔楼,235,2室1厅,103102551301,2018-06-28,南 北,高楼层/共7层,平层/精装,58.61平米
70年,4,余杭西溪,50703元/平米,大华西溪风情,2014年建/板楼,1000,4室2厅,103104447603,2019-04-16,南 北,中楼层/共7层,平层/毛坯,197.23平米
40年,1,余杭未来科技城,31993元/平米,创客空间大厦,2018年建/板楼,140,2室1厅,103104590210,2019-04-30,南,低楼层/共21层,精装,43.76平米
70年,38,上城南星,80675元/平米,钱江御府,2017年建/板塔结合,718,2室1厅,103102182846,2018-03-07,南 北,低楼层/共22层,平层/毛坯,89平米
70年,2,拱墅和睦,41414元/平米,广兴新村,1995年建/板楼,198,2室1厅,103104209401,2019-03-23,南,高楼层/共7层,平层/简装,47.81平米
70年,6,滨江长河,40041元/平米,南岸晶都花园,2007年建/板楼,236,1室1厅,103104667198,2019-05-08,南,中楼层/共26层,平层/精装,58.94平米
70年,7,江干丁桥,32310元/平米,广宇上东名筑,未知年建/板楼,265,3室2厅,103104914154,2019-06-02,南 北,中楼层/共16层,平层/精装,82.02平米
40年,10,余杭临平,17556元/平米,华元欢乐城,2016年建/板塔结合,79,1室1厅,103102711884,2018-08-09,南,中楼层/共38层,简装,45平米
70年,4,萧山南部卧城,25278元/平米,汇宇花园,未知年建/板楼,455,5室2厅,103103744809,2019-01-12,南,高楼层/共6层,复式/简装,180平米
40年,37,萧山奥体,30000元/平米,众安嘉润公馆,2014年建/板楼,135,1室1厅,103102322157,2018-04-16,南,高楼层/共30层,平层/精装,45平米
70年,2,余杭三墩,31197元/平米,亲亲家园一期,2006年建/板楼,365,3室2厅,103104907091,2019-06-02,南 北,中楼层/共6层,平层/简装,117平米
70年,36,余杭临平,22787元/平米,东厦东港花苑,2011年建/板楼,200,3室2厅,103102742790,2018-08-16,南 北,中楼层/共11层,精装,87.77平米
70年,14,余杭万达广场,36907元/平米,万科北宸之光,2016年建/板楼,480,4室1厅,103104196217,2019-03-21,南,中楼层/共28层,平层/精装,130.06平米
70年,39,下城流水苑,32274元/平米,施家花园,2000年建/塔楼,598,3室2厅,103100627752,2016-10-09,南 西 北,高楼层/共23层,简装,185.29平米
70年,1,拱墅信义坊,38979元/平米,塘河北村,1997年建/板楼,235,2室1厅,103104806734,2019-05-23,南,高楼层/共6层,平层/精装,60.29㎡
70年,2,余杭良渚,29802元/平米,良渚文化村白鹭郡北,2006年建/板楼,450,4室2厅,103104300282,2019-04-01,南,中楼层/共5层,平层/精装,151平米
70年,10,西湖黄龙,67033元/平米,保俶路170号,未知年建/板楼,318,1室1厅,103102983407,2018-09-23,南,中楼层/共7层,平层/精装,47.44平米
70年,6,江干四季青,42893元/平米,静怡花苑,2000年建/塔楼,315,2室1厅,103103651502,2018-12-27,南,低楼层/共18层,平层/精装,73.44平米
70年,2,余杭临平,24720元/平米,金都夏宫,2014年建/板楼,220,3室1厅,103103610736,2018-12-20,南,高楼层/共32层,平层/毛坯,89平米
70年,73,余杭闲林,17008元/平米,庭院深深,2012年建/板楼,199,2室2厅,103103898743,2019-02-18,南,高楼层/共26层,平层/简装,117.01平米
70年,1,临安临安,17529元/平米,越秀星汇城,未知年建/板楼,156,3室2厅,103104538934,2019-04-25,南,低楼层/共33层,毛坯,89平米
70年,5,滨江彩虹城,44924元/平米,彩虹城,2006年建/板楼,665,4室2厅,103104180991,2019-03-20,南,低楼层/共23层,平层/精装,148.03平米
70年,4,拱墅和睦,42672元/平米,广兴新村,1995年建/板楼,230,2室2厅,103103968514,2019-02-25,南,高楼层/共7层,平层/简装,53.9平米
70年,4,余杭闲林,25619元/平米,融创金成西溪海,2014年建/板楼,230,3室2厅,103104356915,2019-04-07,南 北,低楼层/共18层,简装,89.78平米
70年,2,滨江滨江区政府,45580元/平米,铂金时代公寓,2009年建/板楼,629,3室2厅,103104735859,2019-05-15,南 北,高楼层/共30层,平层/精装,138平米
70年,5,西湖文三,65334元/平米,武林门新村,1984年建/板楼,490,3室1厅,103104821962,2019-05-24,南,低楼层/共6层,平层/简装,75平米
70年,56,余杭临平,20625元/平米,众安理想湾,2016年建/板楼,165,2室1厅,103104079638,2019-03-09,南,低楼层/共34层,平层/简装,80平米
70年,8,拱墅半山,30572元/平米,宁和弄,未知年建/板楼,100,1室1厅,103104654232,2019-05-07,南 北,中楼层/共5层,简装,32.71平米
40年,12,江干三里亭,18154元/平米,白云大厦,2005年建/塔楼,70,1室1厅,103104707609,2019-05-12,北,中楼层/共21层,平层/简装,38.56平米
40年,0,拱墅大关,40497元/平米,,1998年建/塔楼,310,2室1厅,103104972948,2019-06-08,南,高楼层/共20层,毛坯,76.55平米
70年,6,余杭临平,21298元/平米,良熟新苑,2015年建/板楼,170,2室2厅,103104412989,2019-04-13,南,高楼层/共18层,平层/简装,79.82平米
70年,6,拱墅信义坊,32765元/平米,娑婆新村,1990年建/板楼,165,2室1厅,103104896197,2019-06-01,东 南,高楼层/共6层,平层/简装,50.36平米
70年,0,萧山义桥,27161元/平米,绿都御景蓝湾,2017年建/板楼,220,3室2厅,103104893126,2019-05-31,南,高楼层/共27层,毛坯,81平米
70年,5,余杭临平,24753元/平米,钱塘梧桐蓝山,2011年建/板楼,305,3室2厅,103104585758,2019-04-30,南,中楼层/共30层,平层/毛坯,123.22平米
70年,0,西湖文三,63979元/平米,武林花园,1999年建/板楼,595,2室2厅,103104427350,2019-04-14,南 北,低楼层/共7层,平层/简装,93平米
70年,22,余杭未来科技城,20340元/平米,杉杉恒和依山郡,2013年建/板楼,200,2室2厅,103102779532,2018-08-24,南,中楼层/共4层,精装,98.33平米
70年,26,拱墅大关,41178元/平米,大关东五苑,1996年建/塔楼,270,2室2厅,103103931210,2019-02-21,东南,中楼层/共7层,平层/精装,65.57平米
40年,4,滨江滨江区政府,57895元/平米,海威钱塘之星,2016年建/板楼,330,2室1厅,103103347023,2018-11-09,东,低楼层/共18层,精装,57平米
70年,105,西湖嘉绿,53351元/平米,世纪新城西区,2005年建/板楼,500,2室2厅,103101915298,2017-11-16,南 北,中楼层/共8层,简装,93.72平米
70年,5,余杭闲林,21419元/平米,恒厚阳光城,2013年建/板塔结合,260,3室2厅,103102678513,2018-08-01,南,低楼层/共18层,平层/简装,121.39平米
70年,32,余杭闲林,18513元/平米,华元玉榕庄,2013年建/板塔结合,1000,6室2厅,103102703581,2018-08-07,南 北,联排/共4层,毛坯,540.17平米
70年,66,西湖西溪,47764元/平米,富越香溪,2014年建/板楼,1200,5室2厅,103102637553,2018-07-21,南 北,中楼层/共11层,平层/精装,251.24平米
70年,3,西湖黄龙,69185元/平米,浙大新村,未知年建/板楼,370,2室1厅,103104829028,2019-05-25,南,中楼层/共5层,平层/精装,53.48平米
50年,1,江干钱江新城,45178元/平米,东方君悦,2014年建/板楼,460,1室1厅,103103026730,2018-09-29,西北 北 东北,低楼层/共34层,精装,101.82平米
70年,146,余杭闲林,22064元/平米,庭院深深,2012年建/板楼,185,2室1厅,103103214187,2018-10-25,南,高楼层/共18层,平层/精装,9平米
70年,6,钱塘新区金沙湖,41118元/平米,德信早城,2012年建/板塔结合,240,1室1厅,103104969736,2019-06-08,南,中楼层/共18层,平层/简装,58.37平米
70年,8,上城雄镇楼,43935元/平米,江枫苑,2000年建/板楼,498,3室2厅,103103972030,2019-02-26,南,低楼层/共15层,平层/精装,113.35平米
70年,3,余杭闲林,24914元/平米,闲林山水海棠苑,2007年建/板楼,360,3室2厅,103104156376,2019-03-17,南,低楼层/共5层,平层/精装,144.5平米
70年,1,下城建国北路,44789元/平米,工人新村,1989年建/板楼,165,1室1厅,103104811394,2019-05-23,南,高楼层/共6层,简装,36.84平米
70年,5,江干九堡,29569元/平米,康恒悦麒美寓,2016年建/板楼,260,2室2厅,103104884933,2019-05-31,南,低楼层/共24层,平层/精装,87.93平米
70年,0,余杭良渚,23061元/平米,北秀蓝湾花苑,2005年建/板楼,318,3室2厅,103102411980,2018-05-14,南,低楼层/共11层,平层/精装,137.9平米
70年,106,上城清波,51960元/平米,后市街,1992年建/板楼,171,1室1厅,103102339343,2018-04-22,南,高楼层/共7层,平层/精装,32.91平米
70年,7,余杭未来科技城,62642元/平米,富力西溪悦墅,2017年建/板楼,830,4室2厅,103104296447,2019-04-01,南 北,下叠别墅/共4层,精装,132.5平米
70年,8,西湖九莲,79589元/平米,世贸丽晶城,2006年建/板楼,480,1室1厅,103103774336,2019-01-15,南,高楼层/共21层,平层/精装,60.31平米
40年,4,余杭良渚,20592元/平米,奥克斯缔逸城,2017年建/板楼,103,1室1厅,103103534223,2018-12-07,南,中楼层/共21层,平层/精装,50.02平米
70年,6,江干景芳,44327元/平米,景芳六区,1998年建/板楼,300,2室2厅,103104033746,2019-03-04,南,中楼层/共7层,平层/其他,67.68平米
50年,19,钱塘新区高教园区东,14445元/平米,金沙居,2009年建/板楼,65,1室1厅,103103365883,2018-11-12,北,低楼层/共18层,平层/简装,45平米
70年,6,余杭良渚,31913元/平米,玉都枫景,2012年建/板楼,280,3室2厅,103104676760,2019-05-09,南 北,中楼层/共11层,平层/精装,87.74平米
70年,29,西湖学军,59375元/平米,沈塘新村,1986年建/板楼,450,2室1厅,103102612854,2018-07-14,南,高楼层/共6层,平层/简装,75.79平米
70年,34,江干华家池,37247元/平米,浙报宿舍,1995年建/板楼,290,3室1厅,103103312206,2018-11-06,南,高楼层/共6层,平层/简装,77.86平米
70年,3,萧山萧山新城区,44944元/平米,中国铁建青秀城,2015年建/板楼,400,3室2厅,103103319180,2018-11-07,南,中楼层/共18层,简装,89平米
70年,21,余杭未来科技城,20249元/平米,百汇中心,2000年建/板楼,150,2室1厅,103102678137,2018-08-01,东,高楼层/共6层,精装,74.08平米
70年,1,下城流水苑,56856元/平米,金都华庭,2002年建/板楼,729,3室2厅,103103639169,2018-12-25,南,中楼层/共17层,平层/精装,128.22平米
70年,0,西湖申花,40328元/平米,宝嘉誉府,未知年建/板楼,360,3室2厅,103104642159,2019-05-06,南,中楼层/共19层,平层/毛坯,89.27平米
70年,1,余杭临平,20036元/平米,新丰小区,1998年建/板楼,160,2室2厅,103104517746,2019-04-23,南,中楼层/共6层,简装,79.86平米
70年,0,江干丁桥,31985元/平米,联合格里,2010年建/板楼,283,3室1厅,103104598097,2019-05-01,南 北,高楼层/共16层,平层/精装,88.48平米
70年,53,,37085元/平米,庆隆苑,2004年建/板塔结合,287,2室1厅,103103535312,2018-12-07,南 北,低楼层/共11层,平层/简装,77.39平米
70年,3,萧山闻堰,31817元/平米,江南摩卡,2009年建/板楼,300,2室2厅,103103260719,2018-11-01,南,低楼层/共28层,平层/精装,94.29平米
70年,93,余杭临平,22723元/平米,邱山小区,2008年建/板楼,120,2室1厅,103102503757,2018-06-13,南 北,中楼层/共5层,平层/简装,52.81平米
70年,7,江干四季青,49513元/平米,夕照新村,1997年建/板楼,325,2室1厅,103102585347,2018-07-07,南,低楼层/共6层,平层/简装,65.64平米
40年,0,余杭未来科技城,28836元/平米,北大资源未名府,2018年建/板楼,100,1室1厅,103105065366,2019-06-17,南,高楼层/共10层,Loft/其他,34.68平米
70年,1,萧山义桥,23870元/平米,金域三江,2009年建/板塔结合,235,2室1厅,103104526456,2019-04-24,南,低楼层/共18层,平层/简装,98.45平米
70年,7,下城石桥,29503元/平米,北景园月桂苑,2006年建/板楼,238,3室2厅,103104848935,2019-05-27,南,高楼层/共5层,复式/简装,80.67平米
70年,20,西湖之江,35378元/平米,之江九里,2016年建/板楼,890,4室1厅,103102315005,2018-04-14,南,低楼层/共16层,平层/毛坯,251.57平米
70年,7,钱塘新区工业园南,31688元/平米,东海柠檬郡,2012年建/塔楼,600,4室2厅,103104786238,2019-05-20,南,高楼层/共29层,跃层/精装,189.35平米
70年,55,西湖翠苑,43605元/平米,翠苑三区,1989年建/板楼,180,1室1厅,103102569552,2018-07-03,南 北,低楼层/共6层,平层/精装,41.28平米
50年,17,钱塘新区工业园南,17928元/平米,和达自由港,2000年建/板楼,100,4室2厅,103102675358,2018-07-31,南,低楼层/共16层,跃层/简装,55.78平米
70年,7,上城近江,51803元/平米,望江家园东园,2005年建/板楼,355,2室1厅,103104857207,2019-05-28,南,低楼层/共6层,平层/简装,68.53平米
70年,22,钱塘新区高教园区西,23244元/平米,北银公寓,2005年建/板塔结合,320,3室2厅,103103665486,2018-12-29,南,高楼层/共18层,平层/简装,137.67平米
70年,6,余杭乔司,25960元/平米,复地连城国际,2011年建/板楼,230,3室1厅,103104564176,2019-04-28,南,低楼层/共11层,平层/精装,88.6平米
70年,7,萧山钱江世纪城,35645元/平米,佳境天城人合苑,2007年建/板楼,382,2室2厅,103103513338,2018-12-04,南,中楼层/共18层,平层/简装,107.17平米
70年,24,萧山萧山新城区,37872元/平米,德圣博奥城,2013年建/板楼,420,4室2厅,103101929938,2017-11-21,东 南 北,中楼层/共30层,平层/毛坯,110.9平米
70年,55,余杭闲林,25506元/平米,盛世嘉园,2006年建/板楼,247,2室2厅,103102826511,2018-09-02,南,低楼层/共6层,平层/精装,96.84平米
70年,1,萧山闻堰,33359元/平米,江南摩卡,2009年建/板楼,450,4室2厅,103104162663,2019-03-18,南,中楼层/共6层,平层/精装,134.9平米
40年,3,江干城东新城,24222元/平米,中豪国际,2018年建/板楼,140,2室1厅,103103589404,2018-12-16,南,中楼层/共14层,毛坯,57.8平米
70年,9,余杭良渚,35715 元/平米,万科良渚文化村未来城,2016年建/板塔结合,300,3室1厅,103102932640,2018-09-17,南 北,低楼层/共33层,平层/精装,84平米
70年,8,西湖嘉绿,50151元/平米,嘉绿北苑,1998年建/板楼,450,2室2厅,103103954760,2019-02-24,南,低楼层/共6层,平层/简装,89.73平米
40年,0,下城三塘,42027元/平米,杭州新天地,2015年建/板楼,375,3室2厅,103104916237,2019-06-03,东北,中楼层/共22层,平层/精装,89.23平米
70年,14,钱塘新区大学城北,24568元/平米,宋都东郡之星,2018年建/板楼,220,3室2厅,103104074161,2019-03-09,南,高楼层/共32层,平层/毛坯,89.55平米
70年,4,余杭闲林,43465元/平米,赞成乐山红叶,2014年建/暂无数据,800,5室2厅,103103917019,2019-02-20,南,联排/共3层,毛坯,184.06平米
50年,5,下城建国北路,24448元/平米,云天财富中心,2000年建/板楼,125,1室0厅,103104200859,2019-03-22,南,中楼层/共15层,平层/简装,51.13平米
40年,4,钱塘新区高教园区东,16705元/平米,宝龙城市广场,2014年建/板楼,74,2室1厅,103103136541,2018-10-16,南,中楼层/共15层,平层/简装,44.3平米
40年,15,滨江滨江区政府,40803元/平米,中赢康康谷,2017年建/塔楼,185,2室2厅,103102343336,2018-04-23,东北,中楼层/共18层,精装,45.34平米
70年,7,余杭临平,27097元/平米,君临天下,2010年建/板楼,420,3室2厅,103101975445,2017-12-07,南,高楼层/共22层,毛坯,155平米
70年,16,西湖转塘,44965元/平米,佳兆业玖珑山,2014年建/板楼,400,4室2厅,103104210353,2019-03-23,南,高楼层/共9层,跃层/精装,88.96平米
70年,3,余杭塘栖,15167元/平米,西小河小区,未知年建/暂无数据,190,3室2厅,103104581016,2019-04-29,南,高楼层/共6层,平层/精装,125.28平米
70年,58,富阳富阳,22259元/平米,野风春晓,未知年建/板楼,138,2室2厅,103104476829,2019-04-19,南 北,高楼层/共24层,平层/精装,62平米
70年,26,西湖黄龙,70922元/平米,曙光新村,1989年建/板楼,480,3室1厅,103102974453,2018-09-21,南,中楼层/共5层,平层/简装,67.68平米
70年,10,萧山萧山新城区,44995元/平米,顺发恒园,2016年建/板楼,400,3室2厅,103103398098,2018-11-16,南,低楼层/共33层,平层/精装,88.9平米
70年,16,江干景芳,45999元/平米,景芳一区,1993年建/板楼,265,2室1厅,103104287598,2019-03-31,南 北,中楼层/共7层,平层/简装,57.61平米
70年,53,西湖西溪,66184元/平米,坤和和家园,2012年建/板楼,1800,5室4厅,103100301151,2016-05-12,南,联排/共2层,精装,271.97平米
70年,1,萧山闻堰,32217元/平米,三江花园(萧山),2000年建/板楼,300,2室2厅,103103075443,2018-10-09,南 北,中楼层/共6层,平层/精装,93.12平米
70年,18,西湖申花,37391元/平米,天虹公寓,2007年建/板楼,188,1室1厅,103104848797,2019-05-27,南,高楼层/共24层,平层/简装,50.28平米
70年,2,余杭临平,22460元/平米,美好桂花星城,2010年建/板楼,360,4室1厅,103103349765,2018-11-09,南,低楼层/共29层,平层/简装,160.29㎡
70年,4,萧山义桥,29776元/平米,绿都御景蓝湾,2017年建/板楼,265,3室2厅,103104002241,2019-03-01,南 北,中楼层/共27层,平层/精装,89平米
70年,9,余杭闲林,23596元/平米,庭院深深,2012年建/板楼,210,3室2厅,103104577523,2019-04-29,南 北,低楼层/共15层,平层/精装,89平米
40年,5,钱塘新区工业园南,23604元/平米,中豪七格,2015年建/板楼,120,2室2厅,103104008466,2019-03-02,北,低楼层/共22层,精装,50.84平米
70年,0,余杭临平,20398元/平米,树兰书香名邸,2012年建/板楼,270,4室2厅,103104908545,2019-06-02,南,中楼层/共26层,平层/简装,132.37平米
70年,0,临安临安,18218元/平米,中赢时代风景,未知年建/板楼,235,3室2厅,103103689259,2019-01-03,南 北,低楼层/共30层,毛坯,129平米
70年,21,钱塘新区高教园区西,25224元/平米,东海未名园,2005年建/板塔结合,192,2室1厅,103104126512,2019-03-14,南,高楼层/共18层,平层/简装,76.12平米
70年,6,下城流水苑,39993元/平米,流水苑,1999年建/板楼,200万元,2室1厅,103104104993,2019-03-12,南,低楼层/共7层,平层/简装,50.01平米
70年,40,江干火车东站,40060元/平米,红街公寓,2010年建/板楼,350,2室2厅,103102306961,2018-04-12,南,高楼层/共18层,平层/简装,87.37平米
70年,25,西湖西溪,52831元/平米,西溪蝶园二期,2012年建/板楼,280,1室1厅,103104302181,2019-04-01,南,中楼层/共8层,平层/精装,53平米
70年,2,拱墅桥西,66894元/平米,九龙仓碧玺,2015年建/板楼,550,3室1厅,103105017619,2019-06-13,南,中楼层/共31层,平层/精装,82.22平米
70年,0,拱墅万达广场,44778元/平米,德信晓宸,2015年建/板楼,400,3室1厅,103105033005,2019-06-14,南,低楼层/共18层,毛坯,89.33平米
70年,21,拱墅大关,43620元/平米,大浒东苑,2006年建/塔楼,175,1室1厅,103102833162,2018-09-03,南,中楼层/共17层,平层/简装,40.12平米
70年,27,余杭乔司,26961元/平米,东冠逸景花苑,2013年建/板楼,240,2室2厅,103103209195,2018-10-25,南,中楼层/共6层,平层/精装,89.02平米
70年,5,余杭乔司,28246元/平米,保亿风景晨园,2016年建/板楼,245,3室2厅,103104795735,2019-05-21,南,低楼层/共25层,平层/精装,86.74平米
70年,84,余杭乔司,24692元/平米,东冠逸景花苑,2013年建/板楼,150,2室2厅,103103732340,2019-01-10,南,中楼层/共6层,平层/精装,60.75平米
70年,4,拱墅信义坊,39532元/平米,仓基新村,1987年建/板楼,172,2室1厅,103104831862,2019-05-25,南,高楼层/共7层,平层/简装,43.51平米
70年,41,余杭塘栖,18773元/平米,九龙仓君廷,2016年建/板楼,160,3室1厅,103103875742,2019-02-15,南,低楼层/共30层,平层/毛坯,85.23平米
40年,0,下城三塘,24250元/平米,新天地G193广场,2016年建/板楼,80,1室0厅,103102549653,2018-06-27,西南,高楼层/共20层,平层/精装,32.99平米
70年,4,江干城东新城,45308元/平米,新中宇维萨,2014年建/板楼,405,2室1厅,103104268561,2019-03-29,南 北,中楼层/共20层,平层/简装,89.39平米
70年,6,西湖申花,70010元/平米,耀江文鼎苑,2009年建/板楼,620,2室1厅,103104582044,2019-04-29,南,低楼层/共24层,平层/精装,88.56平米
70年,107,上城清泰,41817元/平米,皮市巷,1986年建/板塔结合,255,3室2厅,103103996817,2019-03-01,南,中楼层/共7层,平层/精装,60.98平米
70年,0,临安临安,16376元/平米,吴越山庄,未知年建/暂无数据,150,2室2厅,103105010355,2019-06-12,南 北,中楼层/共7层,精装,91.6平米
70年,2,余杭临平,23631元/平米,新城山语院,2015年建/板楼,210,3室1厅,103103691433,2019-01-03,南,中楼层/共23层,简装,88.87平米
70年,11,余杭西溪,40554元/平米,百家乐西园,2011年建/板楼,340,2室2厅,103104114917,2019-03-13,南,高楼层/共6层,复式/简装,83.84平米
70年,4,余杭闲林,21546元/平米,新明半岛,2014年建/板楼,281,3室2厅,103104297214,2019-04-01,南 北,低楼层/共10层,平层/精装,130.42平米
70年,15,西湖文三西路,38683元/平米,康乐新村,1996年建/板楼,290,2室2厅,103102594356,2018-07-09,南,高楼层/共7层,平层/精装,74.97平米
70年,9,下城众安桥,53286元/平米,竹竿巷,2001年建/板楼,300,2室1厅,103104661137,2019-05-08,南,高楼层/共6层,平层/精装,56.3平米
40年,0,余杭临平,16667元/平米,赞成首府,2017年建/板楼,70,1室1厅,103104369818,2019-04-09,南,中楼层/共22层,精装,42平米
70年,2,下城石桥,38587元/平米,嘉里桦枫居,2013年建/塔楼,536,4室2厅,103103380085,2018-11-14,东 南 北,中楼层/共16层,平层/精装,138.91平米
70年,0,临安临安,17205元/平米,宝亿御景园,未知年建/暂无数据,160,3室2厅,103104871399,2019-05-29,南,低楼层/共6层,平层/简装,93平米
50年,11,滨江长河,33126元/平米,东方商务会馆,2000年建/板楼,122,1室2厅,103104556828,2019-04-27,西,中楼层/共16层,精装,36.83平米
70年,1,余杭临平,15895元/平米,东厦东港花苑,2011年建/板楼,255,4室2厅,103104990703,2019-06-10,南 北,高楼层/共16层,平层/毛坯,160.43平米
70年,3,西湖文教,90893元/平米,融信杭州公馆,2017年建/板楼,1500,4室2厅,103104400769,2019-04-12,南 北,中楼层/共7层,平层/毛坯,165.03平米
70年,0,余杭未来科技城,27359元/平米,西园凤都苑,未知年建/暂无数据,800,5室2厅,103104902241,2019-06-01,南 北,共1层,精装,292.41平米
40年,8,江干火车东站,25887元/平米,红街天城公寓,2012年建/板楼,81,1室1厅,103104338409,2019-04-05,南,低楼层/共18层,平层/精装,31.29平米
70年,1,上城南星,59037元/平米,春江花月,2004年建/板楼,1075,4室2厅,103104587149,2019-04-30,南,低楼层/共18层,平层/精装,182.09平米
70年,42,上城南星,51590元/平米,春江花月,2006年建/板楼,860,3室2厅,103103313347,2018-11-06,南,低楼层/共11层,平层/精装,166.7平米
40年,1,萧山钱江世纪城,24922元/平米,港汇中心,2016年建/板塔结合,325,1室1厅,103104480840,2019-04-19,南,高楼层/共33层,平层/毛坯,130.41平米
70年,0,江干钱江新城,61988元/平米,盛世钱塘,2007年建/板楼,998,3室2厅,103105007443,2019-06-12,东南,中楼层/共32层,平层/简装,161平米
70年,0,富阳富阳,30560元/平米,万安秀水山庄,2005年建/板楼,1300,7室2厅,103104519851,2019-04-23,南 北,独栋/共2层,跃层/精装,425.4平米
70年,40,拱墅半山,25725元/平米,金星桃源居,2015年建/板楼,355,3室2厅,103102359382,2018-04-28,南,中楼层/共21层,平层/精装,138平米
70年,2,拱墅湖墅,45461元/平米,稻香园南区,1995年建/板楼,348,2室1厅,103104913902,2019-06-02,南,中楼层/共7层,平层/精装,76.55平米
50年,1,滨江浦沿,21202元/平米,天鸿君邑,2010年建/板楼,120,1室1厅,103104837525,2019-05-26,北,低楼层/共29层,平层/其他,56.6平米
70年,58,拱墅信义坊,35000元/平米,仓基新村,1987年建/板楼,180,2室1厅,103103228984,2018-10-28,南,高楼层/共7层,简装,51.43平米
70年,10,余杭临平,25279元/平米,凯文杭庄,2016年建/板楼,220,2室1厅,103102887212,2018-09-09,南,中楼层/共18层,平层/精装,87.03平米
70年,5,下城朝晖,36198元/平米,朝晖九区,1996年建/板楼,270,2室1厅,103103704221,2019-01-05,南 北,中楼层/共7层,平层/简装,74.59平米
70年,5,钱塘新区沿江南,29217元/平米,保利玫瑰湾,2013年建/板楼,255,3室2厅,103104073044,2019-03-09,南,高楼层/共18层,平层/简装,87.28平米
70年,39,滨江浦沿,42472元/平米,星汇荣邸,2011年建/板楼,378,3室1厅,103103096257,2018-10-12,南,中楼层/共30层,精装,89平米
70年,1,萧山闻堰,28052元/平米,三江花园(萧山),2007年建/板楼,385,3室2厅,103104866443,2019-05-29,南 北,中楼层/共5层,平层/精装,137.25平米
40年,21,拱墅拱宸桥,23066元/平米,中国铁建国际汇,2014年建/塔楼,113,1室1厅,103102581341,2018-07-06,南,中楼层/共19层,平层/毛坯,48.99平米
70年,21,余杭乔司,26993元/平米,东冠逸景花苑,2013年建/板楼,230,2室2厅,103103753263,2019-01-13,南 北,高楼层/共9层,平层/精装,85.21平米
70年,19,西湖古荡,40577元/平米,古荡新村西区,1988年建/板楼,200,2室1厅,103104212919,2019-03-23,南,高楼层/共6层,平层/简装,49.29平米
70年,18,余杭翡翠城,39309元/平米,翡翠城三期,2013年建/板楼,650,4室1厅,103103011850,2018-09-28,南,低楼层/共15层,平层/精装,165.36平米
40年,0,西湖申花,26033元/平米,同人精华,2014年建/板塔结合,133,1室1厅,103103885210,2019-02-16,南,高楼层/共15层,平层/简装,51.09平米
70年,2,下城潮鸣,21982元/平米,中大凤栖花园,2003年建/板楼,374,1室0厅,103103472589,2018-11-28,北,低楼层/共18层,毛坯,170.14平米
70年,16,西湖申花,48921元/平米,政苑小区,2005年建/板楼,680,3室1厅,103103914086,2019-02-19,南,低楼层/共9层,平层/简装,139平米
70年,0,滨江浦沿,42809元/平米,贺田尚城,2003年建/板楼,625,3室2厅,103104745685,2019-05-16,南,中楼层/共5层,平层/精装,146平米
70年,0,余杭闲林,23072元/平米,庭院深深,2012年建/板楼,320,3室2厅,103104822650,2019-05-24,南,中楼层/共11层,平层/精装,138.7平米
70年,0,余杭瓶窑,26405元/平米,信达柳郡,未知年建/板塔结合,235,3室2厅,103104727044,2019-05-14,南,低楼层/共18层,平层/精装,89平米
70年,2,余杭未来科技城,19724元/平米,百汇中心,2000年建/板楼,230,4室3厅,103104357381,2019-04-07,南,高楼层/共6层,复式/精装,116.61平米
70年,93,萧山湘湖,20309元/平米,湖畔宽邸中央郡,未知年建/暂无数据,420,4室2厅,103102379299,2018-05-05,南,低楼层/共7层,平层/毛坯,206.81平米
70年,64,萧山萧山新城区,26095元/平米,天海阳光地带,2004年建/板楼,208,2室2厅,103103144404,2018-10-17,南,高楼层/共6层,精装,79.71平米
70年,30,拱墅湖墅,39361元/平米,左家新村,1996年建/板楼,310,2室2厅,103101876635,2017-11-03,南,低楼层/共20层,平层/简装,78.76平米
70年,4,西湖文教,64982元/平米,融信杭州公馆,2017年建/板楼,900,4室2厅,103104687590,2019-05-10,南,高楼层/共30层,平层/毛坯,138.5平米
70年,36,下城三塘,38191元/平米,灯塔豪园,2006年建/板楼,325,2室2厅,103102222392,2018-03-18,南,中楼层/共18层,平层/精装,85.1平米
70年,0,萧山萧山新城区,40147元/平米,绿都湖滨花园,2008年建/板楼,560,4室2厅,103104405398,2019-04-12,南 北,低楼层/共23层,跃层/精装,139.49平米
70年,19,滨江滨江区政府,50304元/平米,风雅钱塘,2006年建/板楼,498,2室2厅,103104019283,2019-03-03,南,中楼层/共33层,平层/精装,99平米
40年,34,余杭临平,16130元/平米,海联云客里,2017年建/板楼,50,2室1厅,103102734202,2018-08-14,南,高楼层/共12层,毛坯,31平米
70年,44,江干九堡,33600元/平米,德信金泊林公寓,2010年建/板楼,400,3室2厅,103102469117,2018-06-02,南 西 北,低楼层/共16层,平层/精装,119.05平米
70年,13,萧山义桥,19623元/平米,三水一生,2003年建/板楼,258,4室2厅,103104141667,2019-03-16,南,低楼层/共5层,平层/精装,131.48平米
40年,0,拱墅申花,34871元/平米,蓝钻天成,2016年建/塔楼,155,1室1厅,103105087476,2019-06-20,南,高楼层/共22层,平层/精装,44.45平米
40年,1,钱塘新区高教园区东,18345元/平米,宝龙城市广场,2014年建/板楼,82,1室2厅,103104510611,2019-04-22,东,高楼层/共15层,平层/精装,44.7平米
70年,15,拱墅湖墅,43357元/平米,左家新村,1993年建/板楼,310,2室1厅,103103387965,2018-11-15,南,中楼层/共6层,平层/简装,71.5平米
70年,4,余杭良渚,29205元/平米,三墩景溪北苑,2016年建/塔楼,178,2室1厅,103104707640,2019-05-12,南,中楼层/共34层,平层/简装,60.95平米
70年,24,滨江滨江区政府,43293元/平米,缤纷西苑,2004年建/板楼,355,2室1厅,103104805713,2019-05-23,南,低楼层/共6层,平层/精装,82平米
70年,2,,35146元/平米,中海定山府,2010年建/板楼,300,3室1厅,103102660989,2018-07-27,南,高楼层/共17层,简装,85.36平米
40年,1,余杭翡翠城,18861元/平米,华盛达堂巢,2013年建/板楼,90,1室1厅,103104128234,2019-03-15,南 北,中楼层/共6层,简装,47.72平米
70年,2,余杭崇贤,17480元/平米,星海云庭,未知年建/暂无数据,235,3室2厅,103104950954,2019-06-06,南 北,低楼层/共2层,平层/精装,134.44平米
70年,4,江干四季青,63648 元/平米,采荷街道商教苑社区,1984年建/板楼,215,2室0厅,103104719872,2019-05-14,南,中楼层/共6层,平层/简装,33.78平米
70年,18,西湖文教,70195元/平米,融信杭州公馆,2017年建/板楼,630,3室2厅,103102860363,2018-09-07,南 北,高楼层/共30层,平层/毛坯,89.75平米
70年,19,下城三塘,40787元/平米,东新园东荷星苑,2004年建/板楼,168,1室1厅,103102828383,2018-09-02,南 北,高楼层/共6层,简装,41.19平米
70年,2,钱塘新区工业园南,31461元/平米,东海柠檬郡,2014年建/塔楼,280,2室1厅,103103909872,2019-02-19,南,低楼层/共29层,平层/简装,89平米
70年,22,滨江浦沿,42671元/平米,,未知年建/板楼,170,1室1厅,103102829736,2018-09-02,南,中楼层/共6层,简装,39.84平米
70年,0,下城石桥,30135元/平米,景翠公寓,2009年建/板楼,255,2室1厅,103104930876,2019-06-04,南,低楼层/共11层,平层/简装,84.62平米
70年,12,江干闸弄口,41527元/平米,天运花园,2006年建/板楼,640,3室2厅,103102952572,2018-09-19,南,低楼层/共20层,平层/简装,154.12平米
70年,0,余杭良渚,25106元/平米,东田玉城,2008年建/板楼,350,4室2厅,103104716864,2019-05-13,南 北,中楼层/共11层,精装,139.41平米
70年,4,江干九堡,35270元/平米,郡原相江公寓,2012年建/板楼,900,5室1厅,103103596356,2018-12-18,南,低楼层/共25层,平层/精装,255.18平米
70年,0,富阳富阳,17015元/平米,泰禾野风大城小院,未知年建/板楼,510,6室4厅,103105059421,2019-06-17,南,联排/共4层,其他,299.75平米
70年,71,西湖小和山,18597元/平米,浪漫和山,2003年建/板楼,265,3室2厅,103102891332,2018-09-10,南,低楼层/共11层,精装,142.5㎡
70年,7,滨江滨江区政府,46767元/平米,风雅钱塘,2006年建/板楼,580,3室2厅,103105025249,2019-06-14,南,高楼层/共33层,平层/精装,124.02平米
70年,6,下城丝绸城,42965元/平米,十五家园,1998年建/板楼,218,2室1厅,103104102202,2019-03-12,南,中楼层/共7层,平层/简装,50.74平米
70年,10,西湖学军,78043元/平米,文二路21号,1982年建/板楼,590,3室1厅,103102493293,2018-06-09,南 北,高楼层/共5层,平层/简装,75.6平米
70年,3,上城复兴,45068元/平米,美政花苑,2000年建/板楼,164,1室1厅,103104854333,2019-05-27,南,低楼层/共6层,平层/精装,36.39平米
70年,2,余杭良渚,29613元/平米,昆仑华府,未知年建/板塔结合,260,4室2厅,103104471666,2019-04-18,南,高楼层/共18层,平层/毛坯,87.8平米
70年,0,临安临安,17900元/平米,越秀星汇城,未知年建/板楼,240,3室2厅,103103363979,2018-11-11,南 北,中楼层/共33层,平层/毛坯,134.08平米
70年,0,钱塘新区沿江南,23299元/平米,保利东湾,2010年建/板楼,445,4室2厅,103104507504,2019-04-22,南 北,低楼层/共34层,简装,191平米
70年,17,拱墅大关,34367元/平米,大关东八苑,1996年建/板楼,295,3室1厅,103103234691,2018-10-29,南,高楼层/共7层,平层/简装,85.84平米
40年,53,钱塘新区沿江南,14387元/平米,世茂江滨商业中心,2011年建/塔楼,145,2室2厅,103102904981,2018-09-12,南,中楼层/共28层,平层/精装,100.79平米
70年,68,拱墅申花,51686元/平米,雍荣华庭,2017年建/板楼,460,3室2厅,103103209371,2018-10-25,南,高楼层/共30层,精装,89平米
70年,7,滨江浦沿,30212元/平米,时代长岛之春,2005年建/板楼,380,3室2厅,103104137292,2019-03-15,南,高楼层/共6层,平层/精装,125.78平米
70年,22,下城武林,58834元/平米,环城西路42号,未知年建/板楼,365,2室1厅,103102269262,2018-03-31,西,中楼层/共5层,平层/简装,62.04平米
70年,19,江干丁桥,25505元/平米,丁桥兰苑,2000年建/板楼,258,3室2厅,103102313138,2018-04-14,南,高楼层/共10层,平层/简装,101.16平米
70年,37,西湖翠苑,44696元/平米,翠苑三区,1989年建/板楼,190,2室1厅,103102713105,2018-08-09,南,低楼层/共6层,平层/简装,42.51平米
70年,1,西湖转塘,37641元/平米,赞成岭上花苑,2009年建/板楼,335,3室2厅,103104769686,2019-05-19,南,中楼层/共17层,平层/精装,89平米
70年,7,萧山钱江世纪城,36391元/平米,佳境天城人合苑,2007年建/板楼,390,2室2厅,103102987354,2018-09-24,南 北,中楼层/共18层,平层/精装,107.17平米
70年,64,下城朝晖,58998元/平米,大家武林府,2013年建/板塔结合,320,1室1厅,103103189854,2018-10-22,西南,中楼层/共21层,平层/精装,54.24平米
70年,11,余杭翡翠城,29851元/平米,华元蒙卡岸,2012年建/板楼,400,3室2厅,103104306090,2019-04-02,南,低楼层/共18层,错层/精装,134平米
70年,2,西湖文三,91444元/平米,上宁新村,1985年建/板楼,280,1室1厅,103103532271,2018-12-07,南,低楼层/共6层,简装,30.62平米
50年,19,下城三塘,36714元/平米,杭州新天地,2015年建/板塔结合,185,2室2厅,103102715672,2018-08-09,南,中楼层/共11层,精装,50.39平米
70年,3,余杭临平,22880元/平米,美好桂花星城,2010年建/板楼,195,2室1厅,103104867305,2019-05-29,南,低楼层/共27层,平层/精装,85.23平米
70年,28,西湖转塘,35245元/平米,梧桐燕庐,2013年建/板楼,308,2室1厅,103103316751,2018-11-07,南,高楼层/共10层,平层/精装,87.39平米
40年,2,滨江滨江区政府,31379元/平米,融创杭州印,2017年建/板楼,183,1室1厅,103104365734,2019-04-08,东,高楼层/共39层,平层/精装,58.32平米
70年,13,江干火车东站,43225元/平米,红街公寓,2010年建/塔楼,680,4室2厅,103102879470,2018-09-08,南,低楼层/共18层,平层/精装,157.32平米
70年,3,钱塘新区沿江北,27860元/平米,野风海天城,2008年建/板楼,370,3室1厅,103103547152,2018-12-09,南,高楼层/共29层,平层/精装,132.81平米
70年,16,西湖申花,53307元/平米,上郡,2009年建/板楼,345,1室1厅,103103978912,2019-02-27,南,低楼层/共16层,平层/精装,64.72平米
70年,12,钱塘新区高教园区东,36546元/平米,保利江语海,2010年建/塔楼,270,2室1厅,103103993642,2019-02-28,南,低楼层/共34层,平层/精装,73.88平米
70年,3,滨江长河,58065元/平米,水印城,2008年建/板楼,360,2室1厅,103104840616,2019-05-26,南,中楼层/共15层,跃层/精装,62平米
70年,58,萧山钱江世纪城,50117元/平米,佳境天城境合苑,2007年建/板楼,540,4室2厅,103102799512,2018-08-29,东南,中楼层/共11层,精装,107.75平米
70年,3,余杭未来科技城,21124元/平米,西城时代家园,2012年建/板楼,350,4室2厅,103101972333,2017-12-06,南,高楼层/共6层,毛坯,165.69平米
70年,0,余杭临平,25255元/平米,绿城蓝庭东区,2013年建/板楼,226,2室2厅,103104801939,2019-05-22,南,中楼层/共18层,精装,89.49平米
70年,9,江干丁桥,34144元/平米,广宇上东名筑,2012年建/板楼,455,3室2厅,103102824691,2018-09-01,南,中楼层/共16层,平层/精装,133.26平米
70年,4,余杭临平,25433元/平米,绿城蓝庭东区,2013年建/板楼,225,2室2厅,103104638344,2019-05-05,南 北,中楼层/共18层,平层/精装,88.47平米
70年,3,钱塘新区高教园区西,33546元/平米,和达城,2013年建/板楼,380,3室2厅,103104764090,2019-05-18,南,高楼层/共16层,平层/毛坯,113.28平米
70年,42,拱墅湖墅,38969元/平米,小河东村,2000年建/板楼,275,3室1厅,103103802016,2019-01-20,南 北,中楼层/共6层,平层/简装,70.57平米
70年,0,萧山义桥,26361元/平米,金域兰庭,2011年建/板楼,235,3室2厅,103104629984,2019-05-05,南,中楼层/共11层,平层/简装,89.15平米
70年,38,江干丁桥,26038元/平米,北城枫景园,2012年建/板楼,160,2室2厅,103104556903,2019-04-27,南,中楼层/共17层,平层/毛坯,61.45平米
70年,4,余杭临平,21297元/平米,临平桂花城北区,2010年建/板楼,460,4室2厅,103101912746,2017-11-15,南,低楼层/共15层,平层/毛坯,216平米
70年,1,余杭临平,23909元/平米,贝利珑昕泽第,2013年建/板塔结合,208,2室1厅,103104704924,2019-05-12,南,低楼层/共18层,平层/精装,87平米
70年,55,西湖古荡,38807元/平米,亚洲城花园,1996年建/塔楼,320,3室1厅,103102312059,2018-04-13,东北,低楼层/共6层,平层/精装,82.46平米
70年,74,西湖三墩,37987元/平米,金地自在城,2012年建/板楼,335,3室2厅,103103508691,2018-12-03,南,高楼层/共25层,复式/精装,88.19平米
70年,67,江干钱江新城,65268元/平米,金基晓庐,2009年建/板楼,880,3室2厅,103101985600,2017-12-10,南 北,高楼层/共30层,平层/简装,134.83平米
70年,3,拱墅拱宸桥,48561元/平米,北国之春人家,2004年建/板楼,685,4室2厅,103104280639,2019-03-30,南 北,高楼层/共16层,跃层/精装,141.06平米
70年,0,临安临安,21849元/平米,春天华府(临天路),未知年建/板塔结合,260,3室1厅,103104121944,2019-03-14,南,中楼层/共33层,平层/精装,119平米
70年,7,江干九堡,30084元/平米,红苹果家园,2009年建/板楼,345,3室2厅,103103285541,2018-11-04,南 西 北,高楼层/共18层,平层/简装,114.68平米
70年,3,余杭临平,22811元/平米,景瑞御华府,2015年建/板楼,200,3室1厅,103104558868,2019-04-27,南,高楼层/共24层,平层/简装,87.68平米
70年,100,余杭未来科技城,41119元/平米,金地西溪风华,2017年建/暂无数据,625,4室2厅,103102648270,2018-07-24,南 北,下叠别墅/共6层,跃层/毛坯,152平米
50年,3,萧山钱江世纪城,56072元/平米,佳境天城天合苑,2007年建/板楼,145,2室1厅,103103452741,2018-11-25,南,低楼层/共10层,简装,25.86平米
70年,7,上城湖滨,74947元/平米,枝头巷7-28号,1987年建/板楼,452万元,2室1厅,103103360670,2018-11-11,南,中楼层/共6层,平层/简装,60.31平米
70年,5,江干丁桥,26813元/平米,北城枫景园,2012年建/板楼,220,3室2厅,103102783350,2018-08-25,南,高楼层/共17层,平层/毛坯,82.05平米
70年,3,余杭临平,24562元/平米,嘉丰万悦城,2017年建/板楼,220,3室2厅,103104166005,2019-03-18,南,中楼层/共27层,平层/精装,89.57平米
70年,23,西湖文三,56796元/平米,武林花园,1999年建/板楼,570,3室2厅,103102723381,2018-08-11,南,低楼层/共7层,平层/精装,100.36平米
40年,0,钱塘新区沿江南,16353元/平米,世茂江滨商业中心,2011年建/塔楼,110,1室1厅,103104867648,2019-05-29,南,低楼层/共28层,精装,67.27平米
70年,0,萧山义桥,27723元/平米,绿都御景蓝湾,2016年建/板楼,280,3室2厅,103104569340,2019-04-28,南,低楼层/共26层,平层/简装,101平米
70年,76,余杭闲林,18659元/平米,江南新港公寓,2008年建/板楼,220,3室2厅,103102907814,2018-09-13,南,中楼层/共16层,平层/精装,117.91平米
70年,2,余杭临平,42308元/平米,景瑞御华府,2015年建/暂无数据,550,4室2厅,103104251854,2019-03-27,南,联排/共3层,毛坯,130平米
70年,26,西湖文三西路,48864元/平米,西荡苑梨苑,未知/板楼,215,1室1厅,103103943760,2019-02-23,南,低楼层/共7层,平层/简装,44平米
70年,22,西湖文三西路,43438元/平米,嘉绿景苑东园,2007年建/板楼,280,2室1厅,103102463311,2018-05-31,东南,低楼层/共15层,平层/精装,64.46平米
70年,7,滨江长河,56899元/平米,半岛国际,2014年建/板楼,899,4室2厅,103104671784,2019-05-09,南 西 北,低楼层/共32层,精装,158平米
70年,17,拱墅拱宸桥,37189元/平米,裕兴院,2003年建/板楼,255,2室2厅,103103846018,2019-02-11,南 北,低楼层/共6层,平层/精装,68.57平米
70年,18,江干丁桥,29173元/平米,丁桥兰苑,2010年建/板楼,298,3室2厅,103102563801,2018-07-01,南,高楼层/共12层,平层/精装,102.15平米
70年,4,萧山萧山开发区,18745元/平米,明华明辉花园,2002年建/板楼,310,3室2厅,103104519990,2019-04-23,南,低楼层/共19层,毛坯,165.38平米
70年,5,余杭未来科技城,30369元/平米,杭州未来广场银天金城,未知年建/暂无数据,140,1室1厅,103104579235,2019-04-29,南,高楼层/共11层,精装,9平米
70年,15,西湖小和山,21182元/平米,泊林漫谷,2010年建/板楼,300,3室2厅,103102579856,2018-07-05,南,低楼层/共12层,精装,141.63平米
70年,0,临安临安,16335元/平米,钱锦花园,未知年建/板楼,258,4室2厅,103104174271,2019-03-19,南,高楼层/共23层,精装,157.95平米
70年,3,江干笕桥,41566元/平米,原筑壹号,2010年建/板塔结合,290,2室2厅,103104633588,2019-05-05,南,高楼层/共13层,跃层/精装,69.77平米
70年,7,西湖三墩,34905元/平米,三墩颐景园,2004年建/板楼,425,3室2厅,103104708618,2019-05-13,南,低楼层/共10层,平层/毛坯,121.76平米
40年,22,萧山萧山新城区,20017元/平米,中誉万豪广场,2008年建/塔楼,270,3室2厅,103103596689,2018-12-18,南,中楼层/共20层,平层/精装,134.89平米
70年,1,临安临安,18249元/平米,越秀星汇城,未知年建/板楼,170,3室2厅,103104242285,2019-03-26,南,高楼层/共11层,简装,93.16平米
70年,0,西湖文三西路,45813元/平米,城市心境,2004年建/板楼,634,3室2厅,103104979972,2019-06-09,南,中楼层/共11层,精装,138.39平米
70年,25,江干景芳,40426元/平米,景芳六区,1998年建/板楼,475,3室1厅,103103555195,2018-12-11,南,中楼层/共6层,平层/精装,117.5平米
70年,29,下城建国北路,38049元/平米,体育场路2-70号,未知年建/板楼,170,1室1厅,103104818863,2019-05-24,南 北,高楼层/共6层,平层/简装,44.68平米
70年,0,滨江白马湖,39251元/平米,保亿风景蝶院观园,2010年建/板楼,350,2室2厅,103104757818,2019-05-17,南,高楼层/共25层,简装,89.17平米
70年,0,西湖良渚,29331元/平米,都市阳光嘉苑,2010年建/板楼,180,1室2厅,103104946403,2019-06-05,南,中楼层/共17层,平层/简装,61.37平米
70年,8,下城建国北路,44461元/平米,莫衙营,1998年建/板楼,315,2室2厅,103104486782,2019-04-20,南 北,中楼层/共7层,平层/精装,70.85平米
70年,13,萧山钱江世纪城,30899元/平米,德信泊林春天,2017年建/板楼,275,3室2厅,103103132583,2018-10-16,南,低楼层/共33层,平层/毛坯,89平米
70年,9,江干九堡,41153元/平米,阳光城普升,2016年建/板楼,367,3室1厅,103104326810,2019-04-04,南,高楼层/共16层,平层/精装,89.18平米
70年,5,西湖文一西路,48201元/平米,湖畔花园闻莺苑,2000年建/板楼,750,3室2厅,103104167002,2019-03-18,东,中楼层/共10层,错层/精装,155.6平米
70年,22,下城朝晖,39487元/平米,中北西子花园,2000年建/板塔结合,458,3室2厅,103103235279,2018-10-29,东南,低楼层/共26层,平层/精装,115.99平米
70年,0,临安临安,16418元/平米,越秀星汇城,未知年建/板楼,220,3室2厅,103104606030,2019-05-02,南,高楼层/共33层,毛坯,134平米
70年,5,滨江浦沿,36967元/平米,银爵世纪公寓,2008年建/板楼,329,2室2厅,103104408209,2019-04-12,南 北,高楼层/共32层,平层/简装,89平米
40年,0,钱塘新区高教园区东,21154元/平米,宝龙城市广场,2014年建/板楼,110,3室1厅,103104991471,2019-06-10,南,低楼层/共15层,简装,52平米
70年,9,下城三里亭,33033元/平米,三里家园一区,2006年建/塔楼,395,3室2厅,103104117362,2019-03-13,东 南 北,低楼层/共16层,平层/简装,119.58平米
70年,3,余杭临平,27989元/平米,东海水景城,2010年建/板楼,377,3室2厅,103102955985,2018-09-20,南,中楼层/共25层,精装,134.7平米
70年,1,萧山钱江世纪城,64038元/平米,滨江金色江南,2016年建/板塔结合,570,2室1厅,103105103126,2019-06-21,南,低楼层/共27层,精装,89.01平米
70年,3,余杭仁和,18585元/平米,清合嘉园东区,2006年建/板楼,210,3室2厅,103102953330,2018-09-19,南,低楼层/共6层,平层/简装,113平米
70年,6,西湖黄龙,47642 元/平米,庆丰新村,1989年建/板楼,300,2室1厅,103104321673,2019-04-03,南,高楼层/共6层,简装,62.97平米
70年,3,余杭闲林,29965元/平米,闲林山水木兰苑,2006年建/板楼,600,5室2厅,103102678307,2018-08-01,南,高楼层/共5层,精装,200.24平米
70年,0,临安临安,17911元/平米,翠紫苑,2013年建/板楼,240,3室2厅,103104494258,2019-04-20,南,高楼层/共7层,精装,134㎡
70年,0,余杭临平,22997元/平米,理想家园,2011年建/板楼,320,3室2厅,103105050903,2019-06-16,南,低楼层/共18层,平层/毛坯,139.15平米
70年,0,西湖良渚,36802元/平米,中国铁建西湖国际城,未知年建/板楼,330,3室2厅,103105031731,2019-06-14,南,低楼层/共34层,平层/毛坯,89.67平米
40年,0,钱塘新区金沙湖,22471元/平米,金沙国际,2016年建/塔楼,135,2室1厅,103104635274,2019-05-05,南,中楼层/共26层,简装,60.08平米
70年,22,余杭临平,21952元/平米,东安景苑,2000年建/板楼,180,2室1厅,103102015614,2017-12-22,南,中楼层/共29层,平层/毛坯,82平米
70年,42,余杭闲林,32255元/平米,绿城桃源小镇,未知年建/板楼,800,5室3厅,103102584335,2018-07-07,南 北,联排/共3层,精装,248.03平米
70年,0,钱塘新区金沙湖,39360元/平米,龙湖滟澜山丽轩一期,2011年建/板楼,300,2室2厅,103105075935,2019-06-19,西,中楼层/共24层,跃层/精装,76.22平米
70年,5,江干笕桥,44899元/平米,金色黎明三期,2016年建/板楼,400,3室1厅,103103963539,2019-02-25,南,低楼层/共16层,平层/精装,89.09平米
70年,17,上城潮鸣,56044元/平米,檀香园,2008年建/板楼,880,3室2厅,103102418418,2018-05-16,南 北,中楼层/共18层,平层/简装,157.02平米
70年,12,钱塘新区沿江北,23769元/平米,多蓝水岸银沙苑,2007年建/塔楼,328,3室2厅,103104245706,2019-03-27,南,低楼层/共11层,平层/精装,138平米
70年,19,拱墅和睦,35879元/平米,和睦新村,1989年建/板楼,218,2室1厅,103103968851,2019-02-26,南,高楼层/共5层,平层/精装,60.76平米
70年,0,,17373元/平米,越秀星汇城,未知年建/板楼,205,4室2厅,103105053821,2019-06-16,东北 南,低楼层/共33层,毛坯,118平米
70年,9,钱塘新区高教园区东,39986元/平米,保利江语海,2010年建/塔楼,330,3室2厅,103104314662,2019-04-03,南,中楼层/共32层,平层/精装,82.53平米
70年,26,江干火车东站,999999元/平米,天城府,2017年建/板楼,400,3室2厅,103102782069,2018-08-25,南 北,高楼层/共16层,平层/精装,88.26平米
70年,9,余杭临平,25104元/平米,理想康城国际,2011年建/板楼,450,3室2厅,103103911044,2019-02-19,南,低楼层/共23层,平层/毛坯,179.26平米
70年,11,江干笕桥,46867元/平米,金色黎明三期,2016年建/板楼,620,3室2厅,103102568090,2018-07-02,南 北,低楼层/共16层,平层/精装,132.29平米
70年,3,余杭仁和,16526元/平米,耀达仁和印象,2005年建/板楼,175,3室2厅,103104699232,2019-05-12,南,低楼层/共12层,平层/简装,105.9平米
70年,23,西湖西溪,56547元/平米,坤和和家园,2012年建/板楼,488,4室2厅,103103049427,2018-10-05,南 北,低楼层/共13层,平层/精装,86.3平米
70年,5,萧山义桥,28652元/平米,绿都御景蓝湾,2017年建/板楼,255,3室2厅,103104958303,2019-06-07,南,中楼层/共26层,平层/精装,89平米
40年,26,拱墅申花,33847元/平米,中天西城纪,2014年建/板楼,220,3室1厅,103102403275,2018-05-12,东,高楼层/共14层,复式/精装,65平米
40年,6,钱塘新区高教园区西,17622元/平米,盛泰时代山,2013年建/板塔结合,80,1室1厅,103104020129,2019-03-03,北,高楼层/共20层,平层/简装,45.4平米
70年,13,余杭崇贤,22292元/平米,中尚橄榄树花园（南区）,2010年建/板楼,200,3室2厅,103104560141,2019-04-27,南,中楼层/共6层,平层/精装,89.72平米
70年,0,临安临安,16667元/平米,钱锦花园,未知年建/板楼,220,3室2厅,103105068453,2019-06-18,东南,中楼层/共21层,精装,132平米
70年,3,余杭闲林,25416元/平米,复地上城,2014年建/板楼,295,3室2厅,103104940539,2019-06-05,北 南,中楼层/共17层,平层/简装,116.07平米
70年,0,江干九堡,40796元/平米,阳光城普升,2016年建/板楼,365,3室2厅,103104901257,2019-06-01,南,中楼层/共16层,平层/精装,89.47平米
70年,30,西湖转塘,33205元/平米,朗郡庭园,2011年建/板楼,860,4室2厅,103101085456,2017-03-12,南,高楼层/共27层,平层/毛坯,259平米
40年,2,余杭塘栖,11975元/平米,万华1号,2014年建/板楼,65,2室2厅,103104752820,2019-05-17,北,中楼层/共19层,毛坯,54.28平米
70年,1,临安临安,18540元/平米,越秀星汇城,未知年建/板楼,167,3室2厅,103104785254,2019-05-20,南,低楼层/共33层,平层/毛坯,90.08平米
70年,12,西湖文教,76165元/平米,花园西村,1985年建/板楼,425,2室1厅,103103970994,2019-02-26,南,中楼层/共7层,平层/精装,55.8平米
70年,21,西湖转塘,34603元/平米,云溪香山,2008年建/板楼,330,2室2厅,103103287700,2018-11-04,南,低楼层/共11层,平层/精装,95.37平米
70年,44,拱墅桥西,55037元/平米,名城公馆,2013年建/板楼,495,3室2厅,103104006406,2019-03-02,南,低楼层/共22层,平层/精装,89.94平米
70年,4,钱塘新区工业园南,30380元/平米,东海柠檬郡,2014年建/塔楼,480,5室2厅,103102744997,2018-08-16,南,高楼层/共29层,跃层/精装,158平米
70年,21,江干丁桥,29115元/平米,广大融城印象,2015年建/板楼,242,2室2厅,103104012842,2019-03-02,南,低楼层/共14层,平层/简装,83.12平米
70年,3,余杭西溪,40014元/平米,百家乐西园,2011年建/板楼,360,3室1厅,103104103957,2019-03-12,南,低楼层/共6层,精装,89.97平米
40年,0,余杭未来科技城,26689元/平米,西溪八方城,2015年建/板楼,145,2室1厅,103105005714,2019-06-12,东,中楼层/共12层,跃层/简装,54.33平米
50年,12,滨江滨江区政府,38390元/平米,世茂智慧之门,2018年建/板楼,205,2室1厅,103102879611,2018-09-08,东南,低楼层/共19层,跃层/精装,53.4平米
70年,26,余杭闲林,24571元/平米,华元玉榕庄,2013年建/板塔结合,700,5室2厅,103102593808,2018-07-09,南 北,联排/共3层,毛坯,284.9平米
70年,5,西湖文三西路,32584元/平米,南都德迦西区,1999年建/板楼,850,6室2厅,103103462738,2018-11-26,南,高楼层/共5层,复式/精装,260.87平米
70年,18,下城朝晖,48773元/平米,中山北园,1995年建/板楼,455,4室1厅,103102644120,2018-07-22,南 北,中楼层/共7层,平层/简装,93.29平米
70年,1,滨江浦沿,34132元/平米,钱塘大观,未知年建/板楼,788,4室2厅,103105000962,2019-06-11,南 东,低楼层/共28层,平层/毛坯,230.87平米
50年,0,拱墅桥西,20267元/平米,宜家时代,2010年建/板楼,140,2室1厅,103104957732,2019-06-07,南,中楼层/共17层,平层/精装,69.08平米
70年,1,拱墅和睦,36975元/平米,和睦新村,1989年建/板楼,218,2室1厅,103104259760,2019-03-28,南,高楼层/共5层,平层/简装,58.96平米
70年,1,滨江滨江区政府,48707元/平米,铂金时代公寓,2009年建/板楼,565,3室1厅,103103956835,2019-02-24,南,中楼层/共23层,平层/精装,116平米
70年,7,钱塘新区高教园区西,20998元/平米,清雅苑,2000年建/板楼,336,4室2厅,103103713366,2019-01-07,南,低楼层/共6层,简装,160.02平米
70年,18,江干九堡,36093元/平米,丽江公寓,2009年建/塔楼,320,2室2厅,103104529354,2019-04-24,南 北,中楼层/共18层,平层/精装,88.66平米
70年,10,余杭闲林,20711元/平米,绿城桃源小镇,未知年建/暂无数据,270,3室2厅,103103911770,2019-02-19,南,低楼层/共6层,平层/毛坯,130.37平米
70年,85,西湖文三西路,43813元/平米,香樟公寓,1997年建/板楼,405,3室2厅,103102262131,2018-03-29,南,中楼层/共6层,平层/简装,92.44平米
70年,0,拱墅万达广场,36013元/平米,方正荷塘月色,2014年建/板楼,950,7室3厅,103102542918,2018-06-25,南,高楼层/共22层,跃层/毛坯,263.8平米
70年,13,余杭未来科技城,18122元/平米,杉杉恒和依山郡,2013年建/板楼,158,2室2厅,103102475468,2018-06-04,西南,高楼层/共11层,精装,87.19平米
70年,13,上城复兴,39782元/平米,美政花苑,2005年建/塔楼,670,4室2厅,103102639805,2018-07-21,南 北,低楼层/共18层,平层/简装,168.42平米
70年,5,上城雄镇楼,48125元/平米,江枫苑,2000年建/板楼,462,2室2厅,103103164802,2018-10-18,南 北,中楼层/共6层,平层/精装,96平米
40年,0,滨江滨江区政府,40498元/平米,融创杭州印,2017年建/板楼,192,1室1厅,103104368400,2019-04-08,东,中楼层/共39层,精装,47.41平米
70年,4,钱塘新区沿江南,29553元/平米,世茂江滨花园瑞景湾,2010年建/板楼,260,2室1厅,103104884593,2019-05-31,南,低楼层/共33层,平层/精装,87.98平米
70年,18,余杭临平,14872元/平米,好望公寓,2002年建/板楼,580,7室4厅,103104720715,2019-05-14,南,高楼层/共11层,跃层/毛坯,390平米
70年,1,下城建国北路,45335元/平米,艮园社区,1999年建/板楼,360,2室2厅,103104751027,2019-05-17,南 北,中楼层/共7层,平层/精装,79.41平米
70年,16,上城清波,40872元/平米,中山苑,1997年建/板楼,600,4室2厅,103102539026,2018-06-24,西北,中楼层/共15层,平层/简装,146.8平米
70年,14,萧山钱江世纪城,33864元/平米,佳境天城人合苑,2007年建/板楼,360,2室1厅,103102810190,2018-08-31,西南,中楼层/共18层,平层/简装,106.31平米
70年,12,上城复兴,43728元/平米,复兴东苑,1998年建/板楼,290,2室1厅,103102789573,2018-08-27,南,低楼层/共6层,平层/精装,66.32平米
50年,11,下城三塘,39691元/平米,杭州新天地,2015年建/板塔结合,200,2室2厅,103102161023,2018-03-01,南,中楼层/共11层,Loft/精装,50.39平米
50年,0,余杭未来科技城,31975元/平米,西溪永乐城,2017年建/板楼,160,1室1厅,103104758514,2019-05-17,北,高楼层/共20层,精装,50.04平米
70年,2,临安临安,14368元/平米,青山鹤岭,2013年建/板楼,165,3室2厅,103102768289,2018-08-22,南,中楼层/共7层,平层/毛坯,114.84平米
40年,29,下城三塘,31223元/平米,杭州新天地,未知年建/板楼,180,1室1厅,103103030110,2018-09-30,南,中楼层/共12层,平层/精装,57.65平米
70年,62,拱墅三墩,29641元/平米,,2008年建/板楼,305,3室2厅,103103077153,2018-10-09,南,低楼层/共11层,平层/简装,102.9平米
40年,4,钱塘新区沿江南,15023元/平米,保利湾天地,2010年建/板楼,145,2室2厅,103102574662,2018-07-04,东南,高楼层/共33层,跃层/精装,96.52平米
70年,3,余杭良渚,33019元/平米,昆仑华府,2017年建/板楼,350,2室2厅,103103388001,2018-11-15,南,中楼层/共18层,平层/精装,106平米
70年,0,江干九堡,39326元/平米,康恒悦麒美寓,2016年建/板楼,350,3室2厅,103104205028,2019-03-22,南,高楼层/共24层,平层/精装,89平米
70年,0,临安临安,16059元/平米,中赢时代风景,未知年建/板楼,220,3室2厅,103104730114,2019-05-15,南 北,高楼层/共29层,简装,137平米
70年,12,钱塘新区金沙湖,41861元/平米,龙湖滟澜山茗轩南区三期,2011年建/板楼,360,3室1厅,103103606128,2018-12-19,南,中楼层/共21层,平层/毛坯,86平米
70年,8,余杭良渚,24540元/平米,天阳棕榈湾二期,2004年建/板楼,400,5室2厅,103104510836,2019-04-22,南 北,高楼层/共18层,跃层/精装,163平米
40年,3,余杭临平,18896元/平米,万宝城,2016年建/板楼,103,2室1厅,103103562019,2018-12-12,东 南,高楼层/共23层,平层/毛坯,54.51平米
70年,14,临安临安,13271元/平米,锦绣钱塘,未知年建/板楼,660,5室2厅,103103974833,2019-02-26,南,低楼层/共2层,毛坯,497.34平米
40年,13,余杭临平,15765元/平米,万宝城,2016年建/板楼,62,1室1厅,103102674587,2018-07-31,东,高楼层/共23层,平层/毛坯,39.33平米
70年,0,萧山钱江世纪城,32034元/平米,德信泊林春天,2017年建/板楼,285,3室2厅,103104673120,2019-05-09,南 北,中楼层/共32层,平层/精装,88.97平米
70年,30,江干景芳,38737元/平米,景芳三区,1996年建/板楼,222,2室1厅,103103945620,2019-02-23,南,中楼层/共6层,平层/毛坯,57.31平米
70年,1,上城潮鸣,36564元/平米,马坡巷,1988年建/暂无数据,140,1室1厅,103104942261,2019-06-05,东南,高楼层/共6层,毛坯,38.29平米
70年,47,余杭三墩,26429元/平米,铭雅苑东区,2004年建/板楼,340,4室2厅,103101045427,2017-03-02,南 北,低楼层/共6层,平层/简装,128.65平米
70年,15,江干城东新城,43056元/平米,新中宇维萨,2014年建/板楼,385,3室1厅,103104505066,2019-04-22,南,中楼层/共17层,平层/毛坯,89.42平米
70年,14,江干丁桥,28500元/平米,郡枫绿园东区,2015年建/板楼,180,2室1厅,103104357918,2019-04-07,南,中楼层/共17层,平层/毛坯,63.16平米
40年,2,滨江长河,34065元/平米,恒鼎博邑郡,2016年建/板楼,160,1室2厅,103104620752,2019-05-04,西,高楼层/共19层,精装,46.97平米
70年,2,江干九堡,36220元/平米,宋都阳光国际,2013年建/板塔结合,630,3室2厅,103104538644,2019-04-25,南,低楼层/共24层,平层/精装,173.94平米
70年,0,临安临安,20473元/平米,春天华府(临天路),未知年建/板塔结合,260,3室2厅,103103804054,2019-01-21,南,中楼层/共33层,毛坯,127平米
40年,1,余杭未来科技城,22883元/平米,富力天贸广场,2014年建/板楼,295,2室2厅,103104476951,2019-04-19,南,中楼层/共8层,平层/精装,128.92平米
70年,4,钱塘新区高教园区东,30983元/平米,景冉佳园,2014年建/板塔结合,253,2室2厅,103104646047,2019-05-06,南,高楼层/共27层,平层/简装,81.66平米
40年,6,余杭塘栖,18750元/平米,美致生活广场,2016年建/板楼,180,4室2厅,103102418334,2018-05-16,东 南,低楼层/共27层,平层/毛坯,96平米
40年,2,萧山南部卧城,21408元/平米,南润名座,2017年建/板楼,160,2室2厅,103104916366,2019-06-03,南,高楼层/共22层,平层/精装,74.74平米
70年,16,下城三塘,35607元/平米,六塘公寓,1998年建/板楼,225,2室2厅,103104424839,2019-04-14,南,低楼层/共7层,平层/简装,63.19平米
70年,1,余杭闲林,25650元/平米,新时代城市家园,2015年建/板塔结合,225,2室2厅,103104751997,2019-05-17,南,中楼层/共25层,平层/精装,87.72平米
70年,3,西湖嘉绿,85143元/平米,世纪新城东区,2005年建/板楼,1490,5室2厅,103104912009,2019-06-02,南,高楼层/共4层,精装,175平米
70年,8,江干景芳,45504元/平米,景芳二区,1997年建/板楼,336,3室1厅,103102742601,2018-08-16,南,高楼层/共7层,简装,73.84平米
70年,1,西湖三墩,33611元/平米,润达花园,1997年建/板楼,275,2室2厅,103104811094,2019-05-23,南 北,中楼层/共6层,平层/简装,81.82㎡
70年,4,余杭小和山,20049元/平米,华盛星洲翠谷,2010年建/板楼,320,4室2厅,103102395249,2018-05-09,南 北,高楼层/共6层,跃层/简装,159.61平米
70年,6,余杭良渚,33071元/平米,九衡公寓,2013年建/板楼,210万元,2室2厅,103103353721,2018-11-10,南,中楼层/共10层,精装,63.5平米
70年,2,下城武林,59870元/平米,环城西路98号,1989年建/板楼,266,1室1厅,103102413430,2018-05-15,东 南,高楼层/共6层,平层/简装,44.43平米
70年,0,余杭良渚,28410元/平米,玉都枫景,2012年建/板楼,250,3室2厅,103105015298,2019-06-13,南 北,高楼层/共11层,平层/精装,88平米
70年,0,下城长庆,44087元/平米,林司后,1991年建/板楼,372,3室1厅,103104341278,2019-04-06,南 北,低楼层/共7层,简装,84.38平米
70年,0,余杭乔司,22620 元/平米,复地连城国际,2014年建/板楼,285,3室2厅,103104599423,2019-05-01,南 北,低楼层/共16层,平层/精装,126平米
70年,6,下城建国北路,49178元/平米,中江花园,2000年建/板楼,870,4室2厅,103104799015,2019-05-22,东 南 北,中楼层/共7层,平层/精装,176.91平米
40年,3,拱墅信义坊,19048元/平米,美都广场,2003年建/板楼,68,1室1厅,103104022207,2019-03-03,北,高楼层/共18层,平层/简装,35.7平米
40年,0,余杭未来科技城,27207元/平米,西溪蓝海,2017年建/塔楼,90,1室1厅,103103194239,2018-10-23,西,中楼层/共23层,精装,33.08平米
70年,2,西湖学军,96344元/平米,文二新村,1981年建/板楼,585,2室1厅,103104933695,2019-06-04,南,高楼层/共6层,平层/简装,60.72平米
70年,0,江干九堡,45025元/平米,远洋心里,2014年建/塔楼,400,3室2厅,103104806253,2019-05-23,南,高楼层/共11层,平层/精装,88.84平米
70年,2,上城近江,50725元/平米,近江家园一园,2003年建/板楼,700,4室2厅,103104496820,2019-04-21,南,高楼层/共7层,跃层/精装,138平米
70年,3,江干城东新城,66769元/平米,德信浙旅东宸,2017年建/板楼,1350,7室2厅,103104753842,2019-05-17,南 北,高楼层/共11层,跃层/精装,202.19平米
70年,1,余杭翡翠城,32795元/平米,华元蒙卡岸,2012年建/板楼,418,4室2厅,103102683636,2018-08-02,南 北,低楼层/共13层,错层/简装,127.46平米
70年,7,西湖文一西路,56972元/平米,桂花城,2001年建/板塔结合,930,5室2厅,103102835004,2018-09-03,南 北,高楼层/共9层,复式/简装,163.24平米
70年,8,上城复兴,41861元/平米,蓝江公寓,2005年建/板楼,612,3室2厅,103103934906,2019-02-22,南 北,低楼层/共11层,平层/简装,146.2平米
70年,12,萧山湘湖,21928元/平米,威尼斯水城,2007年建/板楼,510,5室2厅,103102644707,2018-07-23,东南,高楼层/共5层,跃层/毛坯,232.58平米
70年,30,萧山钱江世纪城,43780元/平米,万和国际,2014年建/板楼,430,3室1厅,103102594370,2018-07-09,南,中楼层/共32层,平层/毛坯,98.22平米
70年,0,西湖西溪,63044元/平米,万科西庐一期,2016年建/板楼,870,3室2厅,103104637972,2019-05-05,南,中楼层/共11层,平层/精装,138平米
40年,0,拱墅拱宸桥,35485元/平米,远洋杭州大运河商务区,2015年建/塔楼,160,1室0厅,103102740608,2018-08-15,西南,中楼层/共18层,精装,45.09平米
70年,14,西湖古荡,52632元/平米,古荡新村西区,1990年建/板楼,175,1室1厅,103104642685,2019-05-06,南,低楼层/共6层,平层/精装,33.25平米
40年,1,西湖申花,30694元/平米,同人精华,2014年建/板塔结合,100,1室0厅,103103488193,2018-11-30,南,低楼层/共15层,平层/精装,32.58平米
70年,63,西湖三墩,39623元/平米,金地自在城,2012年建/板楼,315,3室2厅,103103594618,2018-12-17,南,低楼层/共26层,简装,79.5平米
70年,10,余杭闲林,30522元/平米,金岸提香,2011年建/板塔结合,720,5室2厅,103102834215,2018-09-03,南,联排/共3层,精装,235.9平米
70年,209,余杭闲林,20721元/平米,庭院深深,2012年建/板楼,210,2室2厅,103101590416,2017-08-07,南,高楼层/共26层,精装,101.35平米
70年,1,余杭闲林,24879元/平米,德信早安,2016年建/塔楼,220,3室2厅,103105058801,2019-06-17,南 北,高楼层/共18层,平层/精装,88.43平米
70年,5,萧山萧山市区,25758元/平米,回澜南园,1993年建/板楼,328,3室2厅,103102770721,2018-08-22,南,中楼层/共6层,简装,127.34平米
70年,4,余杭临平,22000元/平米,凤仪家园,2001年建/板楼,275,3室2厅,103104171663,2019-03-19,南,中楼层/共5层,简装,125平米
70年,4,余杭西溪,39741元/平米,百家乐西园,2011年建/板楼,355,3室1厅,103104150905,2019-03-17,南,中楼层/共6层,平层/精装,89.33平米
70年,6,拱墅申花,51903元/平米,万家花城二期,2009年建/板楼,457,3室1厅,103104340548,2019-04-06,南,高楼层/共18层,平层/简装,88.05平米
70年,3,余杭勾庄,37104元/平米,万科杭宸,未知年建/板楼,330,3室2厅,103104188659,2019-03-21,南,中楼层/共11层,平层/精装,88.94平米
70年,1,滨江滨江区政府,59884元/平米,荣安望江南,2013年建/板楼,515,2室1厅,103105044508,2019-06-15,南,低楼层/共27层,平层/精装,86平米
70年,5,余杭良渚,28184元/平米,万科缦云坊,2015年建/板楼,340,3室2厅,103104218188,2019-03-24,南,中楼层/共10层,平层/精装,120.64平米
70年,15,滨江西兴,48759元/平米,云厦连园,2010年建/板楼,430,3室2厅,103103228017,2018-10-28,东南,高楼层/共12层,平层/精装,88.19平米
70年,9,,21297元/平米,闲林山水海棠苑,2007年建/板楼,230,3室1厅,103104699901,2019-05-12,南,低楼层/共5层,平层/简装,108平米
70年,1,萧山萧山开发区,35806元/平米,科尔世纪外滩,2017年建/板楼,1200,6室4厅,103104799261,2019-05-22,南,联排/共3层,毛坯,335.14平米
40年,1,西湖申花,27204元/平米,同人精华,2014年建/板塔结合,100,1室1厅,103104133268,2019-03-15,东,高楼层/共16层,简装,36.76平米
70年,4,余杭闲林,22079元/平米,闲林山水丹枫苑,2008年建/板楼,307,3室2厅,103104939062,2019-06-05,南 北,中楼层/共11层,平层/精装,139.05平米
70年,5,江干钱江新城,74525元/平米,万象城悦府,2008年建/板楼,1460,3室2厅,103104888519,2019-05-31,南 北,低楼层/共41层,平层/精装,195.91平米
40年,0,江干火车东站,24797元/平米,红街天城公寓,2012年建/板楼,128,2室1厅,103104522438,2019-04-23,南,低楼层/共18层,精装,51.62平米
40年,6,钱塘新区高教园区西,13637元/平米,华元十六街区,2003年建/板楼,60,1室1厅,103104185177,2019-03-20,南,高楼层/共16层,平层/精装,44平米
70年,2,江干景芳,44070元/平米,景芳新五区,1997年建/板楼,243,2室1厅,103104928969,2019-06-04,南,中楼层/共7层,平层/简装,55.14平米
70年,9,下城石桥,35976元/平米,嘉里桦枫居,2013年建/塔楼,295,2室2厅,103103683192,2019-01-02,南,高楼层/共16层,平层/精装,82平米
70年,0,江干九堡,40358元/平米,保利梧桐语,2015年建/板楼,352,3室2厅,103104891190,2019-05-31,南,低楼层/共17层,简装,87.22平米
70年,0,上城鼓楼,49943元/平米,候潮公寓,1998年建/板楼,305,2室1厅,103103994245,2019-02-28,南,中楼层/共7层,简装,61.07平米
70年,6,江干华家池,61757元/平米,绿地华家池印,2017年建/板楼,550,3室2厅,103104830365,2019-05-25,南,低楼层/共31层,平层/其他,89.06平米
70年,2,余杭临平,24476元/平米,莱茵旺角七号,2015年建/板楼,210,3室2厅,103104008842,2019-03-02,南,中楼层/共18层,精装,85.8平米
70年,2,西湖文三西路,52006元/平米,府苑新村,1999年建/板楼,520,2室1厅,103103447627,2018-11-24,南,高楼层/共6层,跃层/简装,99.99平米
70年,5,西湖嘉绿,38985元/平米,物华小区,1998年建/板楼,318,2室2厅,103104739751,2019-05-16,南,中楼层/共6层,平层/简装,81.57平米
70年,20,滨江彩虹城,27709元/平米,碧水豪园,2005年建/板楼,700,6室2厅,103102711847,2018-08-09,南 北,高楼层/共6层,简装,252.63平米
70年,8,余杭良渚,31146元/平米,上实海上海,2018年建/板楼,280,3室1厅,103104659598,2019-05-08,南,高楼层/共26层,平层/精装,89.9平米
70年,0,西湖文一西路,48358元/平米,湖畔花园吐翠苑,未知年建/板楼,680,3室2厅,103104886445,2019-05-31,南,低楼层/共1层,精装,140.62平米
70年,54,下城长庆,43042元/平米,长宁街,1990年建/板楼,150,1室1厅,103102621721,2018-07-17,南,低楼层/共7层,平层/简装,34.85平米
40年,0,钱塘新区金沙湖,20162元/平米,绿城财通中心,2014年建/板楼,100,1室1厅,103104395239,2019-04-11,南,高楼层/共24层,平层/精装,49.6平米
70年,2,余杭星桥,21004元/平米,广厦天都城爵士花园,未知年建/板楼,295,3室2厅,103104532340,2019-04-24,南,高楼层/共16层,平层/毛坯,140.45平米
70年,1,西湖文一西路,64684元/平米,星洲花园格兰馨芦,2000年建/板楼,598,2室2厅,103104909528,2019-06-02,南 北,中楼层/共6层,简装,92.45平米
70年,11,江干景芳,58042元/平米,东城印象公寓,2013年建/板楼,515,2室2厅,103102186817,2018-03-08,南,中楼层/共25层,平层/精装,88.73平米
40年,5,余杭未来科技城,25741元/平米,富力十号一期,2017年建/板楼,120,2室1厅,103103496323,2018-12-01,北,低楼层/共10层,精装,46.62平米
70年,4,滨江长河,46470元/平米,白金海岸,2006年建/板楼,618,3室2厅,103104247433,2019-03-27,南 北,中楼层/共13层,简装,132.99平米
70年,7,萧山义桥,22773元/平米,金域三江,2009年建/板塔结合,230,3室2厅,103103400413,2018-11-17,南,高楼层/共32层,平层/简装,101平米
70年,32,余杭临平,16982元/平米,运河玲珑香榭,2015年建/板楼,360,4室2厅,103102059040,2018-01-08,南,低楼层/共11层,平层/精装,212平米
70年,5,西湖三墩,44972元/平米,协安紫郡,2016年建/板楼,778,4室2厅,103104997149,2019-06-11,南 北,高楼层/共20层,平层/其他,173平米
70年,1,钱塘新区大学城北,28062元/平米,杭州碧桂园,2014年建/塔楼,250,3室2厅,103102920120,2018-09-15,南,高楼层/共33层,简装,89.09平米
70年,18,余杭临平,23143元/平米,绿城蓝庭东区,2013年建/板楼,205,2室2厅,103103227231,2018-10-28,南,中楼层/共18层,平层/毛坯,88.58平米
70年,18,下城石桥,26778元/平米,北景园紫荆苑,2006年建/塔楼,475,3室2厅,103103607227,2018-12-20,南,高楼层/共11层,跃层/精装,177.39平米
70年,48,萧山钱江世纪城,56507元/平米,顺发美哉美城,2017年建/板楼,660,4室2厅,103102595042,2018-07-09,南 北,低楼层/共13层,平层/精装,116.8平米
70年,8,西湖转塘,39949元/平米,云溪香山,2008年建/板楼,530,3室2厅,103102044880,2018-01-03,南,高楼层/共12层,平层/精装,132.67平米
70年,57,拱墅拱宸桥,38878元/平米,胜月院小区,2000年建/板楼,230,2室1厅,103102902607,2018-09-12,南,中楼层/共6层,平层/简装,59.16平米
70年,0,江干景芳,44911元/平米,景芳新五区,1997年建/板楼,240,2室1厅,103104912950,2019-06-02,南,高楼层/共7层,平层/简装,53.44平米
70年,54,余杭闲林,28624元/平米,新湖果岭,2016年建/板塔结合,380,3室2厅,103101920525,2017-11-18,南 北,低楼层/共32层,平层/毛坯,132.76平米
70年,14,余杭星桥,21930元/平米,嘉和银领时代,2016年建/板楼,195,3室2厅,103104733564,2019-05-15,南,低楼层/共12层,平层/精装,88.92平米
70年,2,江干九堡,40328元/平米,丽江公寓,2008年建/板楼,340,2室2厅,103105047058,2019-06-16,东南,中楼层/共11层,平层/精装,84.31平米
70年,18,西湖翠苑,44566元/平米,翠苑东四区,1998年建/板楼,328,3室1厅,103104092301,2019-03-11,南,高楼层/共7层,平层/简装,73.6平米
70年,7,江干三里亭,46591元/平米,绿城玉兰公寓,2010年建/塔楼,410,2室2厅,103102932240,2018-09-17,南,低楼层/共18层,平层/精装,88平米
70年,5,滨江长河,44944元/平米,铂金名筑,2015年建/板楼,400,3室1厅,103105022261,2019-06-13,南,中楼层/共12层,平层/精装,89平米
70年,0,西湖三墩,35638元/平米,信鸿花园北区,1998年建/板楼,280,2室2厅,103103919744,2019-02-20,南,高楼层/共6层,平层/精装,78.57平米
70年,0,临安临安,15433元/平米,宝亿御景园,未知年建/暂无数据,155,3室2厅,103104813899,2019-05-23,南,低楼层/共6层,简装,100.44平米
40年,7,江干华家池,22178元/平米,同方国际,2000年建/板楼,110,1室1厅,103104360431,2019-04-08,南,低楼层/共28层,平层/精装,49.6平米
40年,0,拱墅申花,24081元/平米,复地壹中心,2017年建/板塔结合,150,2室1厅,103104132570,2019-03-15,西,低楼层/共23层,平层/精装,62.29平米
70年,7,余杭闲林,21686元/平米,新西湖小镇,2012年建/板楼,168,2室2厅,103104692443,2019-05-11,南,低楼层/共25层,平层/毛坯,77.47平米
70年,0,上城鼓楼,38253元/平米,直箭道巷,1991年建/板楼,190,1室1厅,103103975524,2019-02-26,南,低楼层/共7层,平层/简装,49.67平米
70年,27,上城南星,77865元/平米,钱江御府,2017年建/板塔结合,700,3室2厅,103102321941,2018-04-16,南,高楼层/共20层,平层/毛坯,89.9平米
40年,1,钱塘新区沿江南,15989元/平米,世茂江滨商业中心,2011年建/塔楼,90,1室1厅,103103691949,2019-01-03,西北,高楼层/共28层,精装,56.29平米
70年,1,拱墅大关,40836元/平米,大关南三苑,1998年建/板楼,170,1室1厅,103105032753,2019-06-14,南 北,高楼层/共6层,平层/简装,41.63平米
70年,2,余杭临平,18235元/平米,东晖龙悦湾,2017年建/板楼,246,4室1厅,103103408214,2018-11-18,南,低楼层/共26层,平层/毛坯,134.91平米
70年,12,拱墅大关,40895元/平米,霞湾巷小区,未知年建/塔楼,298,2室1厅,103104393639,2019-04-11,南,高楼层/共20层,平层/简装,72.87平米
70年,28,拱墅信义坊,42037元/平米,湖墅新村,1998年建/板楼,265,2室2厅,103104079639,2019-03-09,南,高楼层/共6层,平层/简装,63.04平米
70年,17,上城复兴,50126元/平米,金棕榈花园,2003年建/板楼,936,4室2厅,103102455272,2018-05-28,南 北,中楼层/共11层,平层/精装,186.73平米
70年,2,滨江滨江区政府,55979元/平米,寰宇天下,2014年建/板楼,500,2室2厅,103104706163,2019-05-12,南,低楼层/共33层,平层/精装,89.32㎡
70年,1,江干城东新城,49836元/平米,德信东望,2016年建/塔楼,650,4室2厅,103104687835,2019-05-10,南,高楼层/共16层,简装,130.43平米
50年,0,钱塘新区工业园南,19953元/平米,和达自由港,2000年建/板楼,92,2室2厅,103104746177,2019-05-16,西北,低楼层/共16层,简装,46.11平米
50年,46,萧山钱江世纪城,17999元/平米,港汇中心,2016年建/板楼,212.4,2室2厅,103102750626,2018-08-18,南,低楼层/共33层,平层/毛坯,118.01平米
70年,1,江干丁桥,32127元/平米,北城铭苑,未知年建/板楼,260,2室2厅,103104319263,2019-04-03,南 北,低楼层/共17层,平层/精装,80.93平米
70年,7,下城石桥,31160元/平米,北景园荷风苑,2006年建/板楼,290,2室2厅,103103346924,2018-11-09,南,高楼层/共11层,平层/简装,93.07平米
70年,4,西湖文三西路,47698元/平米,西荡苑梨苑,2001年建/板楼,435,3室1厅,103102908530,2018-09-13,南,高楼层/共7层,简装,91.2平米
40年,0,余杭未来科技城,30320元/平米,欧美金融城,2017年建/板楼,165,2室1厅,103104981782,2019-06-09,南,中楼层/共23层,复式/精装,9平米
70年,0,临安临安,29740元/平米,青山湖玫瑰园,未知年建/板楼,2400,5室3厅,103104153777,2019-03-17,南,独栋/共2层,毛坯,807平米
70年,45,西湖黄龙,53649元/平米,保俶路,未知年建/板楼,275,2室1厅,103103939420,2019-02-22,南,中楼层/共5层,平层/简装,51.26平米
70年,4,钱塘新区金沙湖,46667元/平米,龙湖滟澜山澜轩,2011年建/塔楼,700,4室2厅,103104000137,2019-03-01,南,高楼层/共7层,平层/毛坯,150平米
70年,3,拱墅半山,26807元/平米,金隅田员外,2016年建/板楼,325,3室1厅,103104783627,2019-05-20,南,低楼层/共20层,平层/毛坯,121.24平米
70年,1,滨江浦沿,41377元/平米,贺田尚城,2003年建/板楼,690,4室2厅,103102636739,2018-07-21,南 北,中楼层/共5层,平层/精装,166.76平米
50年,37,下城潮鸣,40334元/平米,云龙十一景,2010年建/板楼,300,1室1厅,103090050998,2015-08-15,西 北,中楼层/共5层,精装,74.38平米
70年,2,余杭三墩,28731 元/平米,铭雅苑东区,2004年建/板楼,340,3室2厅,103104682976,2019-05-10,南 北,高楼层/共6层,平层/简装,118.34平米
70年,33,拱墅大关,35069元/平米,大关西六苑,2000年建/板楼,260,2室2厅,103103064897,2018-10-07,南,低楼层/共7层,平层/简装,74.14平米
70年,2,余杭未来科技城,48236元/平米,新城西溪逸境,2016年建/板楼,410,3室2厅,103103889188,2019-02-16,南 北,低楼层/共8层,精装,85平米
70年,11,萧山湘湖,29056元/平米,湘湖家园,2004年建/板楼,350,3室2厅,103104306826,2019-04-02,南 北,中楼层/共6层,平层/精装,120.46平米
70年,60,西湖三墩,39417元/平米,金地自在城,2012年建/板楼,338,3室2厅,103103952779,2019-02-24,南,低楼层/共26层,平层/精装,85.75平米
70年,27,余杭翡翠城,34565元/平米,翡翠城一期,2008年建/板楼,450,3室2厅,103103642374,2018-12-25,南 北,低楼层/共11层,平层/精装,130.19平米
70年,29,下城德胜东,36685元/平米,德胜东村,1995年建/板楼,158,1室1厅,103104909167,2019-06-02,南,高楼层/共6层,平层/简装,43.07平米
70年,1,西湖翠苑,43446元/平米,翠苑三区,1989年建/板楼,230,2室1厅,103104950972,2019-06-06,南 北,高楼层/共6层,平层/精装,52.94平米
70年,5,萧山闻堰,24444元/平米,湘湖人家,2007年建/板楼,335,3室2厅,103102605597,2018-07-12,南 北,低楼层/共11层,平层/精装,137.05平米
70年,18,西湖文三西路,44598元/平米,山水人家诗家谷,2005年建/板楼,570,3室2厅,103102985497,2018-09-23,南,中楼层/共17层,平层/简装,127.81平米
70年,70,拱墅万达广场,36008元/平米,方正荷塘月色,2014年建/板楼,320,3室2厅,103102296836,2018-04-08,南,高楼层/共25层,平层/精装,88.87平米
70年,21,拱墅信义坊,35183元/平米,董家弄,1985年建/板楼,215,2室1厅,103104605457,2019-05-02,南,高楼层/共6层,平层/精装,61.11平米
70年,0,临安临安,22712元/平米,春天华府(临天路),未知年建/板塔结合,268,3室2厅,103105028241,2019-06-14,南,低楼层/共33层,精装,118平米
70年,18,钱塘新区金沙湖,37648元/平米,和达御观邸,2015年建/塔楼,420,4室2厅,103103968482,2019-02-25,南,低楼层/共33层,跃层/精装,111.56平米
70年,14,余杭临平,28825元/平米,东海水景城,2010年建/板楼,156,1室1厅,103102580272,2018-07-06,南,中楼层/共32层,平层/精装,54.12平米
70年,4,萧山萧山新城区,33905元/平米,金帝金色钱塘,2010年建/板楼,445,3室2厅,103104617763,2019-05-03,南 西南 西,低楼层/共11层,平层/精装,131.25平米
40年,5,下城三塘,48718元/平米,新天地世嘉新座,2015年建/板楼,380,4室1厅,103104510897,2019-04-22,南,中楼层/共8层,精装,78平米
70年,9,余杭临平,22028元/平米,绿城蓝庭东区,2013年建/板楼,360,4室2厅,103102854300,2018-09-07,南 北,低楼层/共18层,平层/精装,163.43平米
70年,11,下城丝绸城,43178元/平米,十五家园,1991年建/板楼,150,1室1厅,103104102478,2019-03-12,东,中楼层/共6层,平层/简装,34.74平米
70年,6,滨江西兴,28341元/平米,温兴风情苑,2007年建/板楼,700,5室2厅,103102603948,2018-07-12,南 北,高楼层/共17层,简装,247平米
70年,0,余杭良渚,25194元/平米,玉都枫景,2012年建/板楼,325,4室2厅,103104987923,2019-06-10,东北 南,低楼层/共11层,精装,129平米
70年,13,江干景芳,42850元/平米,景芳新五区,1997年建/板楼,240,2室1厅,103104630622,2019-05-05,南,中楼层/共7层,平层/简装,56.01平米
70年,0,余杭三墩,31293元/平米,亲亲家园三期,2006年建/塔楼,460,3室2厅,103104866770,2019-05-29,南,低楼层/共17层,简装,147平米
70年,51,余杭西溪,58053元/平米,大华西溪风情,未知年建/暂无数据,1350,4室2厅,103104393094,2019-04-11,南 北,联排/共3层,精装,232.55平米
70年,14,下城建国北路,36114元/平米,东园小区,1993年建/板楼,265,3室1厅,103104966960,2019-06-08,东南 北,高楼层/共7层,平层/简装,73.38平米
70年,0,西湖小和山,25021元/平米,浪漫和山,2003年建/板楼,250,2室2厅,103104737272,2019-05-15,南,低楼层/共11层,简装,99.92平米
70年,68,下城建国北路,45504元/平米,锦园小区,1994年建/板楼,168,1室1厅,103103557832,2018-12-11,南,中楼层/共7层,平层/简装,36.92平米
70年,41,西湖文三西路,38710元/平米,,2000年建/板楼,420,3室2厅,103104107021,2019-03-12,南 北,中楼层/共6层,平层/精装,108.5平米
40年,5,余杭翡翠城,22000元/平米,华元西溪欢乐城,2017年建/板楼,110,2室1厅,103103473420,2018-11-28,南,中楼层/共14层,精装,50平米
70年,7,余杭临平,29070元/平米,钱塘梧桐蓝山,2011年建/板楼,500,4室2厅,103104541956,2019-04-25,南,低楼层/共29层,平层/精装,172平米
70年,243,西湖文教,32692元/平米,莫干山路,未知年建/暂无数据,185万元,2室1厅,103102184143,2018-03-07,东 西,中楼层/共7层,平层/简装,56.59平米
70年,36,萧山钱江世纪城,61958元/平米,顺发美哉美城,2017年建/板楼,600,3室2厅,103102621476,2018-07-17,南,低楼层/共13层,平层/毛坯,96.84平米
40年,3,钱塘新区高教园区西,13559元/平米,之江铭楼,2000年建/板楼,70,1室1厅,103104278344,2019-03-30,东,低楼层/共16层,平层/精装,51.63平米
70年,7,下城朝晖,39347元/平米,朝晖九区,1996年建/板楼,330,3室2厅,103102668419,2018-07-29,南 北,中楼层/共7层,平层/简装,83.87平米
70年,0,临安临安,28903元/平米,颐和山庄,未知年建/板楼,1200,6室3厅,103104761146,2019-05-18,南,联排/共2层,简装,415.19平米
70年,4,拱墅湖墅,44508元/平米,维元弄,2012年建/板楼,220,2室1厅,103101842332,2017-10-23,南,中楼层/共4层,简装,49.43平米
70年,0,临安临安,17165元/平米,越秀星汇城,未知年建/板楼,230,3室2厅,103104509973,2019-04-22,南,中楼层/共32层,精装,134平米
70年,22,余杭闲林,33784元/平米,佳兆业西溪璞园,2017年建/板楼,420,4室2厅,103103631743,2018-12-23,南,中楼层/共18层,平层/精装,124.32平米
70年,17,余杭良渚,34654元/平米,朗诗美丽洲,未知年建/板楼,1150,6室3厅,103102850892,2018-09-06,南,低楼层/共3层,毛坯,331.86平米
70年,8,江干九堡,36547元/平米,郡原相江公寓,未知/板楼,240,3室2厅,103104695536,2019-05-11,南,高楼层/共24层,平层/精装,65.67平米
70年,3,江干三里亭,47238元/平米,三里亭苑三区,1996年建/板楼,165,1室1厅,103104391987,2019-04-11,南,高楼层/共7层,平层/精装,34.93平米
70年,7,余杭闲林,23176元/平米,闲林山水紫薇苑,2009年建/板楼,310,3室2厅,103104191722,2019-03-21,南,高楼层/共11层,平层/精装,133.76平米
70年,11,余杭闲林,22423元/平米,岸上蓝山,2013年建/板楼,259,3室2厅,103103845853,2019-02-11,南,高楼层/共6层,平层/精装,115.51平米
70年,3,钱塘新区高教园区西,24469元/平米,精欧荣寓,2013年建/板楼,460,5室3厅,103103998533,2019-03-01,南 北,高楼层/共28层,简装,188平米
70年,5,上城复兴,39943元/平米,复兴南苑,2005年建/板楼,690,4室2厅,103103457404,2018-11-25,南,中楼层/共20层,平层/精装,172.75平米
70年,0,,12826元/平米,观唐花园,未知年建/暂无数据,438,5室2厅,103105044182,2019-06-15,南,联排/共3层,毛坯,341.51平米
70年,114,西湖良渚,29839元/平米,都市阳光嘉苑,2010年建/板楼,185,2室1厅,103104091476,2019-03-11,南,高楼层/共18层,精装,62平米
70年,4,西湖申花,45439元/平米,政苑小区,2005年建/板楼,640,3室2厅,103103214169,2018-10-25,南,中楼层/共9层,平层/简装,140.85平米
70年,1,余杭勾庄,38203元/平米,万科杭宸,未知年建/板楼,340,3室2厅,103104606987,2019-05-02,南,高楼层/共11层,平层/精装,89平米
70年,18,余杭临平,21845元/平米,莱茵知己,2015年建/板塔结合,180,2室2厅,103103480562,2018-11-29,南 北,中楼层/共20层,平层/毛坯,82.4平米
70年,55,滨江浦沿,40450元/平米,钱塘大观,2017年建/板楼,360,2室1厅,103101917659,2017-11-17,南,高楼层/共33层,平层/毛坯,89平米
70年,164,下城长庆,40012元/平米,东清巷,1999年建/板楼,270,2室1厅,103101605134,2017-08-11,南,高楼层/共7层,简装,67.48平米
70年,2,滨江浦沿,30512元/平米,滨文苑,2006年建/板楼,480,4室2厅,103104082377,2019-03-10,南,中楼层/共18层,平层/精装,157.32平米
70年,18,下城朝晖,40954元/平米,朝晖六区,1986年建/板楼,280,2室2厅,103103104055,2018-10-14,南,高楼层/共5层,平层/简装,68.37平米
70年,180,西湖翠苑,38753元/平米,天苑花园,1998年建/塔楼,282,2室1厅,103101581356,2017-08-05,南,中楼层/共23层,平层/简装,72.77平米
40年,57,江干钱江新城,25079元/平米,钱塘航空大厦,2012年建/塔楼,280,3室1厅,103101169016,2017-04-03,东南,中楼层/共37层,精装,111.65平米
70年,22,下城石桥,34518元/平米,嘉里桦枫居,2009年建/塔楼,305,3室2厅,103103192729,2018-10-23,南 北,高楼层/共16层,平层/精装,88.36平米
70年,1,钱塘新区高教园区西,36995元/平米,和达城,2013年建/板楼,320,2室1厅,103104501779,2019-04-21,南,中楼层/共16层,平层/简装,86.5平米
70年,2,余杭临平,26238元/平米,钱塘梧桐蓝山,2011年建/塔楼,230,2室1厅,103104265154,2019-03-29,南,高楼层/共22层,平层/简装,87.66平米
70年,1,下城石桥,27929元/平米,北景园菊香苑,2006年建/板楼,355,3室2厅,103105052148,2019-06-16,南,中楼层/共11层,平层/精装,127.11平米
70年,0,临安临安,16407元/平米,吴越人家南区,未知年建/板楼,210,3室2厅,103104915166,2019-06-02,东南 南,高楼层/共7层,平层/简装,128平米
70年,18,西湖文教,59953元/平米,白荡海人家,2000年建/塔楼,350,2室1厅,103104842405,2019-05-26,南 北,高楼层/共7层,平层/简装,58.38平米
70年,0,余杭闲林,24866元/平米,岸上蓝山,2014年建/板楼,300,4室2厅,103104764965,2019-05-18,南 北,高楼层/共5层,跃层/简装,120.65平米
70年,10,钱塘新区工业园南,31830元/平米,东海柠檬郡,2012年建/塔楼,285,3室1厅,103103394253,2018-11-16,南,低楼层/共29层,平层/精装,89.54平米
70年,0,余杭乔司,25639元/平米,复地连城国际,2011年建/板楼,225,2室2厅,103104971576,2019-06-08,南,高楼层/共15层,精装,87.76平米
70年,54,西湖嘉绿,49378元/平米,嘉绿北苑,1998年建/板楼,440,3室1厅,103102255998,2018-03-27,南,低楼层/共6层,平层/简装,89.11平米
40年,1,钱塘新区高教园区东,23837元/平米,宝龙城市广场,2014年建/板楼,105,1室1厅,103103913855,2019-02-19,北,高楼层/共22层,Loft/简装,44.05平米
70年,2,萧山萧山市区,23916元/平米,高桥小区,1995年建/板楼,300,3室2厅,103104311121,2019-04-02,南,中楼层/共6层,平层/精装,125.44平米
70年,0,拱墅万达广场,37192元/平米,天鸿香榭里,2012年建/板楼,330,3室2厅,103103902374,2019-02-18,南,中楼层/共17层,简装,88.73平米
70年,1,拱墅和睦,39872元/平米,小河佳苑,2005年建/板楼,297,2室2厅,103104508794,2019-04-22,南 北,低楼层/共18层,简装,74.49平米
70年,8,拱墅三墩,35878元/平米,阳光郡,2014年建/板楼,470,4室2厅,103102887572,2018-09-09,南 北,高楼层/共28层,平层/简装,131平米
40年,1,江干城东新城,35992元/平米,三花国际,2018年建/板楼,167,1室1厅,103104485297,2019-04-20,南,中楼层/共11层,平层/精装,46.4平米
70年,1,下城朝晖,43887元/平米,朝晖六区,1986年建/板楼,257,2室1厅,103105053806,2019-06-16,东 西,中楼层/共7层,平层/简装,58.56平米
70年,0,余杭乔司,23620元/平米,复地连城国际,2011年建/板楼,248,3室2厅,103104290901,2019-03-31,南 北,低楼层/共12层,平层/精装,105平米
70年,11,下城流水苑,42576元/平米,流水苑,1999年建/板楼,320,2室1厅,103102132584,2018-02-23,南,高楼层/共7层,平层/简装,75.16平米
70年,5,下城武林,67087元/平米,直戒坛寺巷,1989年建/板楼,405,3室1厅,103102650052,2018-07-24,东,低楼层/共7层,平层/简装,60.37㎡
70年,7,钱塘新区沿江南,39508元/平米,保利鹭沙郡府,2010年建/暂无数据,1500,6室2厅,103103163742,2018-10-18,南,联排/共3层,毛坯,379.67平米
70年,1,萧山闻堰,26418元/平米,三江花园(萧山),2000年建/板楼,395,4室2厅,103104093060,2019-03-11,南,高楼层/共6层,平层/精装,149.52平米
70年,10,余杭闲林,22820元/平米,景雅苑,2008年建/板楼,203,3室2厅,103104726790,2019-05-14,南,高楼层/共6层,平层/简装,88.96平米
40年,11,余杭未来科技城,24147元/平米,理想西溪金座,2014年建/板楼,198,2室2厅,103103562182,2018-12-12,南,中楼层/共9层,毛坯,82平米
70年,22,拱墅半山,29495元/平米,金星桃源居,2015年建/板楼,188,1室2厅,103103509361,2018-12-03,南,低楼层/共26层,平层/简装,63.74平米
70年,0,滨江长河,37015元/平米,滨兴西苑,1990年建/板楼,305,2室2厅,103104936869,2019-06-05,南,中楼层/共5层,简装,82.4平米
70年,1,钱塘新区沿江北,28800元/平米,伊萨卡国际城鹭江园,2008年建/板塔结合,360,3室2厅,103104839805,2019-05-26,南,中楼层/共11层,平层/精装,125平米
70年,7,钱塘新区金沙湖,28406元/平米,铭和苑柳翠坊,2008年建/板塔结合,255,2室2厅,103104228424,2019-03-25,南,低楼层/共15层,简装,89.77平米
70年,2,余杭闲林,28471元/平米,融创金成西溪海,2014年建/板楼,355,4室2厅,103103527585,2018-12-06,南 北,高楼层/共18层,毛坯,124.69平米
70年,1,江干四季青,49505元/平米,夕照新村,1997年建/板楼,335,2室2厅,103104531345,2019-04-24,南 北,低楼层/共6层,平层/简装,67.67平米
70年,60,拱墅拱宸桥,34410元/平米,蚕花园永庆坊,2000年建/板楼,145,1室1厅,103103037128,2018-10-01,南 北,高楼层/共7层,平层/简装,42.14平米
70年,0,江干丁桥,28827元/平米,保利罗兰香谷,2015年建/塔楼,255,3室1厅,103105061277,2019-06-17,南,低楼层/共20层,平层/精装,88.46平米
70年,8,滨江奥体,59341元/平米,绿地旭辉城,2017年建/板楼,520,3室1厅,103104028911,2019-03-04,南,中楼层/共47层,平层/精装,87.63平米
70年,17,余杭良渚,24483元/平米,望城,未知年建/板楼,220,3室2厅,103104218415,2019-03-24,南 北,低楼层/共10层,平层/毛坯,89.86平米
70年,57,西湖嘉绿,44762元/平米,嘉绿西苑,2002年建/板塔结合,520,3室2厅,103102531011,2018-06-22,南,高楼层/共12层,平层/精装,116.17平米
70年,4,江干景芳,41441元/平米,景芳二区,1994年建/板楼,290,3室1厅,103103752849,2019-01-13,南,高楼层/共7层,其他,69.98平米
70年,4,拱墅桥西,45936元/平米,小河路,未知年建/暂无数据,265,2室2厅,103104237549,2019-03-26,南,高楼层/共6层,平层/简装,57.69平米
50年,18,西湖转塘,19758元/平米,云溪印象,2011年建/板楼,80,1室1厅,103103216567,2018-10-26,北,高楼层/共7层,平层/精装,40.49平米
70年,6,余杭闲林,39134元/平米,盛世嘉园,2006年建/板楼,280,3室2厅,103103196007,2018-10-24,南,高楼层/共6层,精装,71.55平米
70年,14,下城丝绸城,47596元/平米,十五家园,1991年建/板楼,195,2室1厅,103104569409,2019-04-28,南,高楼层/共6层,平层/简装,40.97平米
40年,2,江干九堡,30995元/平米,鑫运时代金座,2015年建/板楼,140,3室1厅,103103965660,2019-02-25,南,低楼层/共11层,精装,45.17平米
70年,0,西湖嘉绿,47661 元/平米,嘉绿西苑,2000年建/板楼,490,3室2厅,103104169637,2019-03-19,南 北,低楼层/共5层,平层/简装,102.81平米
70年,1,萧山萧山开发区,28595元/平米,中新御景湾,未知年建/暂无数据,350,3室2厅,103104181682,2019-03-20,南,中楼层/共18层,平层/简装,122.4平米
70年,36,江干丁桥,26991元/平米,广宇上东臻品,2013年建/板楼,338,3室2厅,103102196000,2018-03-10,南 北,低楼层/共16层,平层/简装,125.23平米
40年,26,江干钱江新城,26885元/平米,钱塘航空大厦,2012年建/塔楼,378,3室1厅,103102383960,2018-05-06,东南,低楼层/共37层,精装,140.6平米
70年,0,临安临安,15749元/平米,青山鹤岭,2013年建/板楼,200,3室2厅,103103845293,2019-02-10,南,中楼层/共11层,平层/毛坯,127平米
70年,8,下城天水,43513元/平米,小北门,1986年建/板楼,280,2室1厅,103104395544,2019-04-11,南,中楼层/共7层,平层/简装,64.35平米
70年,4,西湖文三西路,50421元/平米,西荡苑梨苑,2001年建/板楼,300,2室1厅,103104381821,2019-04-10,南 北,中楼层/共7层,平层/简装,59.5平米
70年,5,余杭闲林,24787元/平米,竹海水韵,2015年建/板楼,320,4室2厅,103103651369,2018-12-27,南,低楼层/共6层,平层/精装,129.1平米
70年,4,西湖小和山,22948元/平米,翰墨香林苑,2007年建/板楼,345,4室2厅,103104257018,2019-03-28,南 北,中楼层/共11层,毛坯,150.34平米
70年,0,江干丁桥,31461元/平米,天阳观筑,2011年建/板楼,280,3室2厅,103103407362,2018-11-18,东南,低楼层/共17层,平层/精装,89平米
70年,3,拱墅大关,35854元/平米,大关南八苑,1998年建/板楼,220,2室1厅,103104279064,2019-03-30,南,低楼层/共6层,平层/简装,61.36平米
70年,4,余杭闲林,25387元/平米,恒厚阳光城,2013年建/板塔结合,220,3室2厅,103104224529,2019-03-24,南,中楼层/共11层,平层/精装,86.66平米
70年,12,钱塘新区沿江北,25278元/平米,野风海天城,2008年建/板楼,330,3室2厅,103104374083,2019-04-09,南,低楼层/共22层,平层/精装,130.55平米
70年,4,西湖文三西路,38452元/平米,康乐香港城,1997年建/板楼,290,2室2厅,103103995600,2019-03-01,南,低楼层/共7层,平层/简装,75.42平米
70年,16,江干丁桥,25195元/平米,丁桥兰苑,2000年建/板楼,198,2室1厅,103104091134,2019-03-11,南 北,中楼层/共10层,平层/简装,78.59平米
70年,8,江干丁桥,22113元/平米,新城龙湖湾上风华,2018年建/板楼,193,3室2厅,103104976658,2019-06-09,南,低楼层/共17层,平层/毛坯,87.28平米
70年,19,拱墅万达广场,39482元/平米,天鸿香榭里,2012年建/板楼,350,3室2厅,103102736477,2018-08-14,东 南,中楼层/共17层,平层/精装,88.65平米
70年,3,临安临安,16664元/平米,锦尚唐宁郡,未知年建/板楼,155,3室2厅,103104048032,2019-03-06,南 北,低楼层/共18层,平层/简装,93.02平米
70年,5,西湖翠苑,45076元/平米,翠苑四区,1993年建/板楼,238,3室1厅,103104526526,2019-04-24,南 北,中楼层/共7层,平层/简装,52.8平米
70年,8,西湖文三西路,46272元/平米,科技新村,2000年建/板楼,435,3室2厅,103104137177,2019-03-15,南,高楼层/共7层,平层/简装,94.01平米
40年,2,余杭未来科技城,23158元/平米,西溪蓝海,2017年建/塔楼,88,1室1厅,103104577916,2019-04-29,北,高楼层/共23层,精装,38平米
70年,6,余杭良渚,28410元/平米,和昌府,未知年建/暂无数据,325,3室2厅,103104614346,2019-05-03,南,中楼层/共18层,平层/毛坯,114.4平米
70年,3,钱塘新区沿江北,27222元/平米,伊萨卡国际城浩泽园,2008年建/板楼,238,2室1厅,103104834657,2019-05-25,南,高楼层/共34层,平层/毛坯,87.43平米
70年,7,余杭临平,24449元/平米,中梁百悦城,2016年建/板塔结合,215,3室2厅,103104631110,2019-05-05,南,中楼层/共23层,平层/精装,87.94平米
70年,0,拱墅拱宸桥,51750元/平米,中国铁建国际汇,2014年建/板楼,750,5室3厅,103104897904,2019-06-01,南,高楼层/共24层,简装,144.93平米
70年,21,拱墅申花,50562元/平米,融信蓝孔雀,2016年建/塔楼,450,3室2厅,103102660409,2018-07-27,南 北,低楼层/共29层,简装,89平米
70年,4,钱塘新区大学城北,28788元/平米,保利城市果岭,2015年建/塔楼,400,4室2厅,103103429237,2018-11-21,南 北,中楼层/共34层,平层/精装,138.95平米
70年,37,滨江浦沿,41275元/平米,天鸿君邑,2010年建/板楼,360,2室2厅,103102559496,2018-06-30,南 北,低楼层/共32层,精装,87.22平米
70年,66,下城三塘,37999元/平米,三塘竹园,1998年建/板楼,265,2室1厅,103102528313,2018-06-21,南 北,高楼层/共6层,平层/简装,69.74平米
70年,5,上城清泰,47927元/平米,银枪新村,1983年建/板楼,260,2室1厅,103104396293,2019-04-11,南 北,低楼层/共6层,平层/简装,54.25平米
70年,4,余杭星桥,22980元/平米,瑞金华庭嘉苑,2012年建/板楼,205,3室2厅,103104058564,2019-03-07,南 北,中楼层/共6层,平层/精装,89.21平米
70年,91,西湖文一西路,999999元/平米,南都花园一区,1996年建/板楼,275,2室1厅,103103983926,2019-02-27,南 北,高楼层/共7层,平层/简装,67.96平米
70年,170,上城湖滨,54622元/平米,浣纱路,1995年建/板楼,325,2室1厅,103101765922,2017-09-27,西,中楼层/共6层,平层/简装,59.5平米
70年,23,余杭仁和,19445元/平米,春色满园,未知年建/板楼,175,3室2厅,103103968268,2019-02-25,东 南 北,中楼层/共6层,平层/精装,90平米
70年,5,余杭瓶窑,23647元/平米,南北乐章,2012年建/板楼,180,2室2厅,103104317065,2019-04-03,南 北,中楼层/共16层,平层/精装,76.12平米
70年,10,临安临安,14638元/平米,中天珺府,未知年建/板楼,550,4室3厅,103104175262,2019-03-19,南,联排/共2层,精装,375.76平米
40年,36,萧山萧山新城区,21476元/平米,金帝金色钱塘,2010年建/板楼,110,1室0厅,103102837475,2018-09-04,东,低楼层/共18层,简装,51.22平米
70年,6,拱墅信义坊,37228元/平米,贾家弄,1993年建/板楼,225,2室2厅,103102780235,2018-08-25,南,高楼层/共6层,简装,60.44平米
70年,88,西湖三墩,35815元/平米,金地自在城悦活轩,2012年建/板楼,320,3室1厅,103102586946,2018-07-07,南 北,中楼层/共20层,跃层/简装,89.35平米
70年,5,江干三里亭,40480元/平米,蓝天城市花园,2006年建/板楼,655,4室2厅,103102492030,2018-06-09,南,高楼层/共18层,平层/精装,161.81平米
40年,1,滨江滨江区政府,43783元/平米,中赢康康谷,2017年建/板楼,200,2室1厅,103103903630,2019-02-18,南,高楼层/共14层,精装,45.68平米
40年,69,下城三塘,35964元/平米,杭州新天地,2015年建/板楼,175,2室1厅,103102914249,2018-09-14,西,低楼层/共12层,复式/精装,48.66平米
70年,0,西湖西溪,43949元/平米,富越香溪,2014年建/板楼,390,2室1厅,103103204253,2018-10-24,南,高楼层/共11层,平层/简装,88.74平米
70年,13,拱墅三墩,36517元/平米,阳光郡,2014年建/板楼,650,5室2厅,103102416363,2018-05-16,南,低楼层/共28层,平层/毛坯,178平米
50年,0,钱塘新区高教园区西,19770元/平米,西子阳光星城,2000年建/板楼,108,1室1厅,103103948461,2019-02-23,南,中楼层/共25层,简装,54.63平米
70年,25,余杭翡翠城,33591元/平米,华元蒙卡岸,2012年建/板楼,300,2室2厅,103104083620,2019-03-10,南,中楼层/共13层,平层/精装,89.31平米
70年,3,江干三里亭,36206元/平米,三里亭苑四区,1995年建/板楼,250,2室1厅,103103096275,2018-10-12,东南,高楼层/共14层,平层/简装,69.05平米
70年,9,萧山大江东,22520元/平米,重汽嘉泽苑,2013年建/塔楼,195,2室1厅,103102411583,2018-05-14,南,中楼层/共15层,精装,86.59平米
70年,0,临安临安,16493元/平米,锦尚唐宁郡,2014年建/板楼,230,3室2厅,103104180453,2019-03-20,南,低楼层/共18层,平层/毛坯,139.46平米
40年,1,钱塘新区沿江南,16917元/平米,金隅空港公馆,2017年建/板楼,88,1室1厅,103104034906,2019-03-04,南,高楼层/共21层,平层/简装,52.02平米
70年,8,西湖黄龙,73021元/平米,求是村,1988年建/板楼,498,2室1厅,103103358944,2018-11-11,南 北,中楼层/共6层,平层/简装,68.2平米
40年,41,钱塘新区沿江南,16439元/平米,保利湾天地,2010年建/板楼,120,2室2厅,103102903323,2018-09-12,南,高楼层/共33层,精装,73平米
70年,23,余杭万达广场,30582元/平米,风雅乐府,2011年建/板楼,390,4室2厅,103101731933,2017-09-17,南,高楼层/共30层,简装,127.53平米
70年,15,拱墅申花,37482元/平米,方家花苑,2011年建/板楼,437,3室2厅,103104662072,2019-05-08,南,中楼层/共17层,平层/简装,116.59平米
40年,19,余杭乔司,17917元/平米,保亿风景晨园,2016年建/板楼,65,1室1厅,103102794293,2018-08-28,南 北,中楼层/共14层,精装,36.28平米
70年,19,余杭临平,28808元/平米,艺尚里,2018年建/板楼,150,1室1厅,103103611201,2018-12-20,南 西南,低楼层/共23层,平层/毛坯,52.07平米
70年,60,西湖文三西路,40892元/平米,香樟公寓,2000年建/板楼,530,3室2厅,103102149578,2018-02-26,南,低楼层/共6层,平层/简装,129.61平米
70年,0,拱墅湖墅,37079元/平米,圣都公寓,2000年建/塔楼,660,4室2厅,103105032780,2019-06-14,南,高楼层/共15层,平层/精装,178平米
40年,6,下城三塘,22007元/平米,新天地G193广场,2016年建/板楼,59,1室1厅,103103144716,2018-10-17,西南,中楼层/共20层,平层/精装,26.81平米
70年,8,萧山萧山新城区,40945元/平米,德信君宸,2017年建/板楼,520,4室2厅,103103667030,2018-12-29,南 北,低楼层/共23层,平层/毛坯,127平米
70年,43,余杭未来科技城,40776元/平米,欧美金融城,2017年建/板楼,410,3室2厅,103104465307,2019-04-17,南,低楼层/共33层,平层/精装,100.55平米
70年,90,,34640元/平米,金地自在城,2012年建/板楼,275,2室1厅,103104337176,2019-04-05,南,高楼层/共25层,跃层/精装,79.39平米
70年,74,西湖西溪,65832元/平米,西溪诚园致诚苑,2015年建/板楼,578,3室1厅,103102499791,2018-06-11,南,低楼层/共14层,平层/精装,87.8平米
70年,2,拱墅半山,27827元/平米,田园公寓,1998年建/板楼,158,2室1厅,103104900199,2019-06-01,南,中楼层/共7层,平层/简装,56.78平米
70年,20,钱塘新区高教园区西,30192元/平米,文苑风情,2006年建/板楼,140万元,1室1厅,103102783022,2018-08-25,东北,中楼层/共24层,平层/简装,46.37平米
70年,25,萧山钱江世纪城,32669元/平米,顺发康庄,2012年建/板楼,285,3室2厅,103104936894,2019-06-05,南 北,低楼层/共29层,平层/精装,87.24平米
70年,1,萧山萧山新城区,29980元/平米,中誉现代城,2007年建/板楼,727,4室2厅,103103830290,2019-01-26,南,低楼层/共4层,跃层/精装,242.5平米
40年,13,滨江滨江区政府,45653元/平米,中赢康康谷,2017年建/塔楼,210,2室2厅,103102722533,2018-08-11,南,高楼层/共18层,精装,46㎡
70年,14,余杭闲林,25559元/平米,岸上蓝山,2013年建/板楼,245,2室2厅,103102282018,2018-04-04,南,低楼层/共6层,平层/简装,95.86平米
40年,2,余杭万达广场,18572元/平米,南北盛德国际,2016年建/板塔结合,78,1室1厅,103104865108,2019-05-29,南,高楼层/共23层,平层/精装,42平米
70年,10,余杭临平,18070元/平米,绿城风华苑,2008年建/板楼,300,3室2厅,103104032487,2019-03-04,南,低楼层/共15层,平层/简装,166.03平米
70年,2,余杭未来科技城,43015元/平米,富力西溪悦居,2016年建/板塔结合,585,4室2厅,103104771799,2019-05-19,南,中楼层/共11层,平层/其他,136平米
70年,1,余杭临平,17841元/平米,缸甏弄,未知年建/暂无数据,190,4室2厅,103104942449,2019-06-05,南,高楼层/共6层,简装,106.5平米
40年,66,余杭临平,16574元/平米,万宝城,2016年建/板楼,65,2室1厅,103102983307,2018-09-23,北,中楼层/共23层,跃层/精装,39.22平米
70年,2,西湖良渚,28879元/平米,都市阳光嘉苑,2010年建/板楼,180,2室2厅,103104628090,2019-05-05,东南,低楼层/共18层,简装,62.33平米
70年,0,下城石桥,31447元/平米,北景园菊香苑,2006年建/板楼,310,3室2厅,103102709155,2018-08-08,南,高楼层/共6层,平层/精装,98.58平米
70年,44,拱墅申花,44641元/平米,万家花城二期,2009年建/板楼,399,3室1厅,103104637871,2019-05-05,南,低楼层/共18层,平层/简装,89.38平米
70年,30,萧山萧山市区,27967元/平米,北干一苑,1996年建/板楼,300,4室1厅,103103185581,2018-10-22,南,低楼层/共6层,平层/简装,107.27平米
70年,74,萧山萧山市区,27946元/平米,潘水苑,2000年建/板楼,255,3室2厅,103102603929,2018-07-12,南,低楼层/共6层,平层/简装,91.25平米
70年,2,江干丁桥,26827元/平米,后珠辰秀嘉园,2010年建/板楼,250,3室2厅,103104700224,2019-05-12,南,中楼层/共16层,平层/简装,93.19平米
40年,1,余杭塘栖,21776元/平米,美致生活广场,2016年建/板塔结合,118,5室1厅,103104233667,2019-03-25,东,低楼层/共19层,跃层/精装,54.19平米
70年,23,拱墅三墩,36547元/平米,阳光郡,2014年建/塔楼,508,3室2厅,103101962024,2017-12-03,南 北,低楼层/共28层,平层/精装,139平米
70年,0,余杭良渚,32188元/平米,和昌府,未知年建/板楼,280,3室2厅,103104564664,2019-04-28,南 北,中楼层/共18层,平层/毛坯,86.99平米
70年,18,下城丝绸城,50629元/平米,健康公寓,2003年建/板楼,725,3室2厅,103101963008,2017-12-03,南,中楼层/共8层,错层/精装,143.2平米
70年,1,下城建国北路,44910元/平米,天园阁,1998年建/板楼,236,1室1厅,103104018365,2019-03-03,南,低楼层/共20层,精装,52.55平米
70年,0,萧山萧山开发区,27008元/平米,中新御景湾,未知年建/板楼,372,4室2厅,103103859871,2019-02-13,南,低楼层/共23层,简装,137.74平米
70年,15,江干景芳,41690元/平米,景芳二区,1994年建/板楼,230,2室1厅,103104909456,2019-06-02,南,中楼层/共6层,平层/简装,55.17平米
70年,8,余杭闲林,22312元/平米,,2007年建/板楼,415,5室3厅,103102818185,2018-08-31,南 北,高楼层/共5层,精装,186平米
70年,3,临安临安,16077元/平米,越秀星汇城,未知年建/板楼,225,3室2厅,103103804218,2019-01-21,南,中楼层/共32层,平层/毛坯,139.96平米
40年,7,下城三塘,38225元/平米,杭州新天地,2015年建/板楼,186,2室1厅,103104406473,2019-04-12,南,低楼层/共12层,复式/精装,48.66平米
70年,10,余杭闲林,21180元/平米,绿城桃源小镇,2008年建/板楼,190,2室2厅,103104033915,2019-03-04,南,低楼层/共11层,平层/精装,89.71平米
70年,1,临安临安,17978元/平米,越秀星汇城,未知年建/板楼,160,3室2厅,103105085526,2019-06-20,南,高楼层/共33层,毛坯,89平米
70年,9,萧山钱江世纪城,32334元/平米,德信泊林春天,2017年建/板楼,290,3室2厅,103104396539,2019-04-11,南,中楼层/共31层,简装,89.69平米
70年,43,西湖黄龙,67691元/平米,里东山弄,未知年建/暂无数据,520,2室2厅,103102562491,2018-07-01,南 北,低楼层/共5层,平层/精装,76.82平米
40年,3,江干钱江新城,28965元/平米,钱塘航空大厦,2012年建/塔楼,322,2室2厅,103102222366,2018-03-18,南,中楼层/共37层,平层/精装,111.17平米
70年,2,余杭闲林,22834元/平米,爵士风情花园,2008年建/板楼,260,3室2厅,103104160338,2019-03-18,南 北,高楼层/共6层,平层/精装,113.87平米
70年,179,余杭闲林,26286元/平米,盛世嘉园,2006年建/板楼,116,1室1厅,103102022035,2017-12-24,南,低楼层/共18层,平层/精装,44.13平米
70年,28,江干火车东站,43732 元/平米,天阳尚城国际一期,2015年建/板楼,390,3室2厅,103104098261,2019-03-11,南,高楼层/共16层,平层/精装,89.18平米
70年,28,下城朝晖,42803元/平米,朝晖九区,1996年建/板楼,300,2室2厅,103102708583,2018-08-08,南,中楼层/共7层,平层/精装,70.09平米
70年,7,余杭闲林,17200元/平米,江南新港公寓,2008年建/板楼,215,3室2厅,103104397117,2019-04-11,南 北,中楼层/共17层,毛坯,125平米
70年,82,拱墅三墩,37038元/平米,都市水乡水曲苑,2008年建/板楼,260,2室2厅,103102341674,2018-04-22,南 北,低楼层/共6层,平层/简装,70.2平米
70年,3,余杭闲林,23358元/平米,融创金成西溪海,2016年建/板楼,320,4室2厅,103104898790,2019-06-01,南 北,低楼层/共18层,平层/毛坯,137平米
70年,18,江干景芳,39664元/平米,景芳六区,1998年建/板楼,288,2室1厅,103103891102,2019-02-17,南,中楼层/共7层,平层/简装,72.61平米
70年,2,西湖文教,60825元/平米,瑞祺大厦,2004年建/板塔结合,270,1室0厅,103103221598,2018-10-26,南,中楼层/共24层,简装,44.39平米
70年,3,西湖转塘,46933元/平米,绿城之江1号,2014年建/板楼,420,2室1厅,103102886054,2018-09-09,南,低楼层/共18层,平层/简装,89.49平米
70年,10,拱墅万达广场,35956元/平米,耀翔悦尚,2016年建/塔楼,320,3室2厅,103102602992,2018-07-12,南,中楼层/共24层,简装,89平米
40年,1,滨江滨江区政府,36130元/平米,融创杭州印,2017年建/板楼,174,1室1厅,103103015546,2018-09-28,东,低楼层/共39层,平层/精装,48.16平米
40年,0,钱塘新区金沙湖,21503元/平米,泰美国际大厦,2016年建/塔楼,180,1室1厅,103103462711,2018-11-26,南,低楼层/共22层,Loft/简装,9平米
70年,0,下城朝晖,42411元/平米,朝晖四区,1989年建/板楼,380,2室1厅,103104811650,2019-05-23,南,低楼层/共7层,平层/简装,89.6平米
70年,26,萧山萧山市区,32299元/平米,北干二苑新安寓,2000年建/板楼,280,4室2厅,103102796135,2018-08-28,南 北,高楼层/共6层,简装,86.69平米
70年,0,余杭临平,22472元/平米,曙光嘉园,2003年建/板楼,315,3室2厅,103102386755,2018-05-07,南,中楼层/共6层,平层/简装,140.18平米
70年,1,余杭闲林,20270元/平米,江南新港公寓,2008年建/板楼,239,3室2厅,103104501541,2019-04-21,南,中楼层/共16层,平层/精装,117.91平米
40年,3,余杭未来科技城,24959元/平米,西溪泊岸,2017年建/塔楼,150,2室2厅,103103100120,2018-10-13,南 北,低楼层/共12层,平层/毛坯,60.1平米
40年,38,下城三塘,35609元/平米,杭州新天地,2015年建/板楼,180,2室2厅,103102703177,2018-08-06,北,高楼层/共11层,精装,50.55平米
70年,7,余杭闲林,25923元/平米,闲林山水木兰苑,2006年建/板楼,250,2室2厅,103102678865,2018-08-01,南,中楼层/共5层,平层/简装,96.44平米
40年,1,钱塘新区工业园北,17910元/平米,元成时代中心,2016年建/板楼,89.1,2室1厅,103104940239,2019-06-05,南,中楼层/共22层,平层/其他,49.75平米
70年,42,拱墅大关,40984元/平米,大关东三苑,1995年建/板楼,150,1室1厅,103104250843,2019-03-27,南,高楼层/共7层,平层/精装,36.6平米
70年,1,临安临安,16083元/平米,越秀星汇城,未知年建/板楼,195,3室2厅,103103804122,2019-01-21,南,高楼层/共32层,平层/毛坯,121.25平米
70年,21,余杭未来科技城,40000元/平米,合景叠彩园,2016年建/板楼,436,3室2厅,103102553744,2018-06-28,南,高楼层/共7层,平层/精装,109平米
70年,18,西湖翠苑,41145元/平米,翠苑二区北区,1996年建/板楼,325,2室1厅,103102472709,2018-06-03,南 北,中楼层/共7层,平层/精装,78.99平米
70年,43,西湖西溪,41391元/平米,坤和和家园,2011年建/板楼,575,3室2厅,103104154019,2019-03-17,南 北,高楼层/共12层,平层/毛坯,138.92平米
70年,4,萧山南部卧城,34832元/平米,恒大帝景,2016年建/板楼,310,3室1厅,103103518549,2018-12-05,南,低楼层/共30层,平层/精装,89平米
40年,0,钱塘新区沿江南,15236元/平米,金隅空港公馆,2017年建/板楼,85,1室1厅,103103919888,2019-02-20,南,低楼层/共21层,精装,55.79平米
40年,10,钱塘新区沿江南,16884元/平米,世茂江滨商业中心,2011年建/塔楼,65,1室2厅,103102767333,2018-08-22,东,高楼层/共28层,平层/精装,38.5平米
70年,5,西湖文三西路,43822元/平米,莲花新村西区,1999年建/板楼,255,2室1厅,103103218747,2018-10-26,南 北,中楼层/共7层,平层/简装,58.19平米
70年,8,萧山义桥,30113元/平米,绿都御景蓝湾,2017年建/板楼,268,3室2厅,103104789604,2019-05-21,南,中楼层/共27层,平层/精装,89平米
70年,34,拱墅信义坊,35024元/平米,观音桥小区,1988年建/板楼,190,2室1厅,103103679282,2019-01-01,南 北,中楼层/共6层,平层/简装,54.25平米
70年,13,余杭闲林,23077元/平米,闲林山水海棠苑,2007年建/板楼,360,4室2厅,103104011911,2019-03-02,南 北,高楼层/共5层,跃层/精装,156平米
70年,13,西湖小和山,29081元/平米,众安白马山庄,2015年建/板楼,245,3室2厅,103103920312,2019-02-20,南,中楼层/共31层,平层/精装,84.25平米
70年,22,余杭塘栖,24740元/平米,野风启城,2016年建/板楼,340,5室3厅,103102306832,2018-04-12,南,低楼层/共6层,精装,137.43平米
40年,79,余杭临平,10211元/平米,望梅路588号,2009年建/板楼,115,3室2厅,103103769120,2019-01-14,南,低楼层/共2层,平层/精装,112.63平米
70年,49,滨江彩虹城,32943元/平米,中兴和园,2009年建/板楼,270,2室2厅,103103439390,2018-11-23,南,高楼层/共18层,平层/简装,81.96平米
70年,4,江干景芳,44092元/平米,景芳五区,1996年建/板楼,175,1室1厅,103104753817,2019-05-17,南,低楼层/共6层,简装,39.69平米
70年,8,西湖转塘,40432元/平米,融创瑷骊山,2014年建/板楼,195,1室1厅,103104296503,2019-04-01,南,中楼层/共12层,平层/简装,48.23平米
70年,76,下城朝晖,34065元/平米,朝晖新城,2000年建/塔楼,475,3室2厅,103102901001,2018-09-12,南,中楼层/共20层,平层/简装,139.44平米
70年,1,上城鼓楼,51494元/平米,金狮苑,1998年建/板楼,300,2室1厅,103104402152,2019-04-12,南,高楼层/共7层,平层/简装,58.26平米
70年,25,萧山钱江世纪城,30176元/平米,恒泰御庭园,1999年建/板楼,450,4室2厅,103102360721,2018-04-28,南 北,中楼层/共6层,平层/精装,149.13平米
40年,3,钱塘新区沿江南,16177元/平米,世茂江滨商业中心,2011年建/板楼,110,1室1厅,103102744460,2018-08-16,南,中楼层/共28层,精装,68平米
70年,2,余杭临平,27025元/平米,钱塘梧桐蓝山,2015年建/板楼,242,3室1厅,103104811842,2019-05-23,南,中楼层/共24层,平层/精装,89.55平米
70年,16,萧山闻堰,28254元/平米,绿城西子郁金香岸,2009年建/板楼,388,3室2厅,103102404814,2018-05-12,南 北,低楼层/共16层,简装,137.33平米
70年,36,余杭崇贤,25983元/平米,恒基旭辉府,2015年建/板楼,230,3室2厅,103102604754,2018-07-12,南,中楼层/共29层,平层/精装,88.52平米
40年,3,钱塘新区高教园区西,13833元/平米,华元十六街区,2003年建/板楼,61,1室1厅,103103586890,2018-12-16,北,高楼层/共16层,平层/简装,44.1平米
70年,0,临安临安,17974元/平米,越秀星汇城,未知年建/板楼,180,3室2厅,103104242237,2019-03-26,南,高楼层/共11层,毛坯,100.15平米
70年,5,滨江滨江区政府,68244元/平米,绿城明月江南,2014年建/板楼,600,2室2厅,103103982522,2019-02-27,南,低楼层/共30层,精装,87.92平米
70年,7,拱墅大关,36024元/平米,大关西六苑,2000年建/板楼,200,2室1厅,103104713670,2019-05-13,南 北,高楼层/共6层,平层/简装,55.52平米
40年,1,拱墅申花,30347元/平米,中天西城纪,2014年建/暂无数据,105,1室1厅,103104668566,2019-05-09,北,高楼层/共14层,精装,34.6平米
50年,3,余杭未来科技城,25926元/平米,理想西溪金座,2014年建/板楼,140,2室1厅,103103485505,2018-11-30,北,中楼层/共9层,跃层/精装,54平米
70年,10,拱墅德胜,58943元/平米,清水公寓,2011年建/板楼,525,2室2厅,103103681763,2019-01-02,南 西,高楼层/共20层,平层/精装,89.07平米
70年,39,余杭闲林,29442元/平米,新西湖小镇,2012年建/板楼,205,2室2厅,103103028571,2018-09-30,南,中楼层/共10层,平层/精装,69.63平米
70年,0,临安临安,14065元/平米,宝亿御景园,未知年建/暂无数据,195,3室2厅,103104784722,2019-05-20,南,中楼层/共11层,毛坯,138.65平米
70年,1,滨江滨江区政府,42995元/平米,钱塘春晓,2006年建/板楼,718,3室2厅,103104114672,2019-03-13,南,低楼层/共26层,平层/简装,167平米
70年,3,西湖之江,42910元/平米,嘉里云荷廷,2016年建/板楼,600,3室2厅,103104160017,2019-03-18,南,高楼层/共17层,平层/精装,139.83平米
70年,0,临安临安,17836元/平米,越秀星汇城,2015年建/板楼,235,3室2厅,103103363826,2018-11-11,南 北,高楼层/共32层,平层/毛坯,131.76平米
40年,0,江干城东新城,24938元/平米,杭州港龙城,2017年建/板楼,160,2室2厅,103105017386,2019-06-13,东南,高楼层/共10层,平层/其他,64.16平米
70年,6,拱墅和睦,37109元/平米,广兴新村,1998年建/板楼,325,3室2厅,103104071424,2019-03-09,南,中楼层/共7层,平层/简装,87.58平米
40年,1,钱塘新区沿江南,15666元/平米,世茂江滨商业中心,2011年建/塔楼,73,1室1厅,103104547882,2019-04-26,南,中楼层/共28层,精装,46.6平米
40年,0,钱塘新区沿江南,17447元/平米,世茂江滨商业中心,2011年建/板楼,82,1室1厅,103102727783,2018-08-12,南,中楼层/共28层,精装,47㎡
70年,69,余杭闲林,30974元/平米,青枫墅园,2014年建/暂无数据,700,4室2厅,103102530062,2018-06-21,南 北,联排/共2层,跃层/毛坯,226平米
50年,21,滨江滨江区政府,47958元/平米,君尚金座,2012年建/板楼,270,2室2厅,103103725711,2019-01-09,西南,高楼层/共27层,精装,56.3平米
70年,6,上城近江,60021元/平米,近江家园四园,2002年建/板楼,410,2室1厅,103102522565,2018-06-19,南,中楼层/共5层,平层/简装,68.31平米
70年,8,余杭未来科技城,46763元/平米,富力十号一期,2017年建/板楼,650,4室2厅,103104636749,2019-05-05,南,中楼层/共14层,精装,139平米
70年,4,下城朝晖,50367元/平米,朝晖六区,1986年建/板楼,165,1室1厅,103104477762,2019-04-19,南,中楼层/共6层,简装,32.76平米
70年,11,滨江彩虹城,46766元/平米,天寓,2007年建/板楼,650,3室2厅,103102664119,2018-07-28,南,高楼层/共32层,精装,138.99平米
70年,81,拱墅申花,53934元/平米,东方福邸,2013年建/板楼,423,3室2厅,103102398890,2018-05-10,南,高楼层/共25层,平层/精装,78.43平米
70年,11,钱塘新区沿江北,26488元/平米,朗诗国际街区,2010年建/塔楼,215,2室1厅,103104717232,2019-05-13,南,低楼层/共32层,跃层/简装,81.17平米
40年,4,滨江滨江区政府,38155元/平米,融创杭州印,2017年建/板楼,268,1室1厅,103102419118,2018-05-17,东,中楼层/共39层,平层/精装,70.24平米
70年,12,余杭闲林,26174元/平米,绿城桃源小镇,未知年建/暂无数据,218,3室2厅,103104143684,2019-03-16,南 北,低楼层/共18层,精装,83.29平米
70年,0,余杭临平,19481元/平米,嘉利花园,2004年建/板楼,300,3室2厅,103104126921,2019-03-14,南,中楼层/共6层,平层/简装,154平米
70年,2,江干城东新城,35295元/平米,东亚新干线,未知年建/板楼,150,2室1厅,103104138493,2019-03-16,南,高楼层/共11层,精装,42.5平米
70年,0,余杭西溪,53739元/平米,大华西溪风情,2014年建/板楼,1150,6室2厅,103104872249,2019-05-29,南 北,中楼层/共4层,简装,214平米
70年,1,江干四季青,50232元/平米,采荷街道商教苑社区,1980年建/板楼,325,2室1厅,103103259211,2018-11-01,南,低楼层/共6层,简装,64.7平米
70年,5,萧山闻堰,24772元/平米,三江花园(萧山),2007年建/板楼,330,3室2厅,103103912152,2019-02-19,南 北,中楼层/共6层,平层/精装,133.22平米
70年,1,上城清泰,41581元/平米,南班巷,1994年建/板楼,140,1室1厅,103105028202,2019-06-14,南,中楼层/共7层,平层/毛坯,33.67平米
70年,10,萧山钱江世纪城,40132元/平米,佳境天城佳合苑,2007年建/板楼,572,4室2厅,103103354384,2018-11-10,南,高楼层/共18层,平层/毛坯,142.53平米
40年,0,,24854元/平米,南润名座,2017年建/板楼,51,1室0厅,103104113012,2019-03-13,南,中楼层/共22层,精装,20.52平米
70年,0,余杭乔司,27587元/平米,金地艺境,2017年建/板楼,240,3室2厅,103104181469,2019-03-20,南,高楼层/共17层,精装,87平米
70年,128,拱墅湖墅,37898元/平米,半道红小区,1994年建/板楼,225,2室1厅,103101206925,2017-04-14,东 西,中楼层/共6层,简装,59.37平米
70年,3,西湖文一西路,66595元/平米,桂花城,2001年建/板塔结合,1100,4室2厅,103104246996,2019-03-27,南,中楼层/共9层,简装,165.18平米
50年,16,江干钱江新城,27792元/平米,钱江国际时代广场,2010年建/板塔结合,165,1室0厅,103102666300,2018-07-29,西 西北,中楼层/共27层,平层/精装,59.37平米
70年,10,江干钱江新城,86771元/平米,万科大都会79号,2018年建/板塔结合,1666,4室2厅,103104080012,2019-03-09,南 西 北,高楼层/共36层,平层/精装,192平米
70年,11,钱塘新区沿江南,25627元/平米,保利东湾,2010年建/板楼,225,2室2厅,103104341267,2019-04-06,南,中楼层/共35层,平层/精装,87.8平米
70年,0,临安临安,21273元/平米,绿城玉兰花园,未知年建/板楼,305,3室2厅,103103754324,2019-01-14,东南,低楼层/共27层,精装,143.38平米
70年,3,余杭仁和,21666元/平米,凯文和平雅苑,2008年建/板楼,90,1室1厅,103104527591,2019-04-24,南,高楼层/共6层,平层/精装,41.54平米
70年,25,拱墅三墩,35719元/平米,都市水乡水曲苑,2008年建/板楼,310,2室2厅,103102408580,2018-05-13,南 北,高楼层/共11层,简装,86.79平米
70年,50,余杭临平,22928元/平米,经建绅世郡园,2014年建/板楼,138,1室2厅,103104475316,2019-04-19,南,低楼层/共23层,平层/精装,60.19平米
70年,10,江干采荷,52957元/平米,采荷小区青莼邨,1990年建/板楼,335,3室1厅,103104521017,2019-04-23,南,低楼层/共7层,平层/简装,63.26平米
70年,20,江干九堡,41157元/平米,雍和府,2017年建/板楼,360,3室2厅,103103535633,2018-12-07,南,高楼层/共16层,平层/毛坯,87.47平米
70年,8,西湖翠苑,48003元/平米,翠苑二区,1989年建/板楼,280,2室1厅,103103055755,2018-10-06,南,低楼层/共6层,平层/简装,58.33平米
50年,0,余杭未来科技城,29033元/平米,理想西溪金座,2014年建/板楼,180,3室2厅,103104801482,2019-05-22,南,低楼层/共9层,精装,62平米
70年,0,钱塘新区沿江北,22000元/平米,梦琴湾,2007年建/板楼,704,6室3厅,103102890222,2018-09-10,南,高楼层/共39层,其他,320平米
70年,44,西湖翠苑,37916元/平米,翠苑四区,1993年建/板楼,275,3室1厅,103102749796,2018-08-18,南 北,低楼层/共6层,平层/毛坯,72.53平米
70年,0,江干闸弄口,42950元/平米,东茂苑,1999年建/板楼,360,2室2厅,103105006609,2019-06-12,南,中楼层/共7层,平层/简装,83.82平米
50年,2,下城三塘,29102元/平米,水印康庭,2006年建/塔楼,135,2室1厅,103104679234,2019-05-10,南,中楼层/共12层,简装,46.39平米
70年,112,滨江彩虹城,44154元/平米,临江花园,2005年建/板楼,330,2室2厅,103104265643,2019-03-29,南,高楼层/共6层,平层/精装,74.74平米
70年,0,临安临安,10913 元/平米,恒晟左邻右里,未知年建/暂无数据,170,4室2厅,103103086027,2018-10-11,南 北,高楼层/共6层,精装,155.79平米
70年,9,上城雄镇楼,43908元/平米,城南家园,2003年建/板楼,658万元,4室2厅,103102794449,2018-08-28,南,高楼层/共16层,平层/精装,149.86平米
70年,20,西湖翠苑,35620元/平米,翠苑二区北区,1996年建/板楼,269,3室1厅,103104769173,2019-05-19,南 北,高楼层/共7层,平层/简装,75.52平米
70年,50,西湖西溪,46729元/平米,西溪蝶园二期,2012年建/板楼,850,4室2厅,103101802845,2017-10-11,南 北,低楼层/共14层,平层/精装,181.9平米
70年,3,余杭良渚,25874元/平米,天阳棕榈湾二期,2004年建/板楼,245,2室2厅,103104605579,2019-05-02,南,高楼层/共11层,平层/精装,94.69平米
70年,28,西湖翠苑,36601元/平米,翠苑一区,1988年建/板楼,320,3室1厅,103102558599,2018-06-30,南 北,中楼层/共7层,平层/精装,87.43平米
70年,2,下城流水苑,41386元/平米,京都苑,1998年建/板楼,380,3室1厅,103105105310,2019-06-21,南,中楼层/共7层,平层/其他,91.82平米
70年,7,滨江滨江区政府,48722元/平米,钱塘春晓,2005年建/板塔结合,800,4室2厅,103103958728,2019-02-24,南,低楼层/共14层,平层/精装,164.2平米
70年,127,下城建国北路,44789元/平米,东园巷,1996年建/板楼,220,2室1厅,103102528292,2018-06-21,南 北,中楼层/共6层,平层/精装,49.12平米
70年,3,江干三里亭,40337元/平米,三里新城桂苑,2006年建/板楼,340,2室2厅,103103582600,2018-12-15,南 北,中楼层/共7层,平层/简装,84.29平米
70年,3,滨江滨江区政府,64754元/平米,寰宇天下,2014年建/板楼,1180,3室2厅,103104909995,2019-06-02,南,高楼层/共31层,平层/精装,182.23平米
70年,13,余杭闲林,25834元/平米,竹海水韵,未知/板楼,285,4室2厅,103102674748,2018-07-31,南 北,低楼层/共18层,精装,110.32平米
70年,2,余杭崇贤,25205元/平米,龙湖香醍溪岸,2013年建/板楼,585,6室2厅,103104014303,2019-03-03,南 北,联排/共3层,毛坯,232.1平米
40年,1,江干城东新城,23363元/平米,杭州港龙城,2017年建/板楼,235,1室1厅,103104534549,2019-04-25,北,高楼层/共10层,平层/毛坯,100.59平米
70年,2,江干笕桥,41752元/平米,金色黎明三期,2016年建/板楼,367,1室1厅,103102404948,2018-05-12,南,低楼层/共16层,毛坯,87.9平米
70年,8,余杭翡翠城,36249元/平米,爱丁郡,2011年建/板楼,320,2室2厅,103103480811,2018-11-29,南,低楼层/共7层,平层/精装,88.28平米
70年,18,西湖转塘,40111元/平米,绿城之江1号,2016年建/板楼,320,2室2厅,103104066944,2019-03-08,南,高楼层/共25层,平层/简装,79.78平米
70年,165,西湖申花,30909元/平米,天虹公寓,2007年建/板楼,280,2室2厅,103102382787,2018-05-06,南,中楼层/共24层,平层/简装,90.59平米
40年,0,滨江长河,37897元/平米,恒鼎博邑郡,2016年建/板楼,178,1室1厅,103104162332,2019-03-18,西,高楼层/共19层,Loft/精装,46.97平米
70年,12,西湖西溪,47885元/平米,中海西溪华府,2013年建/板楼,430,3室2厅,103104151276,2019-03-17,南,高楼层/共11层,平层/简装,89.8平米
70年,45,富阳富阳,17348元/平米,泰禾野风大城小院,2019年建/板楼,520,5室2厅,103103338433,2018-11-08,南,联排/共4层,毛坯,299.75平米
70年,0,余杭闲林,21341元/平米,众安学君里,2018年建/板楼,255,3室2厅,103104832068,2019-05-25,南,中楼层/共23层,平层/毛坯,119.49平米
70年,1,拱墅申花,50589元/平米,昆仑橡树园,2010年建/板楼,430,2室2厅,103104038325,2019-03-05,南,中楼层/共17层,平层/简装,85平米
70年,7,余杭临平,23036元/平米,名门天第,2000年建/板塔结合,95,1室0厅,103102779502,2018-08-24,东,中楼层/共20层,平层/精装,41.24平米
70年,23,江干三里亭,41090元/平米,三里新城荷苑,2012年建/塔楼,350,2室2厅,103102529455,2018-06-21,南,中楼层/共18层,平层/简装,85.18平米
70年,3,江干景芳,54620元/平米,中企艮山府,2015年建/板楼,480,2室2厅,103103168478,2018-10-19,南,中楼层/共23层,精装,87.88平米
70年,2,钱塘新区高教园区西,23516元/平米,清雅苑,2003年建/板楼,305,3室2厅,103104682893,2019-05-10,南,中楼层/共11层,平层/简装,129.7平米
70年,29,下城石桥,27563元/平米,元都新景公寓,2009年建/塔楼,249,2室2厅,103102495789,2018-06-10,南 北,高楼层/共15层,平层/毛坯,90.34平米
70年,8,上城近江,56254元/平米,近江家园一园,2003年建/板楼,600,3室2厅,103104430290,2019-04-15,南,中楼层/共7层,平层/精装,106.66平米
70年,6,余杭崇贤,22783元/平米,锦昌年华,2009年建/板楼,262,3室2厅,103104681124,2019-05-10,东,低楼层/共12层,平层/精装,115平米
40年,52,余杭未来科技城,29400元/平米,欧美金融城,2017年建/板楼,210,2室1厅,103102708987,2018-08-08,南,高楼层/共23层,复式/精装,71.43平米
70年,12,钱塘新区高教园区西,32818元/平米,东海未名园,2005年建/板塔结合,140,1室1厅,103104024552,2019-03-04,东南,高楼层/共18层,平层/精装,42.66平米
70年,5,萧山萧山新城区,40225元/平米,滨江江南之星,未知年建/板楼,358,3室2厅,103104203214,2019-03-22,南 北,低楼层/共34层,毛坯,89平米
70年,13,下城流水苑,44786元/平米,和平小区,1999年建/板楼,730,3室3厅,103102589822,2018-07-08,南,中楼层/共7层,精装,163平米
70年,0,余杭临平,21567元/平米,东海花园,未知年建/板楼,285,3室2厅,103104160953,2019-03-18,南,中楼层/共5层,平层/精装,132.15平米
70年,5,西湖文教,58866元/平米,华海园,2004年建/板楼,830,3室2厅,103103625069,2018-12-22,东 南 北,中楼层/共18层,平层/精装,141平米
70年,5,江干丁桥,31291元/平米,昆仑天籁,2010年建/板塔结合,388,4室1厅,103102716255,2018-08-10,南,高楼层/共16层,平层/毛坯,124平米
70年,0,余杭小和山,23275元/平米,华盛星洲翠谷,2010年建/板楼,238,3室2厅,103104406849,2019-04-12,南,中楼层/共6层,平层/精装,102.26平米
40年,19,余杭塘栖,13744元/平米,欣北钱江国际广场,2014年建/塔楼,106,3室2厅,103103414694,2018-11-19,南,低楼层/共22层,跃层/精装,77.13平米
70年,12,钱塘新区沿江南,32479元/平米,宋都晨光国际,2013年建/板塔结合,290,3室2厅,103102895285,2018-09-11,南,低楼层/共33层,平层/精装,89.29平米
70年,12,余杭塘栖,17693元/平米,金世纪运河丽园,2016年建/塔楼,230,3室2厅,103102360940,2018-04-29,南,中楼层/共11层,平层/精装,130平米
70年,19,西湖文三西路,49313元/平米,科技新村,2000年建/板楼,416,3室2厅,103103279016,2018-11-03,南,高楼层/共7层,平层/精装,84.36平米
70年,11,余杭翡翠城,50189元/平米,翡翠城二期,2013年建/板塔结合,798,4室2厅,103104140652,2019-03-16,南 北,低楼层/共5层,平层/精装,159平米
70年,6,江干九堡,35410元/平米,康恒悦麒美寓,2016年建/板楼,1080,6室2厅,103102467492,2018-06-01,南 北,低楼层/共25层,平层/简装,305平米
70年,561,滨江彩虹城,34813元/平米,临江花园,2005年建/板楼,400,3室2厅,103090088158,2015-08-19,南 北,高楼层/共5层,简装,114.9平米
70年,0,余杭闲林,20512元/平米,绿城桃源小镇,2014年建/板楼,280,4室2厅,103104284147,2019-03-31,南,中楼层/共33层,平层/精装,136.51平米
40年,0,钱塘新区高教园区东,21591元/平米,宝龙城市广场,2014年建/板楼,95,1室1厅,103104989782,2019-06-10,南,高楼层/共22层,精装,44平米
70年,30,余杭三墩,34804元/平米,铭雅苑东区,2004年建/板楼,157,1室1厅,103102716595,2018-08-10,南,中楼层/共4层,平层/简装,45.11平米
70年,0,江干九堡,34603元/平米,郡原相江公寓,2012年建/板楼,310,3室2厅,103104455519,2019-04-17,南,低楼层/共25层,平层/简装,89.59平米
40年,26,江干城东新城,27923元/平米,东亚新干线,2017年建/板楼,118,2室1厅,103104532315,2019-04-24,东,中楼层/共11层,精装,42.26平米
70年,11,江干九堡,39107元/平米,,2017年建/板楼,350,3室2厅,103103930469,2019-02-21,南 北,低楼层/共17层,简装,89.5平米
70年,48,滨江长河,40486元/平米,同人春江时代花园,2008年建/板楼,630,3室2厅,103102576030,2018-07-04,南 西,低楼层/共18层,平层/精装,155.61㎡
70年,0,余杭三墩,33126元/平米,亲亲家园一期,2006年建/板楼,410,3室2厅,103104679835,2019-05-10,南,低楼层/共11层,平层/精装,123.77平米
70年,47,滨江彩虹城,54878元/平米,钱塘帝景,2013年建/板楼,490,2室2厅,103102818619,2018-08-31,南 北,中楼层/共45层,精装,89.29平米
70年,13,拱墅拱宸桥,36171元/平米,登云阁,1985年建/板楼,204,2室1厅,103104053672,2019-03-06,南 北,高楼层/共6层,平层/简装,56.4平米
70年,3,余杭临平,32025元/平米,莱茵知己,2015年建/暂无数据,850,5室5厅,103104526385,2019-04-24,南 西 北,联排/共3层,毛坯,265.42平米
70年,11,西湖文教,67951元/平米,金都城市芯宇,2010年建/板楼,628,2室2厅,103104211170,2019-03-23,南,中楼层/共29层,平层/精装,92.42平米
70年,1,余杭三墩,28309元/平米,铭雅苑东区,2004年建/板楼,335,3室2厅,103104149816,2019-03-17,南,高楼层/共6层,平层/简装,118.34平米
70年,12,拱墅半山,32541元/平米,中兴御田清庭,2017年建/板楼,275,2室2厅,103102301280,2018-04-10,南 北,高楼层/共7层,平层/毛坯,84.51平米
70年,10,西湖申花,36753元/平米,宝嘉誉府,未知年建/板楼,320,2室2厅,103103311321,2018-11-06,南 北,低楼层/共19层,平层/毛坯,87.07平米
70年,42,西湖文教,57420元/平米,石灰桥新村,1984年建/板楼,380,3室1厅,103101201759,2017-04-13,南,高楼层/共6层,简装,66.18平米
40年,2,余杭未来科技城,34884元/平米,西溪八方城,2015年建/板楼,150,2室2厅,103104077332,2019-03-09,东,高楼层/共12层,平层/精装,43平米
70年,0,江干四季青,51031元/平米,夕照新村,1995年建/板楼,255,2室1厅,103104580699,2019-04-29,南,高楼层/共6层,平层/简装,49.97平米
70年,32,西湖古荡,40581元/平米,古荡新村西区,1995年建/板楼,380,4室1厅,103102358810,2018-04-28,南,低楼层/共6层,平层/简装,93.64平米
70年,0,临安临安,15057元/平米,江南佳苑,2017年建/板塔结合,134,2室2厅,103103519112,2018-12-05,南,高楼层/共18层,简装,89平米
70年,1,钱塘新区沿江北,26891元/平米,多蓝水岸银沙苑,2007年建/塔楼,320,3室2厅,103104542516,2019-04-26,南 北,高楼层/共11层,平层/简装,119平米
70年,0,拱墅德胜,39933元/平米,德胜新村,1988年建/板楼,190,2室1厅,103104593858,2019-04-30,南,中楼层/共6层,简装,47.58平米
70年,3,拱墅大关,40434元/平米,大关东八苑,1996年建/板楼,220,2室1厅,103104731167,2019-05-15,南,中楼层/共7层,精装,54.41平米
70年,3,余杭闲林,24497元/平米,众安学君里,未知年建/板楼,220,3室2厅,103104343657,2019-04-06,南,中楼层/共20层,平层/毛坯,89.81平米
70年,84,西湖小和山,28477元/平米,众安白马山庄,2015年建/暂无数据,580,5室2厅,103102580230,2018-07-06,南,联排/共5层,跃层/毛坯,203.68平米
70年,17,余杭闲林,25307元/平米,闲林山水海棠苑,2007年建/板楼,248,3室2厅,103102972826,2018-09-21,南,中楼层/共5层,平层/简装,98平米
70年,10,江干丁桥,31350元/平米,广宇上东领地,2011年建/板楼,245,2室2厅,103104879296,2019-05-30,南,低楼层/共16层,平层/精装,78.15平米
70年,6,萧山钱江世纪城,45120元/平米,万和国际,2014年建/板楼,625,3室2厅,103104146456,2019-03-16,东 南 北,低楼层/共32层,平层/精装,138.52平米
70年,12,江干景芳,41150元/平米,景芳新五区,2000年建/板楼,265,2室1厅,103103932398,2019-02-22,南 北,中楼层/共7层,平层/精装,64.4平米
70年,12,钱塘新区高教园区东,31550元/平米,宝龙云滨湾,2012年建/板楼,280,3室2厅,103104456486,2019-04-17,南,高楼层/共18层,平层/精装,88.75平米
70年,3,余杭万达广场,37235元/平米,滨江万家名城,2016年建/板楼,335,3室2厅,103103402988,2018-11-17,南,中楼层/共24层,简装,89.97平米
70年,1,上城鼓楼,42960元/平米,建国南苑,1996年建/板楼,209,2室1厅,103105105187,2019-06-21,西,中楼层/共7层,简装,48.65平米
70年,13,江干九堡,34230元/平米,新江花园,未知年建/板楼,270,2室2厅,103102714474,2018-08-09,南,中楼层/共14层,平层/简装,78.88平米
70年,24,下城体育场路,38730元/平米,水星阁,1998年建/板楼,400,2室2厅,103101977943,2017-12-08,南 北,低楼层/共25层,简装,103.28平米
40年,0,下城三塘,25754元/平米,新天地G193广场,2016年建/板楼,82,1室1厅,103104120095,2019-03-14,南,中楼层/共20层,平层/精装,31.84平米
70年,2,萧山萧山新城区,27174元/平米,嘉利公寓,2003年建/板楼,125,1室1厅,103104377488,2019-04-09,南,中楼层/共8层,平层/精装,46平米
70年,61,西湖文三西路,41368元/平米,科技新村,2000年建/板楼,305,2室2厅,103102926468,2018-09-16,南 北,低楼层/共7层,平层/简装,73.73平米
70年,0,余杭临平,26223元/平米,赞成檀府,2016年建/板塔结合,340,4室1厅,103104908579,2019-06-02,南,高楼层/共28层,平层/精装,129.66平米
70年,2,拱墅申花,51834元/平米,上尚庭,2013年建/板楼,400,2室1厅,103105070593,2019-06-18,南,中楼层/共18层,平层/精装,77.17平米
70年,6,余杭闲林,32680元/平米,融创金成西溪海,2014年建/塔楼,1000,5室3厅,103102900897,2018-09-12,南 北,联排/共3层,毛坯,306平米
70年,12,西湖西溪,40221元/平米,坤和和家园,2009年建/板楼,910,5室2厅,103104276563,2019-03-30,南 北,高楼层/共11层,复式/毛坯,226.25平米
70年,0,江干九堡,33933元/平米,万科魅力之城,2009年建/板楼,300,2室1厅,103104648970,2019-05-07,南,中楼层/共17层,平层/精装,88.41平米
70年,41,西湖文三西路,41561元/平米,西荡苑梨苑,2001年建/板楼,390,2室2厅,103102339762,2018-04-22,南,高楼层/共7层,复式/精装,93.84平米
70年,3,下城天水,53450元/平米,玄坛弄,1988年建/板楼,320,2室1厅,103103360217,2018-11-11,南,低楼层/共6层,简装,59.87平米
70年,22,西湖之江,44678元/平米,新西湖花园,未知年建/暂无数据,930,5室2厅,103103223914,2018-10-27,南,低楼层/共2层,精装,208.16平米
70年,30,西湖西溪,53933元/平米,万科西庐二期,2017年建/板楼,480,3室2厅,103104222508,2019-03-24,南 北,中楼层/共15层,平层/精装,89平米
70年,11,余杭万达广场,32991元/平米,越秀星汇尚城,2013年建/板塔结合,385,3室2厅,103104566428,2019-04-28,西南,低楼层/共25层,平层/精装,116.7平米
70年,77,钱塘新区沿江南,26972元/平米,世茂江滨花园瑞景湾,2010年建/塔楼,236,2室2厅,103103890094,2019-02-16,南,低楼层/共33层,平层/精装,87.5平米
50年,5,,21740元/平米,江南明城,2013年建/板楼,200,4室1厅,103104252300,2019-03-27,南,高楼层/共16层,简装,92平米
70年,2,滨江长河,34147元/平米,滨兴小区西区,2000年建/板楼,420,3室2厅,103104817919,2019-05-24,南,高楼层/共6层,平层/简装,123平米
70年,10,余杭闲林,24571元/平米,华元玉榕庄,2013年建/板塔结合,700,5室2厅,103103071105,2018-10-08,南 北,联排/共3层,毛坯,284.9平米
70年,47,余杭良渚,26015元/平米,良渚文化村七贤郡,2014年建/板塔结合,225,3室2厅,103104436832,2019-04-15,南,中楼层/共6层,平层/精装,86.49平米
70年,1,余杭临平,24194 元/平米,绿城蓝庭东区,2013年建/板楼,225,2室2厅,103104492149,2019-04-20,南,中楼层/共18层,平层/精装,93平米
70年,0,西湖文一西路,54279元/平米,文溪鼎园,2013年建/板楼,720,3室2厅,103104137184,2019-03-15,南,高楼层/共15层,平层/精装,132.65平米
70年,3,下城长庆,42444元/平米,长宁街,1990年建/板楼,148,1室1厅,103104483209,2019-04-19,南,高楼层/共7层,简装,34.87平米
70年,9,西湖申花,48838元/平米,港湾家园,2006年建/塔楼,580,2室2厅,103102834567,2018-09-03,南,高楼层/共20层,平层/简装,118.76平米
70年,24,拱墅大关,36349元/平米,大关南三苑,1998年建/板楼,178,2室1厅,103102692174,2018-08-04,南,高楼层/共6层,简装,48.97平米
70年,11,江干华家池,62929元/平米,绿地华家池印,2017年建/板楼,560,3室2厅,103104593572,2019-04-30,南,中楼层/共31层,平层/精装,88.99平米
50年,4,西湖文三西路,27975元/平米,西溪锋尚苑,2005年建/板楼,158,2室1厅,103102904884,2018-09-12,南 北,高楼层/共6层,简装,56.48平米
70年,1,余杭未来科技城,27092元/平米,湖山帝景湾南苑,2015年建/板楼,240,3室2厅,103104433458,2019-04-15,南,高楼层/共23层,简装,88.59平米
70年,1,江干四季青,54348元/平米,夕照新村,1989年建/板楼,265,2室1厅,103104113349,2019-03-13,南 北,低楼层/共6层,平层/简装,48.76平米
70年,31,滨江滨江区政府,47964元/平米,风雅钱塘,2006年建/板楼,630,3室2厅,103102534559,2018-06-23,南 北,高楼层/共32层,简装,131.35平米
70年,10,余杭勾庄,36979元/平米,万科杭宸,未知年建/板楼,330,3室2厅,103104827333,2019-05-25,南,中楼层/共11层,平层/精装,89.24平米
40年,2,拱墅申花,32323元/平米,中天西城纪,2014年建/板楼,130,2室2厅,103104230241,2019-03-25,东,高楼层/共14层,精装,40.22平米
70年,1,余杭良渚,27862元/平米,良渚文化村白鹭郡北,2006年建/板楼,370,3室2厅,103104393971,2019-04-11,南 北,中楼层/共4层,毛坯,132.8平米
70年,2,下城长庆,48100元/平米,青春坊,1998年建/板楼,405,2室1厅,103104831538,2019-05-25,西南,中楼层/共18层,平层/精装,84.2平米
70年,6,江干丁桥,32132元/平米,昆仑天籁,2010年建/塔楼,392,4室2厅,103103362776,2018-11-11,南 北,低楼层/共17层,平层/精装,122平米
70年,7,上城近江,50183元/平米,华龙家园,1998年建/板楼,440,2室2厅,103102983083,2018-09-23,南 北,高楼层/共7层,简装,87.68平米
70年,0,拱墅拱宸桥,36776元/平米,荣华里,1985年建/板楼,245,3室1厅,103102637377,2018-07-21,南,中楼层/共5层,平层/毛坯,66.62平米
40年,13,萧山钱江世纪城,22223元/平米,世纪晶钻,2015年建/板楼,98,1室1厅,103103086763,2018-10-11,北,中楼层/共26层,平层/精装,44.1平米
40年,14,余杭临平,16185元/平米,海联云客里,2017年建/板楼,52,2室1厅,103102734201,2018-08-14,南,高楼层/共12层,毛坯,32.13平米
70年,6,余杭临平,22133元/平米,中梁百悦城,2016年建/板楼,198,3室2厅,103104622794,2019-05-04,南,高楼层/共32层,平层/简装,89.46平米
70年,2,余杭临平,23703元/平米,金都夏宫,2016年建/板楼,210,3室2厅,103104487411,2019-04-20,南,高楼层/共34层,平层/毛坯,88.6平米
40年,15,萧山闻堰,15656元/平米,隐龙湾,2010年建/板塔结合,87,1室1厅,103104227598,2019-03-25,北,高楼层/共27层,平层/精装,55.57平米
70年,0,临安临安,14084元/平米,吴越山庄,未知年建/暂无数据,169,3室2厅,103105027728,2019-06-14,南,高楼层/共6层,毛坯,120平米
70年,4,滨江浦沿,46300元/平米,积家,2014年建/板楼,588,4室2厅,103104346968,2019-04-06,南,高楼层/共33层,精装,127平米
70年,3,西湖转塘,32473元/平米,天阳云筑,2012年建/板楼,450,4室2厅,103104865895,2019-05-29,南,高楼层/共17层,简装,138.58平米
70年,0,余杭闲林,23871元/平米,新西湖小镇,2012年建/板楼,215,3室2厅,103104900273,2019-06-01,南 西南,低楼层/共10层,平层/毛坯,90.07平米
70年,35,下城建国北路,37582元/平米,环城东路298-311号,1996年建/板楼,220,2室1厅,103104051464,2019-03-06,西北,中楼层/共7层,平层/简装,58.54平米
70年,20,上城南星,67578元/平米,春江花月,2007年建/板塔结合,470,1室1厅,103104307008,2019-04-02,南,中楼层/共27层,平层/简装,9平米
70年,31,滨江浦沿,46323元/平米,中海钱塘山水,2009年建/板楼,410,3室2厅,103103961800,2019-02-25,南 北,低楼层/共34层,跃层/精装,88.51平米
70年,9,拱墅桥西,62500元/平米,远洋大河宸章,2014年建/板塔结合,1400,4室2厅,103103737818,2019-01-11,东 南 北,中楼层/共18层,平层/精装,224平米
70年,3,江干钱江新城,64844元/平米,中海御道,2016年建/板塔结合,830,3室2厅,103104008265,2019-03-02,南 北,高楼层/共35层,平层/精装,128平米
70年,45,钱塘新区沿江南,32359元/平米,宋都晨光国际,2013年建/板塔结合,290,3室2厅,103102616753,2018-07-15,南 北,低楼层/共29层,平层/精装,89.62平米
70年,69,下城潮鸣,44983元/平米,云龙公寓,2002年建/板楼,390,3室1厅,103102685843,2018-08-03,南,中楼层/共24层,平层/简装,86.7平米
70年,2,余杭良渚,31148元/平米,良渚文化村白鹭郡东,2008年建/板楼,390,3室2厅,103104477713,2019-04-19,南,高楼层/共6层,平层/精装,125.21平米
70年,25,上城近江,52239元/平米,近江家园二园,2000年建/板楼,350,2室1厅,103102749849,2018-08-18,南,中楼层/共6层,平层/简装,67平米
70年,6,余杭未来科技城,41470元/平米,富力十号院,2017年建/板楼,490万元,4室2厅,103104877499,2019-05-30,南,中楼层/共11层,平层/精装,118.16平米
70年,11,西湖翠苑,44710元/平米,翠苑四区,1993年建/板楼,180,1室1厅,103104965572,2019-06-08,南,中楼层/共6层,平层/精装,40.26平米
70年,6,西湖文教,70271元/平米,花园南村,1985年建/板楼,520,2室1厅,103104131259,2019-03-15,南,中楼层/共5层,平层/精装,74平米
70年,34,萧山闻堰,20530元/平米,湘湖人家,2007年建/板楼,310,3室2厅,103102479650,2018-06-05,南,高楼层/共23层,跃层/简装,151平米
70年,17,余杭临平,21148元/平米,绿城蓝庭西区,2011年建/板塔结合,258,3室2厅,103104559163,2019-04-27,南,低楼层/共16层,平层/毛坯,122平米
70年,13,江干景芳,67100元/平米,万科大家钱塘府,2016年建/板楼,600,3室2厅,103103265446,2018-11-01,南 北,低楼层/共26层,平层/精装,89.42平米
40年,4,滨江浦沿,22973元/平米,风尚蓝湾,2010年建/塔楼,145,1室1厅,103103873357,2019-02-14,西,低楼层/共29层,平层/精装,63.12平米
70年,92,余杭星桥,26955元/平米,广厦天都城天河苑,2007年建/板楼,130,3室1厅,103104772839,2019-05-19,东,高楼层/共6层,简装,48.23平米
70年,0,富阳富阳,20476元/平米,野风春晓,未知年建/板楼,180,3室1厅,103105104627,2019-06-21,南 北,低楼层/共18层,平层/其他,87.91㎡
70年,9,西湖三墩,46009元/平米,金地自在城,2012年建/板楼,170,1室1厅,103104716119,2019-05-13,南,中楼层/共25层,精装,36.95平米
70年,12,余杭闲林,21850元/平米,庭院深深,2012年建/板楼,300,3室1厅,103102139063,2018-02-24,南 北,中楼层/共11层,精装,137.3平米
70年,24,江干钱江新城,60323元/平米,钱江六苑,2005年建/板楼,535,3室1厅,103103994234,2019-02-28,南,高楼层/共18层,平层/精装,88.69平米
70年,45,上城南星,999999元/平米,新绿园,2010年建/板塔结合,700,2室1厅,103102795541,2018-08-28,南,中楼层/共11层,平层/精装,89平米
50年,2,滨江滨江区政府,27564元/平米,星光国际公馆,2012年建/板楼,150,1室0厅,103102828468,2018-09-02,北,中楼层/共26层,精装,54.42平米
70年,15,余杭临平,24056元/平米,绿城蓝庭西区,2011年建/板塔结合,240,3室2厅,103102664895,2018-07-28,南,高楼层/共16层,精装,99.77平米
70年,6,江干南肖埠,44383元/平米,南肖埠社区,1995年建/板楼,190,1室1厅,103102349287,2018-04-25,南,高楼层/共7层,平层/简装,42.81平米
70年,7,拱墅申花,54554元/平米,浙旅德信西宸,2017年建/板楼,490,3室2厅,103103515197,2018-12-04,南,中楼层/共11层,平层/简装,89.82平米
40年,1,西湖申花,30591元/平米,五洲国际广场,2013年建/板塔结合,132,2室1厅,103104909286,2019-06-02,南,中楼层/共11层,简装,43.15平米
70年,25,拱墅湖墅,40416元/平米,左家新村,1993年建/板楼,315,2室1厅,103102371584,2018-05-02,南,低楼层/共7层,平层/简装,77.94平米
70年,51,上城清泰,40000元/平米,紫金观巷,1991年建/板楼,230,2室1厅,103102097073,2018-01-24,南,中楼层/共6层,平层/简装,57.5平米
70年,2,西湖良渚,37766元/平米,中国铁建西湖国际城,未知年建/板楼,338,3室2厅,103104739305,2019-05-16,南 北,中楼层/共34层,平层/毛坯,89.5平米
70年,1,江干丁桥,26829元/平米,保利罗兰香谷,2015年建/板楼,350,4室2厅,103103717318,2019-01-07,南,中楼层/共17层,平层/简装,130.46平米
70年,17,余杭崇贤,22942元/平米,中尚橄榄树花园（南区）,2010年建/平房,195,2室1厅,103104171600,2019-03-19,南 北,低楼层/共16层,平层/精装,85平米
70年,2,拱墅湖墅,32301元/平米,银都大厦,2003年建/板楼,146,1室0厅,103104086559,2019-03-10,北,中楼层/共24层,平层/简装,45.2平米
70年,4,钱塘新区沿江北,24663元/平米,梦琴湾,2007年建/板楼,325,3室2厅,103104585880,2019-04-30,南,高楼层/共30层,平层/精装,131.78平米
50年,4,萧山南部卧城,22179元/平米,南江商业中心,2016年建/板楼,91,2室2厅,103104835226,2019-05-26,北,中楼层/共25层,精装,41.03平米
70年,5,钱塘新区沿江南,25907元/平米,世茂江滨花园瑞景湾,2010年建/塔楼,230,3室1厅,103103136513,2018-10-16,南,低楼层/共33层,平层/简装,88.78平米
70年,10,下城建国北路,89824元/平米,绿城兰园,2014年建/板楼,1850,4室1厅,103101759673,2017-09-25,东 南 北,低楼层/共23层,平层/精装,205.96平米
70年,0,拱墅三墩,38140元/平米,阳光郡,2014年建/塔楼,328,3室1厅,103105043016,2019-06-15,南,中楼层/共28层,平层/简装,86平米
70年,25,江干九堡,30413元/平米,晨光绿苑北苑,2005年建/板楼,370,3室2厅,103103371986,2018-11-13,南,中楼层/共6层,平层/精装,121.66平米
70年,67,西湖申花,53990元/平米,上郡,2009年建/板楼,475,3室2厅,103102650953,2018-07-25,南,中楼层/共16层,平层/精装,87.98平米
70年,12,萧山闻堰,29166元/平米,江南摩卡,2009年建/板楼,275,2室2厅,103104229123,2019-03-25,南,高楼层/共28层,平层/精装,94.29平米
70年,2,拱墅桥西,53957元/平米,德信银树湾,2009年建/板楼,480,2室1厅,103103798567,2019-01-19,南,中楼层/共24层,平层/精装,88.96平米
70年,9,西湖三墩,42472元/平米,金地自在城求学里,2012年建/板楼,378,3室2厅,103104424765,2019-04-14,南,中楼层/共26层,平层/精装,89平米
70年,2,江干九堡,31939元/平米,新江花园,2007年建/板楼,255,2室2厅,103105050147,2019-06-16,南,低楼层/共10层,其他,79.84平米
70年,7,上城清泰,46297元/平米,大王庙巷小区,1991年建/板楼,240,2室1厅,103103898154,2019-02-17,南,高楼层/共7层,平层/精装,51.84平米
40年,10,钱塘新区金沙湖,23192元/平米,泰美国际大厦,2016年建/塔楼,109,1室1厅,103102712667,2018-08-09,南,中楼层/共22层,Loft/简装,47平米
70年,9,钱塘新区沿江北,28184元/平米,伊萨卡国际城绮风园,2008年建/板楼,848,6室2厅,103102536215,2018-06-23,南,高楼层/共18层,精装,300.89平米
70年,16,滨江长河,38834元/平米,南岸晶都花园,2007年建/板楼,229,1室1厅,103104595481,2019-05-01,西南,高楼层/共26层,平层/精装,58.97平米
70年,1,余杭临平,30352元/平米,理想银泰城,2016年建/板塔结合,285,3室2厅,103104291606,2019-03-31,南,中楼层/共47层,平层/毛坯,93.9平米
70年,0,余杭良渚,34487元/平米,和昌府,未知年建/暂无数据,300,3室2厅,103104656632,2019-05-07,南 北,高楼层/共18层,平层/毛坯,86.99平米
70年,1,钱塘新区沿江北,28068元/平米,梦琴湾,2007年建/板楼,280,2室2厅,103104017885,2019-03-03,北,中楼层/共32层,平层/精装,99.76平米
40年,1,余杭塘栖,30968元/平米,美致生活广场,2016年建/板塔结合,96,3室2厅,103104174489,2019-03-19,西南,中楼层/共19层,跃层/精装,31平米
70年,111,萧山义桥,22079元/平米,绿都金域东方,2017年建/板楼,195,3室1厅,103103802784,2019-01-20,南,低楼层/共11层,平层/毛坯,88.32平米
40年,24,钱塘新区高教园区西,18803元/平米,华元十六街区,2004年建/板楼,120,2室2厅,103104347902,2019-04-06,南,中楼层/共16层,平层/精装,63.82平米
70年,124,余杭闲林,23900元/平米,绿城桃源小镇,2014年建/板楼,215,3室2厅,103104753465,2019-05-17,南,低楼层/共17层,平层/精装,89.96平米
70年,6,余杭临平,21445元/平米,凤仪家园,2001年建/板楼,275,3室2厅,103102726303,2018-08-12,南,中楼层/共5层,平层/精装,128.24平米
70年,4,下城朝晖,41898元/平米,朝晖七区,1994年建/板楼,280,2室1厅,103102899462,2018-09-12,南,高楼层/共6层,平层/简装,66.83平米
70年,27,西湖西溪,46549元/平米,坤和和家园,2013年建/板楼,880,4室2厅,103102600539,2018-07-11,南,低楼层/共11层,精装,189.05平米
70年,3,余杭临平,17568元/平米,东厦东港花苑,2011年建/板楼,260,3室2厅,103104387526,2019-04-10,南,低楼层/共16层,平层/精装,148平米
70年,2,余杭未来科技城,46125元/平米,富力十号院,2017年建/板楼,595,4室1厅,103104748399,2019-05-16,南,高楼层/共11层,平层/精装,129平米
70年,0,江干火车东站,38238元/平米,新和嘉苑,2012年建/板楼,380,3室1厅,103104740313,2019-05-16,南,中楼层/共18层,精装,99.38平米
50年,21,钱塘新区工业园南,22212元/平米,和达自由港,2000年建/板楼,95,3室2厅,103102759639,2018-08-20,南,中楼层/共16层,简装,42.77平米
40年,2,余杭翡翠城,28410元/平米,华元西溪欢乐城,2017年建/板楼,125,2室1厅,103103015856,2018-09-28,南,低楼层/共14层,平层/精装,44平米
40年,0,钱塘新区沿江南,19868元/平米,金隅空港公馆,2017年建/板楼,120,1室1厅,103105106246,2019-06-21,南,中楼层/共21层,平层/其他,60.4平米
70年,3,萧山萧山新城区,41530元/平米,中国铁建青秀城,2015年建/板楼,365,3室1厅,103104973453,2019-06-08,东,低楼层/共18层,平层/简装,87.89平米
70年,5,上城南星,49702元/平米,凤凰南苑,2004年建/板楼,350,2室1厅,103103181001,2018-10-21,南,低楼层/共24层,平层/精装,70.42平米
70年,15,江干景芳,40297元/平米,景芳一区,1993年建/板楼,185,2室0厅,103104214603,2019-03-23,南,低楼层/共7层,平层/毛坯,45.91平米
40年,0,滨江彩虹城,26222元/平米,滨江宝龙城市广场,2016年建/板塔结合,125,1室1厅,103105056057,2019-06-16,南,低楼层/共24层,平层/精装,47.67平米
70年,1,临安临安,12990元/平米,颐和山庄,未知年建/板楼,156,3室2厅,103103804226,2019-01-21,南,中楼层/共11层,平层/毛坯,120.1平米
70年,49,西湖西溪,41988元/平米,坤和和家园,2014年建/板楼,699,4室2厅,103103518709,2018-12-05,南 北,低楼层/共15层,平层/精装,166.48平米
70年,18,西湖三墩,39718元/平米,金地自在城,2012年建/板楼,315,2室1厅,103102663825,2018-07-28,南,低楼层/共26层,平层/精装,79.31平米
70年,0,临安临安,15882 元/平米,中天珺府,未知年建/板楼,600,4室2厅,103103804304,2019-01-21,南,低楼层/共2层,毛坯,377.79平米
70年,95,余杭西溪,35394元/平米,华元美林公馆,2013年建/板楼,315,2室2厅,103101809100,2017-10-13,南,高楼层/共7层,精装,89平米
70年,12,江干四季青,53322元/平米,采荷街道商教苑社区,1985年建/板楼,480,3室2厅,103102773538,2018-08-23,南 北,中楼层/共7层,平层/简装,90.02平米
70年,4,西湖三墩,38536元/平米,金地自在城,2012年建/板楼,340,3室1厅,103104606304,2019-05-02,南,中楼层/共25层,精装,88.23平米
70年,6,江干华家池,65169元/平米,绿地华家池印,2017年建/板楼,580,3室1厅,103104631263,2019-05-05,南,高楼层/共31层,平层/精装,89平米
70年,0,余杭小和山,17022元/平米,科嘉苑,未知年建/板楼,215,3室2厅,103104861057,2019-05-28,南 北,低楼层/共17层,平层/精装,126.31平米
70年,19,钱塘新区沿江北,25574元/平米,多蓝水岸蓝波苑,2007年建/塔楼,360,3室2厅,103104682452,2019-05-10,南,低楼层/共11层,平层/精装,140.77平米
40年,18,萧山萧山开发区,25584元/平米,凯丽晶座,未知年建/塔楼,148,3室1厅,103102519802,2018-06-18,西,高楼层/共22层,跃层/精装,57.85平米
70年,16,余杭闲林,27915元/平米,盛世嘉园,2006年建/板楼,187,1室1厅,103102717555,2018-08-10,北,高楼层/共18层,复式/精装,66.99平米
70年,8,下城建国北路,45653元/平米,东园小区,1993年建/板楼,252,2室1厅,103102459916,2018-05-30,南 北,高楼层/共7层,平层/简装,55.2平米
70年,0,萧山萧山新城区,48555元/平米,顺发恒园,2016年建/板楼,425,3室2厅,103104974517,2019-06-09,南,低楼层/共33层,平层/精装,87.53平米
70年,140,下城建国北路,39428元/平米,锦园小区,1994年建/板楼,215,2室1厅,103102306408,2018-04-12,东 西 北,中楼层/共7层,平层/精装,54.53平米
70年,2,,30685元/平米,爱丁郡,2011年建/板楼,510,4室2厅,103104751806,2019-05-17,南 北,中楼层/共7层,平层/毛坯,166.21平米
70年,61,西湖西溪,47936元/平米,,2011年建/板楼,425,2室1厅,103102563071,2018-07-01,南 北,中楼层/共13层,平层/精装,88.66平米
70年,0,临安临安,17362元/平米,钱锦花园,未知年建/板楼,125,2室2厅,103104351249,2019-04-07,南,高楼层/共22层,平层/毛坯,72平米
70年,13,江干九堡,35009元/平米,中兴九洲芳园,2011年建/板楼,310,2室1厅,103104638277,2019-05-05,南 北,高楼层/共18层,平层/精装,88.55平米
70年,2,江干景芳,46434元/平米,景芳三区,1996年建/板楼,276,3室1厅,103105026708,2019-06-14,东 南 北,中楼层/共7层,简装,59.44平米
70年,9,滨江浦沿,36424元/平米,万科逸天广场,2007年建/板楼,550,3室2厅,103103359990,2018-11-11,南 北,中楼层/共20层,平层/精装,151平米
70年,1,余杭临平,25369元/平米,东海水景城,2010年建/板楼,860,7室3厅,103103623887,2018-12-22,南,低楼层/共17层,毛坯,339平米
70年,8,萧山南部卧城,31144元/平米,开元广场,2015年建/板楼,410,3室2厅,103103196171,2018-10-24,南,中楼层/共19层,平层/毛坯,131.65平米
70年,23,江干三里亭,32283元/平米,三里亭苑四区,1995年建/板楼,260,2室1厅,103102469822,2018-06-02,南,高楼层/共7层,平层/精装,80.54平米
70年,3,钱塘新区沿江南,28443元/平米,保利玫瑰湾,2013年建/板楼,390,4室2厅,103102386404,2018-05-07,南 北,低楼层/共32层,平层/毛坯,137.12平米
40年,8,余杭临平,24219元/平米,富邦星座,2016年建/塔楼,155,4室1厅,103104245715,2019-03-27,南,中楼层/共24层,跃层/精装,64平米
70年,1,拱墅三墩,35972元/平米,阳光郡,2014年建/板楼,500,3室2厅,103104203419,2019-03-22,南 北,低楼层/共28层,平层/毛坯,139平米
70年,4,萧山萧山新城区,40184元/平米,新城香悦奥府,2018年建/板楼,350,3室1厅,103103105687,2018-10-14,南,低楼层/共27层,简装,87.1平米
70年,0,余杭闲林,26599元/平米,竹海水韵,2011年建/板楼,235,3室2厅,103104950055,2019-06-06,南 北,中楼层/共18层,平层/精装,88.35平米
70年,4,江干火车东站,50217元/平米,紫玉福邸,2016年建/板楼,440,2室1厅,103104023346,2019-03-03,南 北,中楼层/共16层,平层/精装,87.62平米
40年,16,钱塘新区高教园区东,16028元/平米,宝龙城市广场,2014年建/板楼,71,1室1厅,103103929794,2019-02-21,东,低楼层/共15层,平层/毛坯,44.3平米
70年,0,临安临安,14815元/平米,南苑小区,未知年建/板楼,120,2室1厅,103104953176,2019-06-06,南,中楼层/共7层,精装,81平米
70年,27,拱墅万达广场,32487元/平米,天鸿香榭里,2012年建/板楼,450,4室1厅,103102794000,2018-08-28,西,中楼层/共24层,平层/毛坯,138.52平米
70年,4,西湖之江,45000元/平米,之江九里,2016年建/板楼,616.5,3室1厅,103102713819,2018-08-09,南,低楼层/共16层,精装,137平米
70年,30,西湖转塘,31396元/平米,中海定山府,2010年建/板楼,270,2室2厅,103102920783,2018-09-15,南,低楼层/共17层,平层/简装,86平米
70年,47,萧山萧山新城区,33976元/平米,金帝金色钱塘,2010年建/板楼,450,4室2厅,103102429418,2018-05-20,南 北,低楼层/共31层,平层/精装,132.45平米
70年,1,余杭临平,18494元/平米,东方俊园,2004年建/板楼,260,3室2厅,103104908272,2019-06-02,南,中楼层/共6层,平层/精装,140.59平米
70年,1,余杭闲林,22561元/平米,新西湖小镇,未知年建/板楼,200,2室2厅,103103068714,2018-10-08,南,低楼层/共27层,平层/精装,88.65平米
70年,13,余杭闲林,24009元/平米,竹海水韵,2015年建/板楼,213,3室1厅,103104277945,2019-03-30,南 北,高楼层/共16层,平层/精装,88.72㎡
70年,52,余杭崇贤,20289元/平米,锦昌年华,2009年建/板楼,280,4室2厅,103102088221,2018-01-20,南 北,高楼层/共14层,平层/精装,138.01平米
70年,0,临安临安,19483元/平米,青山湖玫瑰园,未知年建/板楼,750,5室2厅,103103804067,2019-01-21,南,独栋/共2层,毛坯,384.97平米
70年,1,上城湖滨,71498元/平米,浣纱路,1995年建/板楼,740,3室1厅,103103028984,2018-09-30,南 北,高楼层/共6层,简装,103.5平米
70年,27,余杭闲林,20292元/平米,绿城桃源小镇,未知年建/板塔结合,235,4室2厅,103104230483,2019-03-25,南 北,低楼层/共34层,平层/毛坯,115.81平米
70年,20,余杭万达广场,35602元/平米,万科北宸之光,2015年建/塔楼,405,3室1厅,103104608217,2019-05-02,南,高楼层/共28层,平层/精装,113.76平米
70年,69,萧山萧山新城区,38765元/平米,滨江江南之星,2018年建/板楼,345,3室2厅,103103999231,2019-03-01,南,低楼层/共34层,平层/毛坯,89平米
70年,26,下城长庆,39502元/平米,林司后,1991年建/板楼,168,1室1厅,103103798134,2019-01-19,南,中楼层/共7层,平层/简装,42.53平米
70年,14,萧山钱江世纪城,45260元/平米,万和国际,2014年建/板楼,338,2室2厅,103102622895,2018-07-17,南,低楼层/共32层,平层/毛坯,74.68平米
70年,1,临安临安,19794元/平米,中天珺府,未知年建/暂无数据,760,4室2厅,103105060235,2019-06-17,南,联排/共2层,毛坯,383.96平米
70年,2,拱墅三墩,29892元/平米,都市水乡水滟苑,2008年建/板楼,275,2室2厅,103104120922,2019-03-14,东 南 北,高楼层/共15层,平层/简装,92平米
70年,3,余杭闲林,18645元/平米,爵士风情花园,2008年建/板楼,330,4室2厅,103104694915,2019-05-11,南 北,高楼层/共6层,跃层/精装,177平米
40年,6,上城近江,49315元/平米,日信国际DOUBLE时代,2015年建/板塔结合,320,2室1厅,103102795625,2018-08-28,西,中楼层/共21层,Loft/精装,64.89平米
70年,1,西湖文教,45184元/平米,莫干山路,1996年建/板楼,258,2室1厅,103102816400,2018-08-31,南,高楼层/共5层,平层/简装,57.1平米
70年,0,临安临安,20704元/平米,森林湖山庄南区,未知年建/板塔结合,700,4室3厅,103103804257,2019-01-21,南,独栋/共3层,毛坯,338.1平米
70年,3,滨江浦沿,39345元/平米,观邸国际,2008年建/板塔结合,550,3室2厅,103104607160,2019-05-02,南,中楼层/共33层,平层/精装,139.79平米
70年,2,萧山钱江世纪城,61330元/平米,顺发和美家,2012年建/板楼,550,3室2厅,103104193897,2019-03-21,南,高楼层/共36层,精装,89.68平米
70年,3,萧山萧山开发区,27565元/平米,众安景海湾,2012年建/塔楼,248,3室2厅,103104647616,2019-05-06,南 北,低楼层/共33层,平层/毛坯,89.97平米
70年,1,萧山萧山市区,25000元/平米,高桥小区,1995年建/板楼,285,4室1厅,103104165449,2019-03-18,南,低楼层/共6层,平层/简装,114平米
70年,68,下城流水苑,41727元/平米,星都嘉苑,2004年建/板楼,175,1室0厅,103103217161,2018-10-26,西,中楼层/共20层,平层/精装,41.94平米
70年,24,西湖九莲,75723元/平米,世贸丽晶城,2006年建/板楼,820,2室2厅,103102997449,2018-09-26,南,中楼层/共18层,平层/简装,108.29平米
70年,11,余杭乔司,27089元/平米,复地连城国际,2011年建/板楼,285,3室2厅,103103620996,2018-12-22,南,中楼层/共12层,跃层/精装,105.21平米
70年,13,萧山闻堰,20753元/平米,三江花园(萧山),2007年建/板楼,500,4室2厅,103102048108,2018-01-04,南,中楼层/共18层,跃层/毛坯,240.93平米
70年,9,滨江滨江区政府,53299元/平米,欣盛东方郡西区,2010年建/板楼,475,2室1厅,103102645383,2018-07-23,南,中楼层/共33层,平层/简装,89.12平米
70年,15,江干丁桥,27805元/平米,丁桥家苑,2008年建/板楼,285,3室2厅,103104676536,2019-05-09,南 北,中楼层/共6层,平层/精装,102.5平米
40年,2,钱塘新区沿江南,15528元/平米,世茂江滨商业中心,2011年建/板楼,72,1室1厅,103102925483,2018-09-16,南,中楼层/共28层,平层/精装,46.37平米
70年,0,余杭星桥,24529元/平米,美好桂花星座,2016年建/板楼,260,3室2厅,103104217165,2019-03-24,南 北,高楼层/共23层,平层/精装,106平米
70年,0,余杭小和山,23838元/平米,华盛星洲翠谷,2009年建/板塔结合,205,2室2厅,103104131701,2019-03-15,南,高楼层/共18层,平层/简装,86平米
70年,19,下城三塘,36479元/平米,六塘公寓,1998年建/板楼,230,2室1厅,103104148532,2019-03-17,南,中楼层/共7层,平层/简装,63.05平米
70年,18,下城三塘,39402元/平米,水印康庭,2006年建/板楼,500,3室2厅,103104296173,2019-04-01,南,中楼层/共11层,平层/精装,126.9平米
70年,8,拱墅拱宸桥,40910元/平米,左岸花园,2005年建/板楼,405,3室2厅,103104651952,2019-05-07,南,高楼层/共6层,平层/简装,99平米
70年,26,西湖嘉绿,43754元/平米,莲花港家园,2000年建/板楼,428,3室2厅,103102578477,2018-07-05,南 北,低楼层/共6层,平层/简装,97.82平米
70年,6,钱塘新区高教园区西,28178元/平米,文苑风情,2006年建/板楼,145,1室1厅,103103318851,2018-11-07,西南,低楼层/共24层,简装,51.46平米
70年,28,西湖三墩,43610元/平米,金地自在城,2012年建/板楼,390,3室2厅,103104242620,2019-03-26,南 西 北,中楼层/共26层,平层/精装,89.43平米
70年,1,西湖小和山,24615元/平米,泊林漫谷,2010年建/板楼,332万元,3室2厅,103102730608,2018-08-13,南,低楼层/共12层,精装,134.88平米
70年,48,滨江西兴,39888元/平米,瑞立东方花城,2015年建/板楼,355,3室2厅,103103534716,2018-12-07,南,低楼层/共24层,平层/简装,89平米
70年,17,下城朝晖,36792元/平米,朝晖六区,1986年建/板楼,250,3室1厅,103104682288,2019-05-10,南,高楼层/共6层,平层/简装,67.95平米
70年,20,余杭临平,30624元/平米,余之城,2017年建/板楼,275,3室1厅,103103666936,2018-12-29,南,高楼层/共33层,平层/精装,89.8平米
70年,15,西湖申花,49856元/平米,丽阳苑,2009年建/塔楼,688,3室2厅,103102428879,2018-05-20,南,中楼层/共7层,平层/精装,138平米
70年,5,西湖黄龙,64382元/平米,曙光新村,1989年建/板楼,415,3室1厅,103103595145,2018-12-17,南,高楼层/共6层,平层/毛坯,64.46平米
70年,16,余杭良渚,30354元/平米,良渚文化村白鹭郡南,2010年建/板楼,200,1室2厅,103104121024,2019-03-14,南,高楼层/共5层,平层/简装,65.89平米
70年,52,滨江白马湖,42708元/平米,保亿风景蝶院观园,2010年建/板楼,248,2室1厅,103104152294,2019-03-17,南,高楼层/共15层,平层/精装,58.07平米
70年,17,余杭闲林,23327元/平米,绿城桃源小镇,2008年建/板楼,200,2室2厅,103104507106,2019-04-22,南,高楼层/共10层,平层/精装,85.74平米
70年,47,下城建国北路,48375元/平米,宝善公寓,2008年建/塔楼,625,2室2厅,103102019615,2017-12-23,南,高楼层/共25层,跃层/简装,129.2平米
70年,9,余杭未来科技城,30338元/平米,泊悦府,2013年建/板楼,270,3室2厅,103104470547,2019-04-18,南 北,低楼层/共18层,平层/精装,89平米
70年,5,拱墅桥西,40506元/平米,吉如家园,未知/板楼,375,2室1厅,103104539117,2019-04-25,东南 北,中楼层/共18层,平层/毛坯,92.58平米
70年,1,江干景芳,46477元/平米,中企艮山府,2015年建/板楼,990,6室1厅,103103648321,2018-12-26,南 北,低楼层/共23层,平层/简装,213.01平米
40年,0,余杭未来科技城,22583元/平米,西溪蓝海,2017年建/塔楼,85,1室1厅,103103769181,2019-01-14,北,高楼层/共23层,平层/精装,37.64平米
70年,1,拱墅湖墅,39157元/平米,大塘新村,1988年建/板楼,390,2室2厅,103105072052,2019-06-18,南 北,中楼层/共6层,平层/精装,99.6平米
70年,69,滨江西兴,46944元/平米,中天官河锦庭,2015年建/板楼,420,3室2厅,103103514088,2018-12-04,南,低楼层/共34层,平层/精装,89.47平米
70年,10,滨江浦沿,39294元/平米,江南文苑,2010年建/板楼,345,2室1厅,103104744158,2019-05-16,南,高楼层/共18层,精装,87.8平米
70年,206,滨江浦沿,30278元/平米,超级星期天,2008年建/板楼,218,2室1厅,103102530216,2018-06-21,南 北,中楼层/共14层,平层/精装,72平米
70年,23,西湖黄龙,70176元/平米,黄龙雅苑,2004年建/塔楼,600,2室1厅,103102785956,2018-08-26,南,中楼层/共18层,平层/精装,85.5平米
70年,58,余杭临平,18069元/平米,东湖北路257号,未知年建/暂无数据,145,2室2厅,103102507702,2018-06-14,东 西,中楼层/共4层,平层/简装,80.25平米
70年,107,西湖西溪,53473元/平米,融创河滨之城雨澜轩,2017年建/板楼,475,3室2厅,103102793879,2018-08-28,南,低楼层/共18层,平层/毛坯,88.83平米
70年,4,江干火车东站,42124元/平米,红街公寓,2010年建/板楼,284,2室1厅,103104111420,2019-03-13,南 北,高楼层/共16层,平层/简装,67.42平米
70年,14,余杭未来科技城,38509元/平米,北大资源未名府,未知年建/板楼,438,4室2厅,103104127160,2019-03-14,南,低楼层/共12层,平层/毛坯,113.74平米
70年,0,余杭未来科技城,25880元/平米,湖山帝景湾南苑,2015年建/板楼,273,3室2厅,103104620779,2019-05-04,南 北,低楼层/共23层,平层/精装,105.49平米
70年,15,余杭未来科技城,23501元/平米,西园凤都苑,2005年建/板楼,340,4室2厅,103102288010,2018-04-06,南,低楼层/共6层,平层/简装,144.68平米
70年,20,西湖申花,56513元/平米,广宇西城美墅,2010年建/塔楼,666,3室2厅,103104487306,2019-04-20,南,中楼层/共22层,平层/简装,117.85平米
70年,2,余杭星桥,24370元/平米,嘉和银领时代,2016年建/板楼,850,6室3厅,103104555452,2019-04-27,南,联排/共3层,毛坯,348.79平米
70年,23,江干闸弄口,39926元/平米,濮家新村,1988年建/板楼,215,2室1厅,103102433349,2018-05-21,南,低楼层/共6层,简装,53.85平米
70年,2,临安临安,17747 元/平米,青山鹤岭,未知年建/板楼,126,2室2厅,103104655349,2019-05-07,南,低楼层/共11层,平层/精装,71平米
40年,0,萧山南部卧城,16799元/平米,南润名座,2017年建/塔楼,130,2室1厅,103104705828,2019-05-12,南,中楼层/共20层,平层/简装,77.39平米
70年,9,西湖文三西路,44985元/平米,城市心境,2004年建/板楼,639,4室2厅,103104735217,2019-05-15,东 南,中楼层/共11层,平层/简装,142.05平米
70年,1,钱塘新区沿江北,25829元/平米,野风海天城,2007年建/板楼,318,3室2厅,103103104805,2018-10-14,南,中楼层/共31层,平层/简装,123.12平米
40年,46,钱塘新区沿江南,16177元/平米,世茂江滨商业中心,2011年建/板楼,110,1室1厅,103103580362,2018-12-15,南,高楼层/共28层,平层/精装,68平米
70年,49,余杭乔司,23601元/平米,东冠逸景花苑,2013年建/板楼,145,2室1厅,103104481351,2019-04-19,东南,中楼层/共6层,平层/简装,61.44平米
70年,0,萧山钱江世纪城,41567元/平米,顺发康庄,2012年建/板楼,345,3室2厅,103103826818,2019-01-25,南,高楼层/共29层,平层/简装,83平米
70年,10,拱墅桥西,56711元/平米,嘉泰馨庭,2009年建/板楼,210,2室2厅,103104662443,2019-05-08,北,高楼层/共16层,精装,37.03平米
70年,1,萧山萧山市区,28200元/平米,育才东苑,1995年建/板楼,260,3室2厅,103102547909,2018-06-27,南,高楼层/共6层,简装,92.2平米
40年,2,钱塘新区沿江南,18602元/平米,世茂江滨商业中心,2011年建/塔楼,100,1室1厅,103102799328,2018-08-29,南 北,中楼层/共28层,精装,53.76平米
70年,2,余杭乔司,21736元/平米,复地连城国际,2011年建/板楼,300,3室2厅,103103570853,2018-12-13,南,中楼层/共16层,简装,138.02平米
70年,6,余杭临平,18858元/平米,梅堰小区,2000年建/板楼,198,3室1厅,103102732576,2018-08-13,南,低楼层/共7层,平层/简装,105平米
70年,58,西湖文一西路,43380元/平米,雅仕苑,1998年建/板楼,499,3室2厅,103101255519,2017-04-29,南 北,中楼层/共7层,简装,115.03平米
40年,9,滨江西兴,28572元/平米,兴耀鑫都汇,2016年建/板楼,140,2室1厅,103103107301,2018-10-14,东,高楼层/共20层,平层/精装,49平米
70年,15,萧山钱江世纪城,34774元/平米,顺发康庄,2012年建/板楼,260,2室2厅,103103732597,2019-01-10,南,高楼层/共29层,平层/精装,74.77平米
70年,9,余杭闲林,27495元/平米,青枫墅园,2014年建/板楼,245,3室2厅,103104904329,2019-06-01,南,中楼层/共18层,毛坯,89.11平米
70年,14,下城三塘,29230元/平米,漾河公寓,2006年建/板楼,420,4室2厅,103102837458,2018-09-04,南,高楼层/共6层,简装,143.69平米
40年,6,钱塘新区金沙湖,17738元/平米,四季广场,2017年建/板塔结合,98,1室0厅,103103692178,2019-01-03,南,低楼层/共25层,平层/精装,55.25平米
70年,28,余杭勾庄,24742元/平米,逸居城,2010年建/板楼,215,2室2厅,103103525657,2018-12-06,南,高楼层/共11层,平层/精装,86.9平米
40年,2,滨江滨江区政府,46187元/平米,中赢康康谷,2017年建/塔楼,195,2室2厅,103104345333,2019-04-06,南,中楼层/共18层,Loft/精装,42.22平米
70年,9,余杭闲林,24246元/平米,爵士风情花园,2008年建/板楼,285,3室2厅,103102821761,2018-09-01,南 北,高楼层/共6层,精装,117.55平米
70年,11,西湖良渚,40980元/平米,龙湖水晶郦城,2018年建/板楼,365,3室2厅,103104790024,2019-05-21,南,高楼层/共31层,平层/精装,89.07平米
70年,2,滨江彩虹城,37662元/平米,之江公寓,2003年建/板楼,608,4室2厅,103103639291,2018-12-25,南,中楼层/共20层,平层/精装,161.44平米
70年,0,拱墅湖墅,38388元/平米,大塘新村,1988年建/板楼,240,2室1厅,103105104263,2019-06-21,南,中楼层/共6层,简装,62.52平米
70年,0,临安临安,17323元/平米,青山鹤岭,未知年建/板楼,55,1室1厅,103104020122,2019-03-03,东,低楼层/共18层,精装,31.75平米
70年,0,西湖嘉绿,46215元/平米,莲花港家园,2000年建/板楼,445,3室2厅,103104614886,2019-05-03,南 北,高楼层/共6层,简装,96.29平米
70年,42,余杭闲林,22322元/平米,闲林山水海棠苑,2007年建/板楼,220,2室2厅,103102635769,2018-07-20,南,低楼层/共5层,毛坯,98.56平米
70年,0,萧山湘湖,32095元/平米,奥兰多小镇,2007年建/板楼,430,3室2厅,103104603353,2019-05-02,南,低楼层/共15层,平层/精装,133.98㎡
70年,5,,23318元/平米,绿城桃源小镇,2008年建/板塔结合,210,2室2厅,103103568889,2018-12-13,南 北,中楼层/共11层,平层/简装,90.06平米
70年,1,江干丁桥,34587元/平米,广宇上东领地,2011年建/板楼,298,2室2厅,103104678971,2019-05-10,南 北,中楼层/共16层,精装,86.16平米
70年,29,滨江滨江区政府,56256元/平米,欣盛东方郡西区,2010年建/板楼,500,2室1厅,103102684116,2018-08-02,南,高楼层/共33层,精装,88.88平米
70年,11,江干九堡,32512元/平米,海棠公寓,2011年建/板楼,290,3室1厅,103104718766,2019-05-14,南,中楼层/共16层,平层/精装,89.2平米
70年,27,余杭西溪,67970元/平米,大华西溪风情,未知年建/暂无数据,1680,6室2厅,103104096988,2019-03-11,南 北,低楼层/共3层,精装,247.17平米
70年,11,江干丁桥,27430元/平米,后珠美邻嘉苑,2010年建/板楼,230,2室2厅,103103972935,2019-02-26,南,高楼层/共11层,平层/精装,83.85平米
70年,0,临安临安,13462元/平米,恒晟左邻右里,未知年建/暂无数据,210,3室2厅,103103689360,2019-01-03,南,高楼层/共7层,简装,156平米
70年,12,余杭翡翠城,38159元/平米,翡翠城三期,2013年建/板楼,325,2室2厅,103102633883,2018-07-20,南 北,中楼层/共12层,平层/简装,85.17平米
70年,21,萧山闻堰,24026元/平米,三江花园(萧山),2007年建/板楼,360,4室2厅,103103771860,2019-01-15,南,高楼层/共5层,跃层/精装,149.84平米
70年,14,余杭乔司,24180元/平米,东冠逸景花苑,2013年建/板楼,280,3室1厅,103104424194,2019-04-14,南,中楼层/共9层,平层/毛坯,115.8平米
70年,16,余杭崇贤,17195元/平米,龙湖香醍溪岸,2013年建/板楼,239,3室1厅,103104316261,2019-04-03,东南 南,低楼层/共27层,平层/精装,139平米
70年,0,江干华家池,52084元/平米,南肖埠文景苑,2005年建/板楼,715,3室2厅,103104699594,2019-05-12,南 北,高楼层/共18层,平层/精装,137.28平米
70年,14,拱墅桥西,37758元/平米,吉如家园,2009年建/板楼,435,3室2厅,103102569651,2018-07-03,南 北,高楼层/共25层,简装,115.21平米
70年,19,西湖文一西路,47446元/平米,雅仕苑,2001年建/板楼,650,4室2厅,103103353313,2018-11-10,南,高楼层/共6层,错层/简装,137平米
70年,9,西湖古荡,38050元/平米,西溪路536号,1993年建/板楼,160,1室1厅,103104581575,2019-04-29,南,低楼层/共3层,简装,42.05平米
40年,14,滨江浦沿,33692元/平米,积家,2014年建/板塔结合,135,1室1厅,103104437782,2019-04-16,东,中楼层/共22层,精装,40.07平米
70年,3,下城三塘,33907元/平米,东新园茗盛苑,2004年建/板楼,430,3室2厅,103104844863,2019-05-26,南 北,低楼层/共16层,平层/精装,9平米
70年,6,江干火车东站,37834元/平米,天庐苑,2005年建/板楼,315,2室2厅,103103089792,2018-10-11,南,中楼层/共6层,平层/简装,83.26平米
70年,19,滨江浦沿,37079元/平米,银爵世纪公寓,2008年建/板楼,330,2室2厅,103104030699,2019-03-04,南,高楼层/共32层,简装,89平米
70年,11,余杭临平,22892元/平米,金都夏宫,2016年建/板楼,190,2室1厅,103102544748,2018-06-26,南,高楼层/共31层,平层/简装,83平米
70年,1,上城复兴,47671元/平米,清河家园,2003年建/板楼,220,2室1厅,103104873228,2019-05-29,南,高楼层/共6层,平层/简装,46.15平米
70年,30,下城朝晖,34438元/平米,东新关,1994年建/板楼,210,2室1厅,103104120829,2019-03-14,南 北,高楼层/共7层,平层/简装,60.98平米
70年,1,余杭闲林,25519元/平米,赞成乐山红叶,2014年建/塔楼,225,2室2厅,103102196064,2018-03-10,南 北,高楼层/共20层,平层/精装,88.17平米
70年,0,余杭塘栖,27499元/平米,野风启城,2016年建/板楼,550,7室2厅,103104276680,2019-03-30,南,低楼层/共7层,毛坯,200.01平米
70年,30,余杭闲林,24158元/平米,保亿丽景山,2013年建/板楼,215,3室2厅,103102678249,2018-08-01,南,中楼层/共18层,毛坯,89平米
70年,42,西湖小和山,24542元/平米,众安白马山庄,2015年建/板楼,300,3室2厅,103103481171,2018-11-29,南,高楼层/共34层,平层/毛坯,122.24平米
70年,0,钱塘新区沿江北,22817元/平米,多蓝水岸碧海苑,2007年建/塔楼,320,3室2厅,103103699138,2019-01-04,南,低楼层/共25层,简装,140.25平米
70年,22,滨江彩虹城,44575元/平米,之江公寓,2003年建/板楼,410,2室1厅,103103860382,2019-02-13,东南,低楼层/共5层,平层/简装,91.98平米
70年,1,临安临安,15790元/平米,西墅锦园,未知年建/塔楼,150,4室2厅,103103689235,2019-01-03,南 北,高楼层/共9层,平层/简装,95平米
70年,14,下城流水苑,44986元/平米,绿洲花园,2006年建/板塔结合,675,3室2厅,103103382702,2018-11-14,南 北,高楼层/共28层,平层/简装,150.05平米
70年,29,西湖嘉绿,57723元/平米,嘉绿北苑,1998年建/板楼,398,2室2厅,103101737231,2017-09-18,南,低楼层/共6层,精装,68.95平米
50年,2,拱墅桥西,21683元/平米,富越香郡盈座,2015年建/板楼,83,1室1厅,103104528248,2019-04-24,南,低楼层/共25层,平层/简装,38.28平米
40年,11,西湖嘉绿,29569元/平米,金色蓝庭,2010年建/板楼,200,1室1厅,103104580571,2019-04-29,南,低楼层/共23层,平层/精装,67.64平米
70年,2,滨江彩虹城,48530元/平米,彩虹城,2007年建/板楼,330,1室1厅,103103371133,2018-11-13,南,中楼层/共20层,简装,68平米
70年,7,余杭星桥,23095元/平米,星运丽园兰逸,2012年建/板楼,180,2室2厅,103104694189,2019-05-11,南,高楼层/共6层,平层/精装,77.94平米
70年,35,西湖翠苑,40415元/平米,翠苑四区,1993年建/板楼,230,2室1厅,103102901299,2018-09-12,南,高楼层/共7层,精装,56.91平米
70年,12,拱墅三墩,29671元/平米,都市水乡水月苑,2005年建/板楼,290,2室1厅,103103994082,2019-02-28,南,高楼层/共11层,平层/精装,97.74平米
40年,7,余杭临平,21148元/平米,华元欢乐城,2016年建/板塔结合,73,2室2厅,103104650578,2019-05-07,西,低楼层/共22层,跃层/毛坯,34.52平米
70年,10,余杭未来科技城,18750元/平米,百汇中心,2000年建/板楼,105,1室1厅,103104704741,2019-05-12,南 北,高楼层/共6层,精装,56平米
70年,20,江干丁桥,31808元/平米,联合格里,2010年建/板楼,280,3室2厅,103104093375,2019-03-11,南,低楼层/共10层,平层/精装,88.03平米
40年,1,钱塘新区高教园区东,22687元/平米,宝龙城市广场,2014年建/板楼,100,3室1厅,103103136547,2018-10-16,南,中楼层/共22层,简装,44.08平米
70年,4,余杭勾庄,22427元/平米,嘉凯城名城博园,2016年建/板楼,242,3室2厅,103104980478,2019-06-09,南,中楼层/共30层,平层/精装,107.91平米
50年,8,拱墅桥西,20092元/平米,富越香郡盈座,2015年建/板楼,105,2室1厅,103104265966,2019-03-29,南,高楼层/共25层,平层/精装,52.26平米
70年,7,江干九堡,37924元/平米,康恒悦麒美寓,2016年建/板楼,320,2室2厅,103104275810,2019-03-30,南 北,高楼层/共24层,精装,84.38平米
70年,1,拱墅湖墅,43854元/平米,锦绣新村,1998年建/板楼,340,2室2厅,103104547158,2019-04-26,南 北,低楼层/共7层,平层/精装,77.53平米
70年,1,拱墅申花,44605元/平米,,2009年建/板楼,599,3室2厅,103105079040,2019-06-19,南,低楼层/共24层,简装,134.29平米
70年,2,余杭星桥,22250元/平米,广厦天都城天熙公馆,未知年建/板楼,460,4室2厅,103104949343,2019-06-06,南 北,低楼层/共16层,平层/精装,206.75平米
70年,14,西湖小和山,25140元/平米,泊林漫谷,2010年建/板楼,225,2室2厅,103101999381,2017-12-16,南 北,低楼层/共6层,平层/精装,89.5平米
70年,0,钱塘新区高教园区西,25000元/平米,清雅苑,2006年建/板楼,395,4室2厅,103104750595,2019-05-17,南,高楼层/共6层,简装,158平米
70年,6,下城天水,50269元/平米,胭脂新村,1998年建/板楼,150,1室1厅,103102667355,2018-07-29,南,中楼层/共7层,平层/简装,29.84平米
70年,41,余杭闲林,25075元/平米,竹海水韵,2011年建/板楼,220,3室2厅,103103642579,2018-12-26,西南 北,高楼层/共18层,平层/精装,87.74平米
70年,11,上城南星,60400元/平米,春江花月,2006年建/板塔结合,690,2室2厅,103104434966,2019-04-15,西南,低楼层/共23层,平层/精装,114.24平米
70年,27,余杭闲林,29147元/平米,青枫墅园,2014年建/板楼,398,3室2厅,103102637849,2018-07-21,南 北,中楼层/共18层,平层/毛坯,136.55平米
70年,0,余杭闲林,35071元/平米,佳兆业西溪璞园,2017年建/板楼,436,3室2厅,103103346518,2018-11-09,南 北,中楼层/共18层,平层/毛坯,124.32平米
40年,0,余杭临平,19022元/平米,理想银泰城,2016年建/板楼,98,1室1厅,103103767233,2019-01-14,南,中楼层/共28层,简装,51.52平米
70年,18,西湖三墩,43581元/平米,金地自在城,2012年建/板楼,390,3室2厅,103104172761,2019-03-19,南,高楼层/共26层,平层/精装,89.49平米
40年,3,余杭未来科技城,30573元/平米,欧美金融城,2017年建/板楼,165,1室1厅,103104331950,2019-04-04,南,高楼层/共26层,精装,53.97平米
70年,10,钱塘新区金沙湖,39265元/平米,德信早城,2012年建/板塔结合,500,3室2厅,103102640922,2018-07-22,南,中楼层/共22层,平层/精装,127.34平米
70年,2,江干采荷,56000元/平米,采荷街道青荷苑,1992年建/板楼,389.7,3室1厅,103104021386,2019-03-03,南,低楼层/共6层,平层/简装,69.59平米
70年,3,下城流水苑,42358元/平米,流水北苑,1996年建/板楼,240,2室1厅,103104880885,2019-05-30,南,中楼层/共7层,平层/简装,56.66平米
70年,17,余杭星桥,21898元/平米,星桥桂花城,2010年建/板楼,300,4室2厅,103102270697,2018-04-01,南,低楼层/共9层,平层/精装,137平米
70年,1,江干丁桥,37146元/平米,天阳明朗,2017年建/板楼,330,3室2厅,103104901632,2019-06-01,东南,中楼层/共16层,平层/精装,88.84平米
70年,3,拱墅拱宸桥,35715元/平米,左岸花园,2005年建/板楼,500,4室2厅,103104622711,2019-05-04,南,低楼层/共11层,平层/简装,140平米
70年,7,滨江彩虹城,43116元/平米,银色港湾公寓,2006年建/板楼,600,4室2厅,103103878338,2019-02-15,南,低楼层/共6层,平层/精装,139.16平米
40年,6,萧山萧山新城区,20302元/平米,中栋国际,2015年建/板楼,105,1室1厅,103102727422,2018-08-12,南,低楼层/共16层,平层/精装,51.72平米
70年,60,萧山萧山市区,27985元/平米,北干二苑,1996年建/板楼,245,3室2厅,103102930490,2018-09-17,南,高楼层/共6层,平层/简装,87.55平米
70年,3,余杭临平,23518元/平米,东海水景城,2010年建/板楼,115,1室1厅,103104805915,2019-05-23,东,高楼层/共32层,平层/其他,48.9平米
70年,93,下城众安桥,54493元/平米,竹竿巷,2001年建/板楼,433,3室1厅,103102097224,2018-01-24,南,中楼层/共6层,平层/毛坯,79.46平米
70年,55,江干采荷,52991元/平米,采荷东区,1995年建/板楼,350,2室1厅,103102694979,2018-08-05,南,低楼层/共7层,平层/精装,66.05平米
70年,0,临安临安,14008 元/平米,宝亿御景园,未知年建/暂无数据,198,4室2厅,103103247802,2018-10-30,南,低楼层/共6层,简装,141.35平米
70年,7,江干丁桥,34687元/平米,中豪四季公馆,2011年建/塔楼,400,3室2厅,103104603521,2019-05-02,南 北,中楼层/共16层,平层/精装,115.32平米
70年,52,钱塘新区高教园区西,24473元/平米,东海未名园,2005年建/板楼,370,3室2厅,103102321961,2018-04-16,南 北,低楼层/共12层,平层/精装,151.19平米
70年,0,富阳富阳,17294元/平米,华庭云顶,未知年建/暂无数据,200,3室2厅,103104705492,2019-05-12,东南 南,高楼层/共18层,简装,115.65平米
70年,0,余杭瓶窑,17557元/平米,北湖绿洲花园,未知年建/板楼,240,4室2厅,103104663612,2019-05-08,南,高楼层/共6层,精装,136.7平米
70年,1,萧山萧山市区,25057元/平米,潘水南苑,2000年建/板楼,330,4室2厅,103104479814,2019-04-19,南,低楼层/共6层,精装,131.7平米
70年,36,江干丁桥,27792元/平米,北城枫景园,2012年建/板楼,175万元,2室1厅,103103414600,2018-11-19,南,高楼层/共17层,平层/毛坯,62.97平米
70年,59,余杭三墩,32249元/平米,亲亲家园一期,2007年建/板楼,335,3室2厅,103102753905,2018-08-19,南 北,中楼层/共6层,平层/简装,103.88平米
70年,42,滨江滨江区政府,47228元/平米,迎春小区,2005年建/板楼,230,2室1厅,103104413457,2019-04-13,南,高楼层/共6层,平层/简装,48.7平米
70年,2,下城石桥,31842元/平米,祥和人家,2006年建/板楼,395,3室2厅,103104031395,2019-03-04,南,低楼层/共11层,平层/简装,124.05平米
70年,3,下城长庆,53051元/平米,柳营花园东区,2000年建/板楼,626,3室2厅,103104513804,2019-04-22,东南 南,低楼层/共7层,平层/精装,118平米
70年,1,余杭闲林,24853元/平米,闲林山水木兰苑,2006年建/板楼,315,3室2厅,103102784393,2018-08-26,南 北,低楼层/共5层,平层/精装,126.75平米
70年,95,西湖小和山,18268元/平米,泊林漫谷,2010年建/板楼,240,3室2厅,103101942941,2017-11-26,南,低楼层/共12层,毛坯,131.38平米
70年,25,下城天水,54884元/平米,屏风苑小区,1990年建/板楼,322,2室1厅,103102580916,2018-07-06,南 北,高楼层/共6层,平层/精装,58.67平米
70年,82,西湖良渚,31452元/平米,都市阳光嘉苑,2010年建/板楼,195,2室1厅,103104334530,2019-04-05,南,高楼层/共17层,平层/精装,62平米
70年,20,钱塘新区大学城北,26700元/平米,杭州碧桂园,2014年建/塔楼,238,3室2厅,103103875158,2019-02-15,南,高楼层/共30层,平层/精装,89.14平米
70年,20,上城复兴,44197元/平米,美政花苑,2000年建/塔楼,198,2室1厅,103104745865,2019-05-16,南 北,低楼层/共7层,平层/精装,44.8平米
70年,8,西湖良渚,33719元/平米,都市阳光和苑,未知年建/板楼,210,2室1厅,103102920188,2018-09-15,南,低楼层/共28层,平层/精装,62.28平米
70年,5,钱塘新区沿江南,36154元/平米,宋都晨光国际,2013年建/板塔结合,235,2室2厅,103104570021,2019-04-28,南,低楼层/共33层,平层/简装,65平米
70年,92,萧山萧山市区,25135元/平米,北干二苑新安寓,2006年建/板楼,270,4室2厅,103102570411,2018-07-03,南 北,高楼层/共6层,跃层/简装,107.42㎡
70年,18,余杭闲林,20743元/平米,爵士风情花园,2008年建/板楼,248,3室2厅,103104126886,2019-03-14,南,中楼层/共5层,平层/精装,119.56平米
70年,26,西湖翠苑,41621元/平米,翠苑五区,1996年建/板楼,300,2室1厅,103102383716,2018-05-06,南 北,高楼层/共7层,平层/精装,72.08平米
70年,95,西湖良渚,27461元/平米,墩莳家园,2012年建/板楼,173,2室1厅,103104315579,2019-04-03,南,高楼层/共27层,平层/简装,63平米
70年,17,西湖翠苑,41690元/平米,翠苑二区北区,1996年建/板楼,300,3室1厅,103104056307,2019-03-07,南 北,低楼层/共7层,平层/简装,71.96平米
70年,4,滨江彩虹城,66778元/平米,钱塘帝景,2013年建/板楼,600,3室2厅,103104505291,2019-04-22,南,高楼层/共45层,精装,89.85平米
70年,4,拱墅半山,35872元/平米,杭钢北苑,1996年建/板楼,260,2室2厅,103104311721,2019-04-02,南,低楼层/共6层,平层/简装,72.48平米
70年,5,江干九堡,37578元/平米,九月庭院,2010年建/板楼,440,3室2厅,103102655309,2018-07-26,南 北,高楼层/共18层,平层/精装,117.09平米
70年,6,上城南星,48367元/平米,凤凰北苑,1999年建/板楼,740,5室2厅,103102499670,2018-06-11,南,高楼层/共6层,跃层/精装,153平米
70年,10,滨江白马湖,38292元/平米,风景蝶院留园,2011年建/板楼,320,2室2厅,103104156124,2019-03-17,南,中楼层/共20层,平层/精装,83.57平米
70年,4,临安临安,15166元/平米,翠紫苑,未知年建/板楼,180,3室2厅,103103777610,2019-01-16,南,中楼层/共7层,平层/毛坯,118.69平米
70年,4,江干九堡,45993元/平米,宋都阳光国际,2013年建/板塔结合,800,3室2厅,103104480858,2019-04-19,东 南 北,低楼层/共24层,平层/精装,173.94平米
70年,0,江干九堡,36341元/平米,左邻右舍,2009年建/板楼,400,3室2厅,103104985992,2019-06-10,南 北,中楼层/共11层,平层/精装,110.07平米
70年,9,江干丁桥,25901元/平米,新城红郡,2017年建/暂无数据,230,3室2厅,103104558587,2019-04-27,南 北,低楼层/共22层,平层/简装,88.8平米
70年,23,西湖黄龙,76336元/平米,浙大新村,未知年建/暂无数据,450,3室1厅,103102295829,2018-04-08,南,高楼层/共5层,平层/简装,58.95平米
70年,0,临安临安,14075元/平米,吴越人家南区,未知年建/暂无数据,190,3室2厅,103104469208,2019-04-18,南,中楼层/共12层,平层/毛坯,135平米
40年,0,西湖申花,29249元/平米,同人精华,2014年建/板塔结合,95,1室0厅,103104927095,2019-06-04,南,高楼层/共15层,平层/精装,32.48平米
70年,63,江干丁桥,22943元/平米,长睦锦苑,2010年建/板楼,196,2室2厅,103102620448,2018-07-16,南,高楼层/共14层,平层/简装,85.43平米
70年,1,下城石桥,28889元/平米,祥和人家,2006年建/板楼,390,3室2厅,103103027295,2018-09-29,南 西南,中楼层/共11层,简装,135平米
70年,6,江干丁桥,35956元/平米,龙湖名景台二期,2016年建/板楼,320,3室2厅,103104911426,2019-06-02,南 北,高楼层/共15层,平层/精装,89平米
40年,3,余杭未来科技城,24763元/平米,万通时尚公馆,2018年建/板楼,112,1室1厅,103103347553,2018-11-09,东南,中楼层/共23层,精装,45.23平米
70年,27,萧山萧山新城区,33284元/平米,金帝金色钱塘,2010年建/板楼,375,3室2厅,103104101604,2019-03-12,南,中楼层/共31层,平层/精装,112.67平米
70年,93,江干南肖埠,40836元/平米,华家池,1988年建/板楼,260,2室1厅,103101912641,2017-11-15,南,高楼层/共6层,平层/精装,63.67平米
70年,0,江干丁桥,26405元/平米,新城红郡,2017年建/板楼,235,4室1厅,103104702189,2019-05-12,南 北,中楼层/共24层,平层/毛坯,89平米
70年,25,余杭乔司,24674元/平米,朗诗未来街区东园,2016年建/塔楼,285,4室2厅,103104040511,2019-03-05,南,高楼层/共18层,平层/毛坯,115.51平米
70年,3,,35653元/平米,大关东一苑,1995年建/板楼,185,2室1厅,103103566573,2018-12-13,南,中楼层/共6层,平层/简装,51.89平米
70年,1,临安临安,15971元/平米,越秀星汇城,未知年建/板楼,214,3室2厅,103104034388,2019-03-04,南,低楼层/共32层,平层/毛坯,134平米
70年,49,余杭临平,16314元/平米,兰惠家园,2009年建/板楼,195,3室2厅,103103440197,2018-11-23,南,低楼层/共17层,平层/毛坯,119.53平米
70年,31,余杭闲林,26610元/平米,闲林山水紫薇苑,2010年建/板楼,236,2室2厅,103102576603,2018-07-04,南,低楼层/共18层,平层/精装,88.69平米
70年,26,西湖古荡,37577元/平米,亚洲城花园,1996年建/塔楼,320,2室2厅,103103052021,2018-10-05,西 西北 北,高楼层/共14层,平层/简装,85.16平米
70年,17,余杭良渚,30683元/平米,良渚文化村白鹭郡北,2006年建/板楼,490,4室2厅,103103531859,2018-12-07,南,中楼层/共5层,平层/精装,159.7平米
70年,34,上城湖滨,70641元/平米,向阳新村,1985年建/板楼,525,3室1厅,103101989819,2017-12-12,南,低楼层/共7层,平层/简装,74.32平米
70年,79,拱墅半山,39457元/平米,田园牧歌麓云苑,2015年建/板楼,430,3室2厅,103101562408,2017-07-31,南 北,低楼层/共10层,平层/毛坯,108.98平米
40年,1,钱塘新区高教园区西,14091元/平米,华元十六街区,2003年建/板楼,62,1室1厅,103104767142,2019-05-18,南,中楼层/共16层,平层/简装,44平米
70年,6,萧山湘湖,30486元/平米,威尼斯水城,2007年建/板楼,335,2室1厅,103104530641,2019-04-24,南 北,中楼层/共5层,平层/毛坯,109.89平米
70年,7,上城南星,70568元/平米,新绿园,2010年建/板塔结合,480,1室1厅,103102223697,2018-03-18,南,低楼层/共24层,平层/简装,68.02平米
70年,1,西湖文教,54862元/平米,华门自由21世纪,2002年建/塔楼,325,1室1厅,103104089190,2019-03-10,北,中楼层/共27层,平层/简装,59.24平米
70年,13,余杭临平,18415元/平米,将军殿弄,未知年建/板楼,180,3室1厅,103104078257,2019-03-09,南,低楼层/共16层,平层/简装,97.75平米
70年,6,余杭未来科技城,26306元/平米,湖山帝景湾南苑,2015年建/板楼,280,3室2厅,103103102917,2018-10-13,南 北,低楼层/共23层,平层/精装,106.44平米
70年,3,余杭未来科技城,27075元/平米,湖山帝景湾,2015年建/板楼,355,3室2厅,103102678410,2018-08-01,南,低楼层/共22层,精装,131.12平米
40年,0,钱塘新区工业园北,19756元/平米,元成时代中心,2016年建/板楼,105,3室1厅,103104783119,2019-05-20,南,高楼层/共23层,精装,53.15平米
70年,0,临安临安,12593元/平米,吴越山庄,未知年建/暂无数据,170,3室2厅,103104318387,2019-04-03,南,高楼层/共6层,毛坯,135平米
70年,8,余杭临平,22056元/平米,百姓弄小区,2000年建/板楼,165,2室1厅,103104655465,2019-05-07,南,高楼层/共6层,平层/精装,74.81平米
40年,13,滨江长河,34415元/平米,恒鼎博邑郡,2016年建/板楼,280,3室2厅,103102479644,2018-06-05,南,中楼层/共19层,复式/精装,81.36平米
70年,0,余杭良渚,999999元/平米,北秀蓝湾花苑,2005年建/板楼,450,5室3厅,103104450762,2019-04-16,南 北,高楼层/共5层,跃层/精装,177.48平米
70年,5,西湖九莲,36837元/平米,黄姑山路22号,1995年建/板楼,265,2室1厅,103104498011,2019-04-21,南,低楼层/共7层,平层/简装,71.94平米
70年,38,余杭翡翠城,37270元/平米,翡翠城三期,2015年建/板楼,315,3室1厅,103102892171,2018-09-10,南,低楼层/共15层,平层/毛坯,84.52平米
70年,12,余杭翡翠城,29092元/平米,金都雅苑,2005年建/板楼,650,4室2厅,103103147886,2018-10-18,东 南 西 北,高楼层/共6层,跃层/精装,223.43平米
70年,15,萧山钱江世纪城,50000元/平米,佳境天城境合苑,2007年建/板楼,540,4室2厅,103102849783,2018-09-06,南,中楼层/共11层,跃层/精装,108平米
70年,44,拱墅拱宸桥,43865元/平米,中国铁建国际汇,未知年建/板楼,385,3室1厅,103102023493,2017-12-25,南,中楼层/共24层,平层/毛坯,87.77平米
40年,5,余杭未来科技城,25270元/平米,西溪蓝海,2017年建/塔楼,96,2室1厅,103104539614,2019-04-25,南,低楼层/共23层,Loft/精装,37.99平米
70年,1,钱塘新区大学城北,30976元/平米,保利城市果岭,2015年建/塔楼,275,3室2厅,103104512247,2019-04-22,南,中楼层/共29层,平层/精装,88.78平米
70年,16,余杭临平,20304元/平米,临城花苑,2001年建/板楼,175,2室1厅,103102668263,2018-07-29,南,高楼层/共15层,平层/精装,86.19平米
70年,5,江干九堡,51814元/平米,丽江公寓,2009年建/板楼,1000,4室2厅,103104079425,2019-03-09,南,高楼层/共19层,平层/精装,193平米
70年,3,余杭未来科技城,23643元/平米,湖山帝景湾,2015年建/板楼,310,3室2厅,103104231040,2019-03-25,东,低楼层/共22层,平层/精装,131.12平米
70年,9,钱塘新区沿江南,27317元/平米,金隅观澜时代天筑,2013年建/塔楼,235,2室2厅,103102571900,2018-07-03,东南,中楼层/共33层,毛坯,86.03平米
70年,1,余杭临平,23575元/平米,赞成檀府,2016年建/板塔结合,215,3室2厅,103103052165,2018-10-05,南,低楼层/共27层,简装,91.2平米
70年,16,萧山萧山新城区,37696元/平米,华瑞晴庐,2015年建/板楼,320,3室2厅,103104116002,2019-03-13,南,高楼层/共33层,平层/毛坯,84.89平米
40年,2,余杭临平,20092元/平米,万宝城,2016年建/板楼,88,2室0厅,103104133165,2019-03-15,南,中楼层/共23层,复式/精装,43.8平米
70年,38,西湖文一西路,51664元/平米,高教新村,2000年建/板楼,385,2室2厅,103101904631,2017-11-12,南,高楼层/共7层,平层/简装,74.52平米
70年,1,余杭瓶窑,22982元/平米,美好桂花溪园,2014年建/板楼,283,3室2厅,103102808947,2018-08-30,南,低楼层/共13层,平层/精装,123.14平米
70年,1,萧山南部卧城,32855元/平米,恒大帝景,未知年建/板楼,295,3室1厅,103104736551,2019-05-15,南,中楼层/共30层,平层/精装,89.79平米
40年,9,江干火车东站,28986元/平米,恒祺克拉天玺,2018年建/板塔结合,100,1室2厅,103102767575,2018-08-22,南 北,高楼层/共15层,精装,34.5平米
70年,1,余杭闲林,23295元/平米,绿城桃源小镇,2014年建/板楼,318,4室2厅,103104626522,2019-05-04,南,中楼层/共33层,平层/精装,136.51平米
70年,1,江干丁桥,27279元/平米,久睦苑,2013年建/板楼,170,2室2厅,103105026117,2019-06-14,南 北,高楼层/共16层,平层/毛坯,62.32平米
70年,1,余杭良渚,30121元/平米,良渚文化村白鹭郡北,2006年建/板楼,400,2室2厅,103104142863,2019-03-16,南,高楼层/共5层,跃层/精装,132.8平米
70年,13,余杭闲林,24709元/平米,竹海水韵,2015年建/板楼,295,3室2厅,103102639814,2018-07-21,南,高楼层/共18层,平层/精装,119.39平米
70年,0,临安临安,22472元/平米,越秀星汇城,2016年建/板楼,200,3室2厅,103105081205,2019-06-19,南,低楼层/共33层,毛坯,89平米
50年,62,下城石桥,17520元/平米,泰地北上新城,2013年建/板楼,140,3室1厅,103103170614,2018-10-19,南,低楼层/共13层,平层/精装,79.91平米
70年,4,江干四季青,47020元/平米,观音塘小区,1993年建/板楼,265,2室1厅,103102658916,2018-07-27,东,中楼层/共7层,平层/简装,56.36平米
70年,2,江干丁桥,24823元/平米,新城龙湖湾上风华,2018年建/板楼,220,3室2厅,103104352307,2019-04-07,东南,中楼层/共17层,平层/毛坯,88.63平米
70年,95,江干九堡,40323元/平米,远洋心里,2014年建/塔楼,340,3室2厅,103102209080,2018-03-14,南,高楼层/共11层,平层/精装,84.32平米
70年,23,拱墅申花,36772元/平米,天阳美林湾,2008年建/板楼,410,3室2厅,103104177687,2019-03-20,南,低楼层/共18层,平层/精装,111.5平米
70年,1,西湖文三西路,46119元/平米,中兴公寓,1998年建/板楼,300,2室2厅,103104314665,2019-04-03,南,中楼层/共7层,平层/精装,65.05平米
70年,20,拱墅桥西,40630元/平米,天阳上河,2010年建/板楼,310,2室1厅,103103397972,2018-11-16,南,低楼层/共17层,平层/简装,76.3平米
70年,4,钱塘新区高教园区西,24574元/平米,香榭里花园,2003年建/塔楼,385,3室2厅,103104694583,2019-05-11,南,高楼层/共18层,平层/简装,156.67平米
70年,2,江干三里亭,35906元/平米,三里亭苑二区,1995年建/板塔结合,215,2室1厅,103104557990,2019-04-27,南,高楼层/共7层,平层/简装,59.88平米
40年,8,萧山萧山新城区,20302元/平米,中栋国际,2015年建/板楼,105,1室1厅,103102533434,2018-06-22,北,中楼层/共16层,简装,51.72平米
50年,1,下城三塘,28950 元/平米,阳光银泰城,2014年建/板楼,210,2室1厅,103102999842,2018-09-26,西,中楼层/共16层,精装,72.54平米
70年,8,西湖文一西路,50174元/平米,华苑公寓,2000年建/板楼,535,3室2厅,103103710171,2019-01-06,南,低楼层/共6层,错层/精装,106.63平米
70年,2,钱塘新区沿江北,26440元/平米,伊萨卡国际城浩泽园,2008年建/板楼,350,3室2厅,103103296565,2018-11-05,南 北,高楼层/共34层,平层/简装,132.38平米
70年,1,余杭临平,25582元/平米,万泰城章,2016年建/板楼,330,4室2厅,103102806027,2018-08-30,南,低楼层/共9层,毛坯,129平米
40年,0,萧山闻堰,15656元/平米,隐龙湾,2010年建/板塔结合,87,1室1厅,103104911520,2019-06-02,北,中楼层/共27层,平层/精装,55.57平米
70年,0,江干九堡,34832元/平米,康恒悦麒美寓,2016年建/板楼,310,2室2厅,103104916304,2019-06-03,东南,中楼层/共24层,平层/简装,89平米
70年,9,江干丁桥,31678元/平米,冠宇隽园,2010年建/板楼,280,3室2厅,103104346074,2019-04-06,南,高楼层/共11层,平层/毛坯,88.39平米
70年,17,余杭良渚,29304元/平米,和昌府,未知年建/板楼,255,3室2厅,103104620183,2019-05-04,南,低楼层/共18层,平层/毛坯,87.02平米
70年,13,余杭闲林,23080元/平米,竹海水韵,2015年建/板楼,365,3室1厅,103103176627,2018-10-20,南,中楼层/共5层,平层/精装,158.15平米
70年,6,上城南星,65129元/平米,赞成林风沁林苑,2007年建/板楼,830,3室2厅,103104358570,2019-04-07,南,中楼层/共17层,平层/精装,127.44平米
40年,13,江干城东新城,22827元/平米,中豪国际,2018年建/板楼,105,1室1厅,103103387856,2018-11-15,东,中楼层/共15层,平层/毛坯,46平米
70年,0,临安临安,19553元/平米,春天华府(临天路),未知年建/板塔结合,310,3室2厅,103104197272,2019-03-22,南,高楼层/共33层,平层/毛坯,158.55㎡
70年,4,拱墅湖墅,50000元/平米,半道红小区,1994年建/板楼,320,2室1厅,103104970100,2019-06-08,南,中楼层/共6层,平层/精装,64平米
70年,2,上城南星,44840元/平米,凤凰南苑,2004年建/板楼,295,2室1厅,103104068933,2019-03-08,南,高楼层/共28层,平层/精装,65.79平米
40年,1,钱塘新区高教园区东,21552元/平米,宝龙城市广场,2014年建/板楼,95,3室1厅,103104042235,2019-03-05,北,高楼层/共22层,精装,44.08平米
70年,1,萧山萧山市区,27653元/平米,通达小区,2004年建/板楼,300,4室2厅,103104354769,2019-04-07,南,中楼层/共6层,平层/简装,108.49平米
70年,1,萧山南部卧城,14963元/平米,柳桥南和城,未知年建/暂无数据,561,1室1厅,103102796374,2018-08-28,南,中楼层/共27层,毛坯,374.93平米
70年,10,钱塘新区高教园区东,37184元/平米,保利江语海,2010年建/塔楼,320,2室1厅,103103735119,2019-01-10,南,中楼层/共33层,平层/毛坯,86.06平米
50年,8,下城武林,45556元/平米,锦绣天地,2005年建/塔楼,328,1室1厅,103103851521,2019-02-11,南,中楼层/共10层,平层/精装,72平米
40年,91,上城近江,44921元/平米,日信国际DOUBLE时代,2015年建/板塔结合,176,1室1厅,103102646708,2018-07-23,东北,中楼层/共21层,复式/精装,39.18平米
40年,0,钱塘新区沿江南,19492元/平米,保利湾天地,2010年建/板楼,115,2室2厅,103105067012,2019-06-18,南,低楼层/共17层,精装,59平米
40年,6,江干城东新城,30289元/平米,东亚新干线,2017年建/板楼,128,2室1厅,103104747519,2019-05-16,南 北,中楼层/共11层,精装,42.26平米
50年,27,余杭未来科技城,26942元/平米,豪波西溪润景,未知年建/板楼,195,2室2厅,103102371474,2018-05-02,南,中楼层/共10层,跃层/精装,72.38平米
70年,3,西湖三墩,35295元/平米,兰韵天城,2000年建/板楼,360,2室2厅,103103816604,2019-01-23,南 北,高楼层/共10层,平层/简装,102平米
70年,29,钱塘新区沿江南,37079元/平米,保利玫瑰湾,2013年建/板楼,330,3室2厅,103103098800,2018-10-13,南,高楼层/共34层,平层/精装,89平米
70年,11,余杭良渚,31307元/平米,玉都枫景,2012年建/板楼,275,3室2厅,103104697812,2019-05-11,南 北,中楼层/共11层,平层/精装,87.84平米
70年,1,江干闸弄口,43590元/平米,天运花园,2006年建/板楼,680,3室2厅,103104925894,2019-06-03,南,中楼层/共20层,平层/精装,156平米
70年,3,萧山南部卧城,29025元/平米,泰和花园,2006年建/板楼,480,4室1厅,103104177116,2019-03-19,南,低楼层/共16层,平层/精装,165.38平米
70年,5,拱墅拱宸桥,34611元/平米,蚕花园永庆坊,2000年建/板楼,328,3室1厅,103105046877,2019-06-16,南,高楼层/共11层,平层/其他,94.77平米
70年,2,江干景芳,43096元/平米,景芳四区,1995年建/板楼,240,2室1厅,103104343850,2019-04-06,南,高楼层/共7层,简装,55.69平米
70年,3,临安临安,17591元/平米,青山鹤岭,2013年建/板楼,125,2室2厅,103104504722,2019-04-22,南,低楼层/共11层,精装,71.06平米
50年,10,下城朝晖,21448元/平米,领骏世界,2012年建/塔楼,96,1室1厅,103104690840,2019-05-11,东,高楼层/共20层,平层/精装,44.76平米
70年,2,下城石桥,31486元/平米,北景园荷风苑,2006年建/板楼,380,3室2厅,103102426206,2018-05-19,南,高楼层/共11层,平层/简装,120.69平米
70年,23,上城复兴,44248元/平米,复兴南苑,1998年建/板楼,245,2室1厅,103102794939,2018-08-28,南 北,中楼层/共7层,平层/简装,55.37平米
70年,33,江干钱江新城,75339元/平米,滨江城市之星,2012年建/塔楼,1390,3室2厅,103102151246,2018-02-26,南,中楼层/共43层,平层/精装,184.5平米
70年,44,西湖西溪,58427元/平米,融创河滨之城雨澜轩,2016年建/板楼,520,3室2厅,103104089611,2019-03-10,南,低楼层/共18层,平层/精装,89平米
70年,82,下城朝晖,40801元/平米,,1986年建/板楼,208,2室1厅,103102442840,2018-05-24,南 北,高楼层/共6层,平层/简装,50.98平米
70年,11,江干九堡,38686元/平米,阳光城普升,2016年建/板楼,345,3室2厅,103104507927,2019-04-22,南,中楼层/共16层,平层/精装,89.18平米
40年,14,余杭临平,20741元/平米,万宝城,2016年建/板楼,56,2室1厅,103104387990,2019-04-11,南,低楼层/共21层,精装,27平米
70年,9,上城南星,53864元/平米,赞成林风沁林苑,2007年建/板楼,780,3室2厅,103104844463,2019-05-26,南,低楼层/共21层,平层/精装,144.81平米
70年,16,西湖文三西路,39521元/平米,中兴公寓,1998年建/板楼,290万元,3室1厅,103104371474,2019-04-09,南,低楼层/共7层,平层/简装,73.38平米
40年,0,余杭临平,22314元/平米,万宝城,2016年建/板楼,60,1室1厅,103103845851,2019-02-11,南,高楼层/共21层,简装,26.89平米
70年,15,江干丁桥,24137元/平米,后珠辰秀嘉园南区,2010年建/板楼,220,3室2厅,103104148127,2019-03-17,南,低楼层/共17层,平层/精装,91.15平米
70年,2,萧山萧山开发区,23914元/平米,众安景海湾,2012年建/板楼,330,4室2厅,103103530889,2018-12-07,南,中楼层/共32层,其他,138平米
40年,36,钱塘新区沿江南,14352元/平米,保利湾天地,2010年建/板楼,188,4室2厅,103102564065,2018-07-01,南,中楼层/共28层,跃层/精装,131平米
70年,21,滨江西兴,34513元/平米,燕语林森公寓,2007年建/板楼,446,3室1厅,103104762209,2019-05-18,南 北,中楼层/共5层,平层/精装,129.23平米
70年,0,临安临安,19541元/平米,恒晟左邻右里,未知年建/暂无数据,170,2室2厅,103104675028,2019-05-09,南,中楼层/共7层,精装,87平米
70年,11,余杭星桥,24236元/平米,瑞金华庭嘉苑,2012年建/板楼,225,3室2厅,103104227454,2019-03-25,南 北,中楼层/共9层,复式/毛坯,92.84平米
70年,5,江干丁桥,34021元/平米,中豪四季公馆,2011年建/塔楼,535,4室1厅,103103171737,2018-10-20,南 北,中楼层/共15层,平层/精装,157.26平米
70年,36,萧山钱江世纪城,56417元/平米,佳境天城境合苑,2007年建/板楼,295,2室2厅,103103463321,2018-11-26,南,中楼层/共11层,简装,52.29平米
70年,20,滨江西兴,37496元/平米,温兴风情苑,2007年建/板楼,560,3室2厅,103104037834,2019-03-05,南 北,低楼层/共18层,平层/精装,149.35平米
70年,9,江干景芳,40663元/平米,景芳六区,1998年建/板楼,280,2室1厅,103103685649,2019-01-03,南,高楼层/共6层,平层/简装,68.86平米
70年,2,西湖文教,62020元/平米,瑞祺大厦,未知/板楼,242,1室0厅,103104861946,2019-05-28,南,中楼层/共24层,简装,39.02平米
40年,43,拱墅申花,32323元/平米,中天西城纪,2014年建/板楼,130,2室1厅,103103362823,2018-11-11,西,中楼层/共14层,精装,40.22平米
70年,0,余杭临平,21007元/平米,华宇家园,2005年建/板楼,200,2室1厅,103104853987,2019-05-27,南 北,高楼层/共6层,平层/简装,95.21平米
70年,4,西湖翠苑,50136元/平米,翠苑一区,1988年建/板楼,240,2室1厅,103105047136,2019-06-16,南,低楼层/共7层,精装,47.87平米
70年,39,萧山钱江世纪城,52076元/平米,滨江金色江南,2016年建/板塔结合,660,4室1厅,103103595863,2018-12-18,南,低楼层/共27层,平层/精装,126.74平米
70年,2,江干九堡,35754元/平米,保利梧桐语,2015年建/板楼,458,4室2厅,103104758489,2019-05-17,南 北,低楼层/共17层,平层/精装,128.1平米
70年,35,下城武林,60145元/平米,孩儿巷,2000年建/板楼,332,2室1厅,103102877098,2018-09-08,南,中楼层/共7层,平层/精装,55.2平米
70年,0,余杭勾庄,28646元/平米,赞成美树,2013年建/板塔结合,255,3室1厅,103105003185,2019-06-11,南,中楼层/共16层,简装,89.02平米
70年,17,,26090元/平米,超级星期天,2008年建/板楼,330,3室2厅,103102528503,2018-06-21,南 北,中楼层/共14层,平层/简装,126.49平米
40年,20,余杭临平,25723元/平米,万宝城,2016年建/板楼,65,1室1厅,103102877532,2018-09-08,南,中楼层/共23层,跃层/精装,9平米
70年,1,钱塘新区沿江南,20464元/平米,世茂江滨花园瑞景湾,2010年建/塔楼,530,4室2厅,103105021650,2019-06-13,南 北,中楼层/共33层,平层/毛坯,259平米
70年,42,下城武林,52279元/平米,环北新村,2000年建/板楼,265,2室1厅,103103142527,2018-10-17,南 北,低楼层/共5层,平层/简装,50.69平米
70年,9,钱塘新区大学城北,26023元/平米,杭州碧桂园,2014年建/塔楼,229,3室2厅,103104715296,2019-05-13,南,高楼层/共31层,平层/简装,88平米
70年,2,余杭闲林,22917元/平米,绿城桃源小镇,未知年建/暂无数据,300,4室2厅,103104388953,2019-04-11,南,高楼层/共6层,平层/简装,130.91平米
70年,1,余杭闲林,27059元/平米,新西湖小镇,2012年建/板楼,230,3室1厅,103104859252,2019-05-28,南,低楼层/共11层,平层/精装,85平米
70年,1,余杭小和山,25603元/平米,华盛星洲翠谷,2010年建/板楼,205,2室1厅,103104774537,2019-05-19,南,高楼层/共6层,平层/精装,80.07平米
50年,1,上城南星,33178元/平米,凤凰城广场,2008年建/板楼,128,1室1厅,103105105049,2019-06-21,南,中楼层/共30层,精装,38.58平米
70年,27,滨江浦沿,38952元/平米,贺田尚城,2003年建/板楼,520,3室2厅,103102524688,2018-06-20,南 北,高楼层/共11层,平层/简装,133.5平米
70年,8,西湖文三西路,48138元/平米,金都花园,1997年建/板楼,190,1室1厅,103103654597,2018-12-28,南,高楼层/共7层,平层/简装,39.47平米
70年,1,萧山萧山新城区,56130元/平米,中国铁建青秀城,2015年建/塔楼,500,3室2厅,103104673736,2019-05-09,南 北,低楼层/共18层,简装,89.08平米
70年,0,江干三里亭,38695元/平米,三里亭苑三区,未知年建/板楼,230,2室1厅,103104958235,2019-06-07,南,低楼层/共7层,平层/简装,59.44平米
70年,0,西湖翠苑,48149元/平米,翠苑二区,1989年建/板楼,260,2室1厅,103104752212,2019-05-17,南,高楼层/共6层,平层/精装,54平米
70年,8,江干九堡,33629元/平米,香滨湾花园,2008年建/板楼,380,3室2厅,103104599008,2019-05-01,南 北,中楼层/共13层,平层/精装,113平米
70年,1,滨江浦沿,40204元/平米,钱江湾花园,2003年建/板楼,570,3室2厅,103103216848,2018-10-26,南 北,低楼层/共16层,平层/简装,141.78平米
70年,14,钱塘新区金沙湖,28090元/平米,德嘉金沙阳光,2011年建/板楼,250,3室1厅,103103991162,2019-02-28,南,中楼层/共28层,平层/简装,89平米
70年,16,余杭未来科技城,47620元/平米,万科溪望,2018年建/板楼,600,4室2厅,103104853540,2019-05-27,南,高楼层/共7层,平层/精装,126平米
40年,1,余杭塘栖,21222元/平米,美致生活广场,2016年建/板塔结合,115,4室1厅,103104476138,2019-04-19,东,中楼层/共19层,跃层/精装,54.19平米
50年,1,余杭乔司,18390元/平米,乔司商贸苑,2016年建/板楼,90,1室1厅,103104188802,2019-03-21,西,高楼层/共7层,跃层/毛坯,48.94平米
70年,38,西湖良渚,26865元/平米,都市阳光嘉苑,2010年建/板楼,170,2室1厅,103103077969,2018-10-09,南,低楼层/共18层,平层/简装,63.28平米
70年,10,萧山南部卧城,38810元/平米,开元名郡,2016年建/板楼,343,4室2厅,103102722181,2018-08-11,南 北,低楼层/共20层,精装,88.38平米
70年,3,余杭星桥,20903元/平米,广厦天都城天水苑,2009年建/板楼,270,3室2厅,103104555574,2019-04-27,西南 北,高楼层/共13层,平层/简装,129.17平米
70年,37,西湖转塘,31422元/平米,赞成岭上花苑,2009年建/板楼,280,3室1厅,103103944757,2019-02-23,南,低楼层/共17层,平层/精装,89.11平米
70年,3,临安临安,15139元/平米,大园新城南区,2018年建/板楼,155,3室2厅,103103519082,2018-12-05,南,高楼层/共26层,平层/毛坯,102.39平米
70年,1,余杭闲林,30435元/平米,盛世嘉园,2006年建/板楼,210,1室1厅,103104832214,2019-05-25,南,高楼层/共18层,复式/精装,69平米
70年,35,萧山南部卧城,36082元/平米,恒大帝景,2016年建/板楼,305,3室1厅,103102680810,2018-08-01,南,中楼层/共30层,精装,84.53平米
70年,10,滨江彩虹城,38406元/平米,之江公寓,2003年建/板楼,530,3室2厅,103104451240,2019-04-16,南,低楼层/共6层,精装,138平米
70年,17,江干钱江新城,59583元/平米,盛世钱塘,2007年建/板楼,900,3室2厅,103104329541,2019-04-04,南 北,低楼层/共32层,平层/精装,151.05平米
40年,1,下城三塘,41075元/平米,杭州新天地,2015年建/板楼,208,2室2厅,103104941060,2019-06-05,南,中楼层/共22层,跃层/精装,50.64平米
70年,20,滨江彩虹城,49215元/平米,太阳国际公寓,2007年建/板楼,420,2室1厅,103102754871,2018-08-19,南 北,中楼层/共31层,平层/简装,85.34平米
70年,17,余杭临平,17990元/平米,东方俊园,2004年建/板楼,310,4室2厅,103103359761,2018-11-11,南 北,高楼层/共6层,毛坯,172.32平米
50年,5,江干景芳,34413元/平米,向江来时代中心,2017年建/板楼,305,2室1厅,103104361531,2019-04-08,南,低楼层/共17层,跃层/精装,88.63平米
40年,0,余杭未来科技城,28212元/平米,创客空间大厦,2018年建/板楼,170,2室2厅,103104645733,2019-05-06,南,中楼层/共21层,精装,60.26平米
70年,8,萧山萧山市区,26909元/平米,红枫小区,2000年建/板楼,388,3室2厅,103102536979,2018-06-23,南,低楼层/共6层,平层/简装,144.19平米
70年,18,上城近江,47710元/平米,婺江家园一园,未知年建/板楼,425,2室1厅,103103167549,2018-10-19,南,低楼层/共27层,平层/简装,89.08平米
70年,9,临安临安,16101元/平米,中赢时代风景,2013年建/板楼,128,2室2厅,103104166968,2019-03-18,南,高楼层/共29层,平层/毛坯,79.5平米
50年,0,萧山钱江世纪城,30000 元/平米,港汇中心,2016年建/板楼,327,3室2厅,103104432822,2019-04-15,南,中楼层/共33层,平层/精装,109平米
70年,1,拱墅三墩,29091元/平米,都市水乡水起苑,2007年建/板楼,290,2室1厅,103104612973,2019-05-03,南,中楼层/共17层,平层/简装,99.69平米
70年,1,江干丁桥,25259元/平米,后珠辰秀嘉园,2010年建/板楼,230,2室2厅,103104849198,2019-05-27,南,中楼层/共18层,平层/简装,91.06平米
70年,71,西湖三墩,33801元/平米,润达花园,1997年建/板楼,280,2室2厅,103102438829,2018-05-23,南 北,高楼层/共6层,平层/简装,82.84㎡
70年,7,下城朝晖,47855元/平米,朝晖六区,1986年建/板楼,290,3室1厅,103105013146,2019-06-12,南,低楼层/共6层,平层/简装,60.6平米
70年,5,西湖良渚,37832元/平米,都市阳光嘉苑,2010年建/板楼,240,2室2厅,103102772526,2018-08-23,南,低楼层/共18层,平层/精装,63.44平米
70年,1,临安临安,18244元/平米,越秀星汇城,未知年建/板楼,215,3室2厅,103104674067,2019-05-09,南,低楼层/共33层,错层/毛坯,117.85平米
70年,5,西湖申花,54176元/平米,广宇西城美墅,2008年建/塔楼,460,2室2厅,103102810177,2018-08-31,南,中楼层/共24层,平层/精装,84.91平米
70年,8,江干笕桥,40696元/平米,万科草庄,2012年建/板楼,1500,6室2厅,103103259624,2018-11-01,南,高楼层/共12层,精装,368.59平米
70年,3,临安临安,14190元/平米,颐和山庄,未知年建/板楼,168,3室2厅,103104070731,2019-03-09,南,中楼层/共11层,平层/毛坯,118.4平米
70年,29,西湖转塘,29271元/平米,中海定山府,2010年建/板楼,470,4室2厅,103102329450,2018-04-19,南,高楼层/共17层,平层/简装,160.57平米
70年,11,滨江滨江区政府,40276元/平米,江南豪园,2005年建/塔楼,450,2室2厅,103105062555,2019-06-17,南,低楼层/共18层,平层/简装,111.73平米
40年,0,钱塘新区金沙湖,22169元/平米,绿城财通中心,2014年建/板楼,110,1室0厅,103104638275,2019-05-05,南,低楼层/共24层,平层/精装,49.62平米
70年,2,江干九堡,29742元/平米,罗兰春天,2012年建/板楼,310,4室2厅,103104743279,2019-05-16,南 北,低楼层/共16层,复式/精装,104.23平米
70年,1,余杭临平,23918元/平米,绿城风华苑,2008年建/板楼,210,3室1厅,103103011433,2018-09-28,南,中楼层/共16层,平层/简装,87.8平米
70年,35,西湖翠苑,43613元/平米,翠苑四区,1993年建/板楼,240,2室1厅,103103003832,2018-09-27,南,中楼层/共7层,平层/简装,55.03平米
70年,1,下城建国北路,37770元/平米,永康苑,2000年建/板楼,342,2室2厅,103104296501,2019-04-01,南,高楼层/共7层,平层/简装,90.55平米
70年,15,拱墅申花,52395元/平米,万家花城二期,2009年建/板楼,395,2室1厅,103104265806,2019-03-29,南,高楼层/共18层,平层/精装,75.39平米
70年,5,滨江长河,53901元/平米,同人春江时代花园,2008年建/板楼,760,3室2厅,103103862365,2019-02-13,南 北,低楼层/共11层,平层/精装,141平米
70年,1,萧山闻堰,27398元/平米,通和戈雅公寓,2007年建/板楼,400,3室1厅,103103915284,2019-02-20,南 北,中楼层/共32层,简装,146平米
50年,11,余杭临平,18422元/平米,CBC时代大观,2014年建/板楼,70,1室2厅,103103797082,2019-01-19,南 北,高楼层/共23层,平层/精装,38平米
70年,0,临安临安,17648元/平米,青山鹤岭,未知年建/板楼,180,3室2厅,103103485366,2018-11-30,南,高楼层/共5层,精装,102平米
70年,3,江干景芳,42097元/平米,景芳一区,1993年建/板楼,200,2室0厅,103104618428,2019-05-04,南 北,低楼层/共7层,平层/简装,47.51平米
70年,17,西湖三墩,30575元/平米,都市水乡水秀苑,2006年建/板楼,290,2室1厅,103104278381,2019-03-30,南 北,中楼层/共18层,平层/精装,94.85平米
70年,29,临安临安,12500元/平米,颐和山庄,未知年建/板楼,150,3室2厅,103103485279,2018-11-30,南,中楼层/共11层,平层/毛坯,120平米
70年,2,江干九堡,33331元/平米,德信金泊林公寓,2010年建/板楼,390,3室2厅,103104177965,2019-03-20,东 南 北,高楼层/共17层,平层/毛坯,117.01平米
40年,1,钱塘新区高教园区西,14375元/平米,福雷德广场艾肯金座,2010年建/板楼,60,1室0厅,103104484783,2019-04-20,北,中楼层/共30层,平层/简装,41.74平米
70年,0,下城石桥,32235元/平米,北景园水镜苑,2006年建/板楼,310,2室1厅,103104100863,2019-03-12,南,中楼层/共11层,平层/简装,96.17平米
70年,0,下城石桥,35756元/平米,嘉里桦枫居,2013年建/塔楼,310,2室2厅,103102810420,2018-08-31,南,高楼层/共16层,平层/简装,86.7平米
70年,2,江干火车东站,46068元/平米,天阳文晖,2018年建/板楼,410,3室2厅,103104512531,2019-04-22,南,中楼层/共16层,平层/精装,89平米
70年,1,余杭临平,25370元/平米,赞成首府,2017年建/板楼,225,3室2厅,103104993752,2019-06-10,南 北,低楼层/共18层,平层/毛坯,88.69平米
70年,6,余杭闲林,28765元/平米,德信早安,2016年建/塔楼,256,3室2厅,103104531741,2019-04-24,南 北,高楼层/共25层,平层/简装,89平米
40年,5,余杭翡翠城,18519元/平米,华元西溪欢乐城,2017年建/板楼,100,2室1厅,103102740902,2018-08-15,东,中楼层/共14层,平层/简装,54平米
70年,2,西湖学军,77660元/平米,文二路21号,1982年建/板楼,600,3室1厅,103104070109,2019-03-08,南,中楼层/共5层,平层/精装,77.26平米
70年,1,余杭闲林,27873元/平米,复地上城,2014年建/板楼,320,3室2厅,103104919444,2019-06-03,南,中楼层/共17层,平层/精装,114.81平米
50年,5,拱墅桥西,22369元/平米,富越香郡盈座,2015年建/板楼,85,1室1厅,103103657968,2018-12-28,南,高楼层/共25层,平层/精装,38平米
70年,19,西湖之江,46068元/平米,中天九溪诚品,2016年建/板楼,410,3室2厅,103104364530,2019-04-08,南,高楼层/共11层,平层/精装,89平米
70年,0,下城三里亭,37314元/平米,三里家园一区,2006年建/板楼,250,2室1厅,103104613396,2019-05-03,南,低楼层/共6层,平层/简装,67平米
70年,0,临安临安,13412元/平米,恒晟左邻右里,未知年建/暂无数据,158,3室2厅,103104591541,2019-04-30,南,高楼层/共7层,简装,117.81平米
70年,2,江干华家池,58989元/平米,世茂天宸,2017年建/板楼,525,2室2厅,103102675561,2018-07-31,南 北,高楼层/共30层,简装,89平米
50年,2,余杭临平,21112元/平米,碧云阁,2002年建/板楼,95,1室1厅,103102672338,2018-07-31,南,中楼层/共11层,精装,45平米
70年,1,钱塘新区金沙湖,44379元/平米,龙湖滟澜山丽轩一期,2010年建/板楼,750,4室2厅,103104259115,2019-03-28,南 北,中楼层/共7层,平层/毛坯,169平米
70年,6,下城长庆,48149元/平米,东清巷,1999年建/板楼,260,2室1厅,103104675854,2019-05-09,南 北,中楼层/共7层,平层/简装,54平米
70年,25,下城流水苑,44667元/平米,绿洲花园,2006年建/板塔结合,670,3室2厅,103102552408,2018-06-28,南,高楼层/共28层,平层/简装,150平米
70年,2,萧山萧山新城区,45611元/平米,滨江江南之星,2018年建/板楼,400,3室2厅,103104640901,2019-05-06,南,高楼层/共34层,平层/简装,87.7平米
70年,5,萧山闻堰,26376元/平米,通和戈雅公寓,2007年建/板楼,360,3室2厅,103103567649,2018-12-13,南,中楼层/共6层,平层/毛坯,136.49平米
70年,8,钱塘新区沿江北,25794元/平米,伊萨卡国际城浩泽园,2008年建/板楼,325,3室2厅,103104784443,2019-05-20,南,高楼层/共34层,平层/精装,126平米
70年,5,拱墅湖墅,45409元/平米,稻香园北区,1997年建/板楼,450,3室2厅,103102339556,2018-04-22,南,中楼层/共7层,简装,99.1平米
70年,20,江干九堡,32614元/平米,阳光城普升,2016年建/板楼,320,3室2厅,103104402483,2019-04-12,南,低楼层/共16层,平层/精装,98.12平米
70年,23,西湖文教,63882元/平米,白荡海人家,2000年建/板楼,1280,5室2厅,103101190967,2017-04-09,南 西 北,中楼层/共5层,精装,200.37平米
70年,2,余杭闲林,20421元/平米,德信早安,2016年建/塔楼,280,5室2厅,103104371190,2019-04-09,南,低楼层/共18层,平层/简装,137.12平米
40年,12,余杭临平,17991元/平米,华元欢乐城,2016年建/板楼,77,2室1厅,103104312055,2019-04-03,北,高楼层/共38层,跃层/精装,42.8平米
70年,8,上城复兴,43291元/平米,复兴南苑,1998年建/板楼,210,2室1厅,103104879964,2019-05-30,南 北,中楼层/共6层,平层/简装,48.51平米
70年,14,江干景芳,38971元/平米,景苑公寓(江干),1998年建/塔楼,280,2室1厅,103103488730,2018-11-30,南,低楼层/共19层,平层/简装,71.85平米
70年,8,余杭三墩,34255元/平米,铭雅苑东区,2004年建/板楼,150,1室1厅,103104326280,2019-04-04,南,高楼层/共4层,平层/简装,43.79平米
70年,16,江干丁桥,31340元/平米,联合格里,2010年建/板楼,275,3室2厅,103102448715,2018-05-26,南,中楼层/共16层,平层/毛坯,87.75平米
70年,2,余杭未来科技城,23016元/平米,景瑞御蓝湾,2015年建/板塔结合,290,3室1厅,103104643977,2019-05-06,南,中楼层/共24层,平层/精装,126平米
70年,27,余杭未来科技城,43826元/平米,富力西溪悦居,2016年建/板塔结合,390,3室2厅,103104666380,2019-05-08,南 北,高楼层/共10层,平层/精装,88.99平米
70年,6,江干丁桥,27311元/平米,保利罗兰香谷,2015年建/板楼,375,4室2厅,103103862660,2019-02-13,东南,高楼层/共17层,平层/精装,137.31平米
70年,2,萧山萧山开发区,34074元/平米,融创东南海,2017年建/板楼,330,4室1厅,103104548128,2019-04-26,南 北,低楼层/共27层,平层/精装,96.85平米
70年,11,拱墅申花,51742元/平米,融信蓝孔雀,2016年建/板楼,560,3室2厅,103104037350,2019-03-05,南,高楼层/共27层,平层/简装,108.23平米
70年,4,拱墅申花,52833元/平米,黄龙金茂悦,2017年建/塔楼,470,3室1厅,103104942571,2019-06-05,南,高楼层/共27层,平层/精装,88.96平米
70年,0,江干九堡,40210元/平米,丽江公寓,2008年建/板楼,360,2室2厅,103104473580,2019-04-18,南,高楼层/共18层,平层/精装,89.53平米
40年,3,余杭塘栖,23585元/平米,美致生活广场,2016年建/板塔结合,125,4室2厅,103104174481,2019-03-19,南,中楼层/共19层,跃层/精装,53平米
70年,3,江干景芳,60257元/平米,中企艮山府,2015年建/板楼,470,2室1厅,103103559290,2018-12-11,南,高楼层/共23层,平层/简装,78平米
70年,8,余杭瓶窑,14687元/平米,北湖绿洲花园,2013年建/板楼,200,4室2厅,103103768767,2019-01-14,南 北,高楼层/共6层,跃层/毛坯,136.18平米
70年,3,余杭勾庄,27255元/平米,嘉凯城名城博园,2016年建/板楼,240,3室2厅,103104807125,2019-05-23,南,中楼层/共30层,平层/精装,88.06平米
70年,19,萧山萧山新城区,45831元/平米,龙湖春江天玺,2018年建/板楼,410,3室2厅,103104470819,2019-04-18,南,中楼层/共34层,平层/毛坯,89.46平米
70年,20,钱塘新区金沙湖,36000元/平米,德信早城,2012年建/板塔结合,450,4室2厅,103102637082,2018-07-21,南,中楼层/共18层,平层/简装,125平米
70年,4,下城长庆,46118元/平米,柳营花园西区,2000年建/板楼,215,1室1厅,103104088859,2019-03-10,东 北,中楼层/共7层,平层/简装,46.62平米
70年,0,临安临安,15438元/平米,世纪都市雅苑,未知年建/板楼,72,1室1厅,103104375711,2019-04-09,东,中楼层/共7层,平层/其他,46.64平米
70年,1,钱塘新区沿江南,26942元/平米,保利东湾,2010年建/板楼,229,2室2厅,103104129283,2019-03-15,南,高楼层/共34层,平层/简装,85平米
70年,24,下城流水苑,39654元/平米,流水苑,1999年建/板楼,550,3室2厅,103102538381,2018-06-24,东 南 北,高楼层/共7层,平层/精装,138.7平米
70年,0,江干三里亭,34254元/平米,三里家园三区,2008年建/板楼,314,2室1厅,103104100430,2019-03-12,南,高楼层/共6层,简装,91.67平米
70年,30,滨江滨江区政府,56180元/平米,寰宇天下,2014年建/板楼,500万元,3室1厅,103104048362,2019-03-06,南,低楼层/共34层,平层/简装,89平米
70年,2,江干采荷,56399元/平米,金牛坊,2003年建/塔楼,435,2室1厅,103104924060,2019-06-03,南,中楼层/共22层,平层/精装,77.13平米
70年,1,,38266元/平米,保利江语海,2010年建/塔楼,315,3室1厅,103105006847,2019-06-12,南,中楼层/共33层,平层/精装,82.32平米
70年,1,江干采荷,54110元/平米,采荷新村,1988年建/板楼,370,1室2厅,103103113775,2018-10-15,南,高楼层/共6层,简装,68.38平米
70年,43,余杭闲林,18746元/平米,爵士风情花园,2008年建/板楼,225,3室2厅,103102262895,2018-03-29,南 北,低楼层/共6层,平层/毛坯,120.03平米
40年,0,钱塘新区沿江南,17099元/平米,金隅空港公馆,2017年建/板楼,95,1室1厅,103103999292,2019-03-01,南,高楼层/共21层,平层/简装,55.56平米
70年,0,临安临安,15923元/平米,大园新城南区,未知年建/板楼,87,1室1厅,103104134813,2019-03-15,东,中楼层/共24层,毛坯,54.64平米
40年,21,余杭临平,19699元/平米,华元欢乐城,2016年建/板塔结合,68,2室1厅,103103974915,2019-02-26,东,低楼层/共22层,跃层/简装,34.52平米
70年,16,余杭星桥,15011元/平米,广厦天都城天风苑,2003年建/板楼,308,5室2厅,103103805138,2019-01-21,南,高楼层/共5层,复式/精装,205.19平米
70年,0,临安临安,16601元/平米,吴越人家南区,未知年建/板楼,238,3室2厅,103104534006,2019-04-25,南 北,中楼层/共6层,精装,143.37平米
70年,3,钱塘新区沿江北,28572元/平米,梦琴湾,2007年建/板楼,420,4室2厅,103103962326,2019-02-25,南,低楼层/共31层,精装,147平米
70年,2,钱塘新区大学城北,25762元/平米,宋都东郡之星,2019年建/板楼,230,3室2厅,103103936857,2019-02-22,南,高楼层/共31层,平层/毛坯,89.28平米
70年,4,余杭临平,24333元/平米,绿城蓝庭东区,2013年建/板楼,215,2室2厅,103104526349,2019-04-24,南,中楼层/共16层,平层/精装,88.36平米
70年,15,钱塘新区沿江北,32019元/平米,朗诗国际街区,2009年建/塔楼,285,2室2厅,103102487045,2018-06-07,东 西,低楼层/共31层,平层/精装,89.01平米
70年,2,钱塘新区沿江南,27716元/平米,保利东湾,2010年建/板楼,248,2室2厅,103104923519,2019-06-03,南,中楼层/共34层,平层/精装,89.48平米
70年,0,下城三里亭,38072元/平米,三里家园一区,2006年建/板楼,255,2室2厅,103105015437,2019-06-13,南 西 北,低楼层/共6层,平层/简装,66.98平米
40年,2,萧山萧山新城区,23202元/平米,中栋国际,2015年建/板楼,120,1室0厅,103102610600,2018-07-14,南,低楼层/共16层,平层/简装,51.72平米
70年,1,拱墅申花,47886元/平米,芳满庭,2008年建/板楼,600,3室2厅,103105044443,2019-06-15,南 东,低楼层/共22层,平层/简装,125.3平米
70年,37,余杭未来科技城,41280元/平米,新城峯璟,2017年建/板楼,355,3室1厅,103103994563,2019-02-28,南 北,中楼层/共7层,平层/精装,86㎡
70年,0,滨江彩虹城,41433元/平米,国信嘉园,2006年建/板楼,670,4室2厅,103103860404,2019-02-13,南,低楼层/共14层,精装,161.71平米
70年,2,下城和平,45796元/平米,现代雅苑,2003年建/塔楼,660,3室2厅,103104827150,2019-05-25,南,高楼层/共22层,平层/精装,144.12平米
70年,11,下城流水苑,37917元/平米,流水苑,1999年建/板楼,388,3室2厅,103104647493,2019-05-06,南,高楼层/共7层,平层/简装,102.33平米
40年,7,余杭未来科技城,17961元/平米,,未知年建/板楼,56,1室1厅,103104068322,2019-03-08,北,中楼层/共14层,平层/简装,31.18平米
70年,22,拱墅拱宸桥,39935 元/平米,左岸花园,2005年建/板楼,415,3室2厅,103102785905,2018-08-26,南,高楼层/共6层,平层/简装,103.92平米
70年,38,西湖黄龙,62055元/平米,曙光路小区,2000年建/暂无数据,305,2室1厅,103103075237,2018-10-09,南 北,高楼层/共5层,平层/简装,49.15平米
70年,9,下城流水苑,41846元/平米,艮山福居,2000年建/板楼,780,4室2厅,103102527678,2018-06-21,南,高楼层/共18层,简装,186.4平米
70年,33,西湖申花,65910元/平米,冠苑小区,2012年建/板楼,580,2室1厅,103102714419,2018-08-09,南 北,高楼层/共11层,平层/精装,88平米
70年,0,余杭闲林,39098元/平米,新湖菲林山,2016年建/板楼,350,4室2厅,103105065986,2019-06-17,东南 南,中楼层/共7层,平层/精装,89.52平米
70年,24,余杭闲林,21966元/平米,爵士风情花园,2008年建/板楼,255,3室2厅,103103036461,2018-10-01,南,高楼层/共6层,精装,116.09平米
70年,19,下城建国北路,44956元/平米,中江花园,2005年建/板楼,795,3室2厅,103102260141,2018-03-28,东南,高楼层/共18层,平层/精装,176.84平米
70年,12,临安临安,18957元/平米,青山鹤岭,2013年建/板楼,165,3室2厅,103103923541,2019-02-21,南,高楼层/共11层,平层/精装,87.04平米
70年,28,余杭闲林,21121元/平米,绿城桃源小镇,未知年建/板楼,245,3室2厅,103104034157,2019-03-04,南,低楼层/共34层,平层/毛坯,116平米
70年,2,江干采荷,54603元/平米,双菱新村,1985年建/板楼,280,2室1厅,103103274964,2018-11-02,南 北,低楼层/共6层,简装,51.28平米
70年,1,钱塘新区沿江南,27318元/平米,宋都晨光国际,2013年建/板塔结合,450,4室2厅,103104166741,2019-03-18,南,高楼层/共47层,平层/毛坯,164.73平米
70年,0,临安临安,20189元/平米,青山鹤岭,未知年建/板楼,210,3室2厅,103103804131,2019-01-21,南,中楼层/共11层,简装,104.02平米
70年,3,萧山萧山新城区,39562元/平米,德信君宸,2018年建/板楼,350,3室2厅,103104517665,2019-04-23,南,高楼层/共18层,毛坯,88.47平米
70年,10,江干丁桥,28665元/平米,长睦邻里人家西苑,2006年建/板楼,255,3室2厅,103101718098,2017-09-13,南 北,低楼层/共16层,平层/毛坯,88.96平米
70年,1,萧山钱江世纪城,28697元/平米,林之语,未知年建/塔楼,400,3室2厅,103104967811,2019-06-08,南,中楼层/共18层,平层/其他,139.39平米
70年,1,余杭临平,24218元/平米,东厦东港花苑,2011年建/板楼,215,3室2厅,103104923003,2019-06-03,南 北,高楼层/共5层,平层/简装,88.78平米
70年,9,余杭翡翠城,34643元/平米,翡翠城一期,2008年建/板楼,388,3室2厅,103104825278,2019-05-25,南,中楼层/共5层,平层/简装,112平米
70年,0,江干火车东站,45577元/平米,天阳文晖,2018年建/板楼,576,4室2厅,103104816511,2019-05-24,南 北,低楼层/共16层,平层/精装,126.38平米
70年,9,余杭闲林,24563元/平米,绿城桃源小镇,未知年建/暂无数据,320,4室2厅,103103944072,2019-02-23,南 北,中楼层/共6层,平层/毛坯,130.28平米
70年,0,临安临安,18267元/平米,越秀星汇城,未知年建/板楼,215,4室2厅,103104458481,2019-04-17,南,中楼层/共33层,平层/毛坯,117.7平米
70年,19,余杭临平,15910元/平米,天都花园,2000年建/板楼,175,3室2厅,103104604408,2019-05-02,南,高楼层/共7层,平层/简装,110平米
70年,103,萧山西兴,39326元/平米,阳光城上府,2017年建/板楼,350,3室2厅,103103308923,2018-11-06,南,低楼层/共34层,平层/精装,89平米
70年,31,西湖转塘,29964元/平米,朗郡庭园,2011年建/板楼,570,3室2厅,103102662925,2018-07-28,南,高楼层/共27层,平层/简装,190.23平米
40年,9,江干城东新城,39706元/平米,三花国际,2018年建/板楼,162,1室1厅,103104396931,2019-04-11,西,中楼层/共11层,精装,40.8平米
70年,3,临安临安,15350元/平米,锦绣钱塘,未知年建/板楼,680,5室2厅,103103804087,2019-01-21,南,独栋/共1层,毛坯,443平米
70年,11,余杭西溪,64423元/平米,西溪玫瑰,2013年建/板楼,1680,4室3厅,103102738515,2018-08-15,南 北,联排/共3层,毛坯,260.78平米
70年,2,西湖良渚,37079元/平米,中国铁建西湖国际城,未知年建/板楼,330,3室2厅,103104761810,2019-05-18,南,中楼层/共34层,平层/毛坯,89平米
70年,22,上城潮鸣,28164元/平米,长堤明苑,2000年建/板楼,460,3室1厅,103102940856,2018-09-19,南,高楼层/共28层,平层/简装,163.33平米
70年,56,余杭未来科技城,21379元/平米,碧景园,2006年建/板楼,280,3室2厅,103102523988,2018-06-20,南 北,低楼层/共5层,平层/精装,130.97平米
70年,2,西湖文教,59194元/平米,金都城市芯宇,2013年建/板楼,518,2室2厅,103104436703,2019-04-15,南,低楼层/共28层,跃层/精装,87.51平米
70年,23,萧山萧山新城区,33729元/平米,顺发堤香,2013年建/板楼,450,3室2厅,103102550126,2018-06-27,南 北,低楼层/共27层,简装,133.42平米
70年,4,余杭临平,19619元/平米,新丰小区,1998年建/板楼,188,3室2厅,103103691347,2019-01-03,南,高楼层/共7层,简装,95.83平米
70年,0,临安临安,15449元/平米,森林湖山庄南区,未知年建/板楼,578,6室2厅,103103449291,2018-11-24,南 北,独栋/共2层,毛坯,374.14平米
70年,19,上城清泰,44137元/平米,皮市巷,1995年建/板塔结合,405,3室2厅,103103944678,2019-02-23,南,中楼层/共7层,平层/简装,91.76平米
50年,44,滨江白马湖,21506元/平米,朗庭公馆,2010年建/板楼,220,3室1厅,103103773135,2019-01-15,南,高楼层/共12层,平层/精装,102.3平米
40年,1,钱塘新区工业园南,19414元/平米,中豪七格,2015年建/板楼,98,2室1厅,103104856318,2019-05-28,北,低楼层/共22层,平层/毛坯,50.48平米
70年,15,西湖黄龙,45054元/平米,庆丰新村,1989年建/板楼,240,2室1厅,103103096772,2018-10-12,南,高楼层/共6层,简装,53.27平米
70年,4,江干丁桥,38824元/平米,天阳观筑,2011年建/板楼,520,5室2厅,103104615379,2019-05-03,南,高楼层/共17层,跃层/简装,133.94平米
70年,4,拱墅半山,33103元/平米,宋都香悦郡,2016年建/板楼,297,3室2厅,103104395598,2019-04-11,南,低楼层/共28层,精装,89.72平米
70年,11,下城潮鸣,48446元/平米,米兰公寓,2000年建/板楼,240,2室1厅,103102587633,2018-07-07,东 西,高楼层/共6层,平层/精装,49.54平米
70年,10,萧山闻堰,29082元/平米,湘湖人家,2007年建/板楼,246,2室2厅,103104916062,2019-06-03,南 北,中楼层/共5层,平层/精装,84.59平米
70年,9,下城三塘,40795元/平米,灯塔豪园,2006年建/板楼,265,2室1厅,103104813820,2019-05-23,南,中楼层/共11层,平层/精装,64.96平米
70年,3,余杭闲林,25606元/平米,爵士风情花园,2008年建/板楼,205,2室2厅,103104656930,2019-05-07,南 北,低楼层/共6层,平层/精装,80.06平米
70年,7,拱墅和睦,48062元/平米,联合世纪新筑,2008年建/板楼,445,2室2厅,103104743205,2019-05-16,南,低楼层/共16层,平层/精装,92.59平米
40年,11,萧山萧山新城区,21187元/平米,萧山宝龙城市广场,2016年建/板楼,180,2室2厅,103104048429,2019-03-06,南,高楼层/共23层,平层/精装,84.96平米
70年,0,余杭闲林,20421元/平米,绿城桃源小镇,未知年建/暂无数据,235,3室2厅,103104986859,2019-06-10,南 北,低楼层/共18层,简装,115.08平米
70年,75,上城潮鸣,46636元/平米,华藏寺巷,2000年建/板楼,350,3室1厅,103102266074,2018-03-30,南,低楼层/共8层,平层/简装,75.05平米
70年,0,江干火车东站,47981元/平米,紫玉福邸,2016年建/板楼,663,4室2厅,103104863366,2019-05-28,南,高楼层/共16层,平层/简装,138.18平米
70年,9,拱墅桥西,50006元/平米,名城燕园,2010年建/板楼,438,3室2厅,103104935962,2019-06-04,南,高楼层/共18层,精装,87.59平米
40年,0,西湖申花,30694元/平米,同人精华,2014年建/板塔结合,100,1室1厅,103103528637,2018-12-06,西,低楼层/共15层,平层/其他,32.58平米
70年,44,西湖翠苑,37019元/平米,翠苑五区,1997年建/板楼,520,4室2厅,103103102953,2018-10-13,南 北,中楼层/共7层,平层/简装,140.47平米
70年,2,下城三塘,63305元/平米,水印康庭,2006年建/板楼,620,2室2厅,103103043833,2018-10-03,南 北,中楼层/共10层,精装,97.94平米
70年,20,拱墅桥西,69125元/平米,九龙仓碧玺,2015年建/塔楼,1500,4室2厅,103104132460,2019-03-15,南,中楼层/共7层,平层/精装,217平米
70年,48,西湖转塘,24383元/平米,佳兆业玖珑山,2014年建/板楼,395,4室2厅,103102308415,2018-04-12,南,低楼层/共11层,毛坯,162平米
70年,6,余杭星桥,23749元/平米,星桥桂花城,2010年建/板楼,212,3室2厅,103104606312,2019-05-02,南,中楼层/共5层,平层/精装,89.27平米
40年,42,余杭翡翠城,15712元/平米,华元西溪欢乐城,2017年建/板楼,85,2室1厅,103102984392,2018-09-23,东北,高楼层/共14层,精装,54.1平米
70年,4,拱墅和睦,55556元/平米,凯德湖墅,2016年建/塔楼,350,2室1厅,103102640493,2018-07-22,南,中楼层/共18层,平层/简装,63平米
70年,22,钱塘新区沿江北,31873元/平米,朗诗国际街区,2009年建/塔楼,280,2室1厅,103103005776,2018-09-27,南,低楼层/共31层,精装,87.85平米
70年,4,拱墅申花,57373元/平米,九龙仓珑玺,2017年建/板楼,500,3室2厅,103103298747,2018-11-05,南,低楼层/共24层,简装,87.15平米
50年,38,钱塘新区高教园区东,12932元/平米,华元云水苑,2005年建/板楼,60,1室1厅,103104175768,2019-03-19,北,低楼层/共11层,平层/精装,46.4平米
70年,1,西湖转塘,33018元/平米,融创瑷骊山,2014年建/板楼,750,4室2厅,103104220584,2019-03-24,南,低楼层/共6层,平层/毛坯,227.15平米
70年,6,拱墅拱宸桥,36000元/平米,左岸花园,2005年建/板楼,468,3室2厅,103104550001,2019-04-26,南 北,中楼层/共18层,平层/精装,130平米
70年,22,余杭翡翠城,37171元/平米,绿城翡翠湾,2014年建/板楼,330,3室2厅,103104033869,2019-03-04,南,中楼层/共18层,平层/简装,88.78平米
70年,1,余杭未来科技城,16895元/平米,杉杉恒和依山郡,2013年建/板楼,100,1室1厅,103104290798,2019-03-31,南 北,低楼层/共11层,精装,59.19平米
70年,15,江干景芳,45505元/平米,景芳新五区,1997年建/板楼,250,2室1厅,103103452090,2018-11-25,南 北,高楼层/共7层,平层/简装,54.94平米
70年,21,滨江彩虹城,50376元/平米,银色港湾公寓,2006年建/板楼,235,1室1厅,103102784998,2018-08-26,南 北,高楼层/共16层,平层/精装,46.65平米
70年,32,江干丁桥,27375元/平米,北城枫景园,2012年建/板楼,168,2室1厅,103102825370,2018-09-02,南 北,中楼层/共17层,平层/毛坯,61.37平米
70年,5,萧山南部卧城,39326元/平米,绿都四季华庭,2015年建/暂无数据,350,3室2厅,103103863162,2019-02-13,南,低楼层/共30层,平层/精装,89平米
70年,15,钱塘新区沿江北,24422元/平米,伊萨卡国际城浩泽园,2008年建/板楼,328,4室2厅,103104688790,2019-05-11,南,低楼层/共34层,平层/精装,134.31平米
70年,11,西湖三墩,41842元/平米,金地自在城,2012年建/板楼,369,3室2厅,103103974169,2019-02-26,南,高楼层/共25层,复式/精装,88.19平米
70年,18,上城南星,49056元/平米,凤凰南苑,2004年建/板楼,265,2室1厅,103104306679,2019-04-02,南,高楼层/共28层,平层/精装,54.02平米
70年,0,江干丁桥,26338元/平米,长睦邻里人家西苑,2006年建/板楼,220,2室2厅,103105004991,2019-06-12,南 北,低楼层/共13层,平层/毛坯,83.53平米
70年,12,江干三里亭,39933元/平米,秋涛北路322号,1998年建/板楼,235,2室1厅,103104512250,2019-04-22,南,中楼层/共7层,平层/精装,58.85平米
70年,6,拱墅大关,36671元/平米,大关西三苑,1996年建/板楼,215,2室1厅,103104498172,2019-04-21,南,中楼层/共6层,平层/简装,58.63平米
70年,7,余杭临平,23810元/平米,理想康城国际,2007年建/板塔结合,250,2室2厅,103104247570,2019-03-27,南,高楼层/共24层,平层/简装,105平米
70年,0,萧山萧山市区,33215元/平米,北干一苑,2000年建/板楼,215,2室1厅,103104966400,2019-06-08,南,中楼层/共5层,平层/简装,64.73平米
70年,6,江干城东新城,49439元/平米,德信大家钱江府,2017年建/板楼,440,2室2厅,103104485254,2019-04-20,南 北,高楼层/共18层,平层/简装,89平米
70年,27,江干三里亭,38109元/平米,三里家园三区,2008年建/板楼,320,2室2厅,103101686487,2017-09-03,南,中楼层/共6层,平层/简装,83.97平米
70年,16,江干景芳,52067元/平米,东城印象公寓,2013年建/板楼,630,3室2厅,103102653782,2018-07-25,南 北,低楼层/共10层,平层/精装,9平米
70年,59,下城建国北路,999999元/平米,锦园小区,1994年建/板楼,200,2室1厅,103103916254,2019-02-20,南,高楼层/共7层,平层/精装,53.13平米
70年,35,西湖翠苑,45031元/平米,翠苑一区,1988年建/板楼,222,2室1厅,103102437644,2018-05-23,南,中楼层/共7层,平层/简装,49.3平米
70年,257,余杭乔司,26962元/平米,朗诗未来街区,2015年建/板楼,190,2室1厅,103102772746,2018-08-23,南,高楼层/共18层,平层/毛坯,70.47平米
70年,17,余杭闲林,31087元/平米,赞成乐山红叶,2014年建/板楼,280,5室3厅,103102661012,2018-07-27,南,低楼层/共20层,复式/精装,90.07平米
70年,44,西湖翠苑,41710元/平米,翠苑二区,1989年建/板楼,245,3室1厅,103102486075,2018-06-07,东 南 北,高楼层/共7层,简装,58.74平米
70年,18,余杭闲林,24429元/平米,绿城桃源小镇,2008年建/板楼,220,2室2厅,103102630196,2018-07-19,南 北,低楼层/共11层,平层/精装,90.06㎡
70年,5,拱墅三墩,31206元/平米,都市水乡水月苑,2005年建/板楼,305,2室1厅,103104772822,2019-05-19,南,中楼层/共11层,平层/精装,97.74平米
70年,4,西湖古荡,41077元/平米,古荡新村东区,1991年建/板楼,255,2室1厅,103104648567,2019-05-07,南,高楼层/共6层,平层/简装,62.08平米
70年,12,滨江浦沿,40698元/平米,东和云第,2014年建/板楼,350,3室2厅,103102528413,2018-06-21,南 东北,高楼层/共32层,简装,86平米
70年,1,余杭闲林,22489元/平米,保亿丽景山,2014年建/板楼,300,3室2厅,103104473227,2019-04-18,南,高楼层/共18层,平层/简装,133.4平米
50年,45,拱墅桥西,17906元/平米,易构大厦,2009年建/板楼,60,1室1厅,103102793742,2018-08-28,北,低楼层/共16层,平层/简装,33.51平米
70年,15,江干丁桥,29756元/平米,丁桥颐景园,2012年建/板楼,270,3室2厅,103104217434,2019-03-24,南,低楼层/共16层,平层/毛坯,90.74平米
40年,2,余杭翡翠城,29623元/平米,华元西溪欢乐城,2017年建/板楼,120,1室1厅,103102961392,2018-09-20,西,低楼层/共14层,平层/精装,40.51平米
70年,12,,26094元/平米,后珠辰秀嘉园南区,2010年建/板楼,238,3室1厅,103104234250,2019-03-25,南,高楼层/共18层,平层/简装,91.21平米
70年,4,下城武林,56240元/平米,武林桥河下,1990年建/板楼,210,2室1厅,103104358736,2019-04-08,南 北,低楼层/共6层,平层/简装,37.34平米
70年,12,上城南星,82973元/平米,新绿园,2010年建/板塔结合,1130,3室2厅,103103832259,2019-01-27,南,中楼层/共11层,精装,136.19平米
70年,236,上城清波,41896元/平米,中山苑,2001年建/板楼,145,1室0厅,103103414134,2018-11-19,北,中楼层/共17层,平层/精装,34.61平米
70年,0,余杭勾庄,24462元/平米,嘉凯城名城博园,2016年建/板楼,335,4室2厅,103105026066,2019-06-14,南,高楼层/共30层,跃层/毛坯,136.95平米
40年,15,江干九堡,16867 元/平米,鑫运时代金座,2015年建/板楼,90,1室1厅,103103785013,2019-01-17,东北,高楼层/共11层,精装,53.36平米
70年,27,拱墅半山,32215元/平米,首开望宸,2017年建/板楼,285,3室2厅,103102328964,2018-04-18,南,高楼层/共11层,平层/毛坯,88.47平米
70年,5,江干火车东站,39905元/平米,红街公寓,2010年建/板楼,550,3室2厅,103104503400,2019-04-21,东 南 北,低楼层/共18层,平层/精装,137.83平米
70年,9,余杭闲林,19563元/平米,庭院深深,2012年建/板楼,268,3室2厅,103103209673,2018-10-25,南 北,中楼层/共11层,平层/毛坯,137平米
70年,9,西湖西溪,46078元/平米,富越香溪,2014年建/板楼,410,2室1厅,103104218261,2019-03-24,南,中楼层/共11层,平层/简装,88.98平米
70年,18,江干闸弄口,41538元/平米,濮家新村,1988年建/板楼,295,2室2厅,103104397069,2019-04-11,南,高楼层/共6层,平层/精装,71.02平米
70年,50,拱墅桥西,58569元/平米,凯德龙湾,2014年建/板楼,810,3室2厅,103102760230,2018-08-20,南,高楼层/共16层,精装,138.3平米
70年,9,江干城东新城,55022元/平米,德信大家钱江府,2017年建/板楼,715,4室2厅,103103887941,2019-02-16,南 西 北,高楼层/共18层,平层/精装,129.95平米
70年,0,江干丁桥,23507元/平米,后珠家苑,2010年建/板楼,360,4室2厅,103104803268,2019-05-22,南,高楼层/共6层,平层/简装,153.15平米
70年,0,临安临安,13956元/平米,翠紫苑,未知年建/板楼,187,4室2厅,103104646891,2019-05-06,南,高楼层/共7层,精装,134平米
70年,2,西湖小和山,33065元/平米,水木清华,2008年建/板楼,1230,5室2厅,103104968669,2019-06-08,南 北,独栋/共1层,跃层/毛坯,372平米
70年,0,滨江彩虹城,48815元/平米,彩虹城,2006年建/板楼,850万元,4室2厅,103104435637,2019-04-15,南,低楼层/共28层,其他,174.13平米
40年,1,拱墅申花,30389元/平米,蓝钻天成,2016年建/板楼,205,2室1厅,103102584085,2018-07-07,东,中楼层/共22层,平层/精装,67.46平米
40年,1,钱塘新区高教园区西,14091元/平米,华元十六街区,2003年建/板楼,62,1室1厅,103104767120,2019-05-18,南 北,中楼层/共16层,简装,44平米
70年,59,钱塘新区金沙湖,37834元/平米,龙湖滟澜山澜轩,2011年建/塔楼,227,2室1厅,103102758252,2018-08-20,西北,高楼层/共22层,平层/精装,60平米
70年,1,临安临安,17141元/平米,越秀星汇城,未知年建/板楼,202,4室2厅,103104948963,2019-06-06,南,低楼层/共33层,毛坯,117.85平米
70年,35,西湖文三西路,47680元/平米,香樟公寓,1997年建/板楼,410,3室1厅,103103236252,2018-10-29,南,低楼层/共6层,平层/精装,85.99平米
70年,12,余杭塘栖,21132元/平米,九龙仓君廷,2016年建/板楼,180,3室2厅,103104387040,2019-04-10,南 北,低楼层/共33层,平层/精装,85.18平米
70年,9,西湖文一西路,46523元/平米,湖畔花园秋月苑,2000年建/板楼,620,3室2厅,103104611020,2019-05-03,南,中楼层/共5层,平层/简装,133.27平米
40年,3,余杭临平,17274元/平米,华元欢乐城,2016年建/板塔结合,75,2室1厅,103104083815,2019-03-10,西北,高楼层/共19层,精装,43.42平米
70年,38,下城潮鸣,49571元/平米,凤起苑,1999年建/板楼,410,2室2厅,103102410084,2018-05-13,南 北,中楼层/共7层,平层/简装,82.71平米
70年,176,西湖九莲,32311元/平米,黄姑山路22号,1995年建/板楼,200,1室1厅,103101743239,2017-09-20,南,高楼层/共7层,平层/简装,61.9平米
70年,9,余杭未来科技城,40210元/平米,北大资源未名府,2018年建/板楼,360,3室2厅,103104689006,2019-05-11,南,高楼层/共11层,平层/毛坯,89.53平米
70年,11,江干九堡,27042元/平米,红苹果家园,2009年建/板楼,310,3室2厅,103104018911,2019-03-03,南 北,低楼层/共18层,跃层/毛坯,114.64平米
70年,17,西湖三墩,41681元/平米,金地自在城求学里,未知/板楼,370,3室1厅,103103326369,2018-11-08,南,高楼层/共26层,精装,88.77平米
70年,17,西湖西溪,65446元/平米,西溪诚园知敬苑,2013年建/板楼,1300,4室1厅,103104118212,2019-03-14,南 北,中楼层/共13层,平层/精装,198.64平米
70年,2,下城朝晖,40890元/平米,朝晖二区,1984年建/板楼,160,1室1厅,103104835743,2019-05-26,南,中楼层/共6层,平层/简装,39.13平米
70年,36,江干闸弄口,29800元/平米,机神公寓,2000年建/板楼,660,6室2厅,103102262812,2018-03-29,南,高楼层/共7层,跃层/精装,221.48平米
70年,1,余杭星桥,24933元/平米,瑞金华庭嘉苑,2012年建/板楼,340,3室1厅,103104363603,2019-04-08,南,高楼层/共9层,平层/精装,136.37平米
70年,21,余杭崇贤,21158元/平米,锦昌年华,2009年建/暂无数据,245,3室2厅,103103326071,2018-11-08,南,中楼层/共12层,平层/毛坯,115.8平米
70年,0,上城南星,50969元/平米,凤凰南苑,2004年建/板楼,250,1室1厅,103104948935,2019-06-06,南,高楼层/共24层,简装,49.05平米
70年,1,西湖文一西路,60675元/平米,华苑公寓,2000年建/板楼,615,3室2厅,103104362851,2019-04-08,南,中楼层/共5层,简装,101.36平米
40年,0,江干火车东站,37756元/平米,恒祺克拉天玺,2018年建/板塔结合,72,1室0厅,103105047610,2019-06-16,东南,中楼层/共15层,平层/精装,19.07平米
70年,3,拱墅申花,47652元/平米,万家花城二期,2009年建/板楼,425,3室1厅,103104416968,2019-04-13,南,中楼层/共18层,平层/简装,89.19平米
70年,9,上城鼓楼,37387元/平米,直箭道巷,1991年建/板楼,198,2室1厅,103104360466,2019-04-08,南,高楼层/共8层,平层/简装,52.96平米
70年,11,江干九堡,32832元/平米,郡原相江公寓,2012年建/板楼,290,2室2厅,103103589143,2018-12-16,南 北,低楼层/共24层,平层/毛坯,88.33平米
70年,5,钱塘新区沿江南,31839元/平米,保利东湾,2010年建/板楼,360,4室2厅,103104119895,2019-03-14,南,低楼层/共34层,跃层/简装,113.07平米
70年,5,滨江西兴,39309元/平米,瑞立东方花城,2015年建/板楼,530,4室2厅,103103713070,2019-01-07,南,低楼层/共24层,平层/简装,134.83平米
70年,49,拱墅万达广场,46530元/平米,德信晓宸,2015年建/板楼,415,3室2厅,103101813385,2017-10-14,南,低楼层/共23层,平层/简装,89.19平米
70年,30,西湖嘉绿,46177元/平米,嘉绿南苑,1999年建/板楼,628,4室2厅,103104498994,2019-04-21,南,低楼层/共7层,平层/精装,136平米
40年,1,下城三塘,22541元/平米,新天地G193广场,2016年建/板楼,85,1室1厅,103102911896,2018-09-14,北,中楼层/共20层,平层/精装,37.71平米
70年,60,余杭良渚,25000元/平米,良渚文化村七贤郡,2014年建/板塔结合,190,2室1厅,103103985745,2019-02-27,南,高楼层/共6层,平层/精装,76平米
70年,47,江干景芳,40978元/平米,景芳二区,1994年建/板楼,208,2室1厅,103104517056,2019-04-23,南,中楼层/共7层,平层/简装,50.76平米
70年,3,滨江西兴,35876元/平米,铁岭花园,2001年建/板楼,510,3室2厅,103101959928,2017-12-02,南,高楼层/共6层,平层/精装,142.16平米
40年,4,滨江滨江区政府,33101元/平米,金铂湾,2016年建/板楼,180,1室1厅,103102596633,2018-07-10,南,中楼层/共24层,精装,54.38平米
70年,0,余杭良渚,32942元/平米,万科未来城二期,2017年建/板楼,280,3室2厅,103105051296,2019-06-16,南 北,高楼层/共34层,平层/精装,85平米
70年,64,江干九堡,28765元/平米,金雅苑社区,2011年建/板楼,256,3室1厅,103104922693,2019-06-03,南 北,低楼层/共11层,平层/精装,89平米
70年,42,余杭三墩,29827元/平米,亲亲家园一期,2006年建/板楼,425,4室2厅,103102355321,2018-04-27,南,低楼层/共9层,平层/简装,142.49平米
70年,10,下城三塘,32306元/平米,欣景苑,2012年建/板楼,370,3室2厅,103103984428,2019-02-27,南 北,中楼层/共18层,平层/简装,114.53平米
70年,0,临安临安,19603元/平米,春天华府(临天路),2013年建/板塔结合,345,4室2厅,103103779542,2019-01-16,南,低楼层/共31层,平层/毛坯,176平米
40年,4,萧山奥体,31105元/平米,众安嘉润公馆,2014年建/板楼,140,1室1厅,103102718582,2018-08-10,南,中楼层/共30层,平层/精装,45.01平米
70年,5,余杭闲林,38089元/平米,绿城桃源小镇,未知年建/板楼,950,4室2厅,103104318271,2019-04-03,南 北,低楼层/共3层,精装,249.42平米
70年,19,萧山西兴,50910元/平米,阳光城上府,2017年建/板楼,448,3室2厅,103104948527,2019-06-06,南,高楼层/共34层,平层/精装,88平米
70年,33,萧山萧山市区,28421元/平米,育才东苑,1995年建/板楼,220,3室1厅,103103464002,2018-11-27,南,中楼层/共6层,平层/简装,77.41平米
70年,0,下城三塘,37689元/平米,三塘南村,1998年建/板楼,225,2室1厅,103104684378,2019-05-10,南 北,中楼层/共7层,平层/简装,59.7平米
40年,12,萧山闻堰,15625元/平米,摩卡商务馆,2007年建/板塔结合,75,1室1厅,103102789972,2018-08-27,南,低楼层/共3层,平层/精装,48平米
50年,6,余杭万达广场,20150元/平米,香槟之约,2007年建/塔楼,135,1室1厅,103102019183,2017-12-23,南,高楼层/共11层,其他,67平米
70年,1,拱墅申花,48548元/平米,九龙仓珑玺,未知年建/板楼,620,4室2厅,103105046524,2019-06-16,南,低楼层/共24层,平层/毛坯,127.71平米
70年,6,滨江白马湖,38179元/平米,风景蝶院留园,2011年建/板楼,550,3室2厅,103104221177,2019-03-24,南 北,高楼层/共20层,平层/简装,144.06平米
40年,4,萧山闻堰,29465元/平米,,2010年建/板楼,165,3室2厅,103103770334,2019-01-14,西南,高楼层/共17层,精装,56平米
70年,1,余杭塘栖,23015元/平米,九龙仓君廷,2016年建/板楼,200,3室1厅,103103364927,2018-11-12,南,中楼层/共30层,平层/精装,86.9平米
70年,0,西湖转塘,48446元/平米,中天之江诚品,2016年建/板楼,430,3室2厅,103104812330,2019-05-23,南,中楼层/共17层,平层/精装,88.76平米
70年,9,西湖文三西路,52927元/平米,府新花园东区,1999年建/板楼,425,3室2厅,103102089614,2018-01-20,南,低楼层/共5层,平层/精装,80.3平米
40年,0,江干钱江新城,36000元/平米,钱塘航空大厦,2012年建/塔楼,252,1室1厅,103102795618,2018-08-28,北,低楼层/共37层,平层/精装,70平米
40年,2,余杭临平,15926元/平米,华元欢乐城,2016年建/板塔结合,68,1室1厅,103103219297,2018-10-26,南,低楼层/共38层,精装,42.7平米
70年,14,下城建国北路,40229元/平米,永康苑,2000年建/板楼,275,2室1厅,103103034451,2018-10-01,南,中楼层/共7层,平层/简装,68.36平米
70年,1,余杭临平,24720元/平米,金都夏宫,2014年建/板楼,220,3室2厅,103104610003,2019-05-03,南,中楼层/共40层,平层/简装,89平米
70年,4,上城复兴,43762元/平米,复兴南苑,1998年建/板楼,148,1室1厅,103104841169,2019-05-26,南,低楼层/共6层,平层/简装,33.82平米
70年,16,下城三塘,47115元/平米,万家星城,2011年建/板楼,400,3室1厅,103103013109,2018-09-28,南,中楼层/共17层,平层/简装,84.9平米
70年,15,西湖古荡,37721元/平米,亚洲城花园,2000年建/塔楼,380,3室2厅,103104246160,2019-03-27,南 北,中楼层/共7层,平层/简装,100.74平米
40年,49,西湖文三西路,24391元/平米,华元天鹅堡,2011年建/板楼,150,1室1厅,103102460532,2018-05-30,南,中楼层/共5层,精装,61.5平米
70年,41,拱墅信义坊,38450元/平米,贾家弄新村,未知年建/板楼,248,3室1厅,103102608565,2018-07-13,南 北,高楼层/共6层,平层/精装,64.5平米
70年,30,江干九堡,30903元/平米,红苹果家园,2009年建/板楼,350,3室2厅,103102502745,2018-06-12,东 南 北,低楼层/共11层,平层/精装,113.26平米
70年,8,西湖文一西路,51137元/平米,湖畔花园太子苑,1997年建/板楼,540,3室2厅,103104640421,2019-05-06,南,低楼层/共6层,平层/精装,105.6平米
70年,17,余杭良渚,27156元/平米,良渚文化村七贤郡,2014年建/板塔结合,315,3室2厅,103102507174,2018-06-14,南,中楼层/共6层,平层/精装,116平米
70年,3,萧山闻堰,15095元/平米,中粮云涛名苑,2015年建/板塔结合,80,1室1厅,103104527601,2019-04-24,北,中楼层/共21层,平层/精装,53平米
70年,30,江干景芳,38529元/平米,景芳新五区,2000年建/板楼,265,2室1厅,103103048999,2018-10-05,南,高楼层/共6层,平层/简装,68.78㎡
70年,25,上城复兴,45653元/平米,民安苑,2002年建/板楼,210,2室1厅,103104421335,2019-04-14,南,低楼层/共6层,平层/毛坯,46平米
70年,22,余杭闲林,23629元/平米,新西湖小镇,2012年建/板楼,165,2室2厅,103104541123,2019-04-25,南 北,高楼层/共9层,平层/精装,69.83平米
70年,24,西湖申花,44248元/平米,政苑小区,2005年建/板楼,620,3室2厅,103102610618,2018-07-14,南,高楼层/共10层,简装,140.12平米
70年,6,钱塘新区高教园区西,33172元/平米,北银公寓,1995年建/板楼,150,2室1厅,103104591646,2019-04-30,南,中楼层/共7层,平层/简装,45.22平米
70年,13,萧山钱江世纪城,52676元/平米,碧桂园珑悦,2019年建/板楼,630,3室2厅,103104296804,2019-04-01,南 北,中楼层/共18层,平层/精装,119.6平米
70年,0,萧山闻堰,29080元/平米,通和戈雅公寓,2007年建/板楼,273,2室1厅,103104435638,2019-04-15,南,低楼层/共32层,平层/精装,93.88平米
70年,2,拱墅湖墅,40846元/平米,米市巷,1997年建/板楼,290,2室2厅,103104713813,2019-05-13,南,高楼层/共7层,平层/精装,71平米
70年,2,余杭星桥,23179元/平米,瑞金华丽嘉苑,2015年建/板楼,210,3室1厅,103104549678,2019-04-26,南,中楼层/共19层,平层/精装,90.6平米
70年,51,余杭乔司,20474元/平米,复地连城国际,2011年建/板楼,273,4室2厅,103103415924,2018-11-19,南,低楼层/共11层,跃层/毛坯,133.34平米
70年,3,萧山萧山市区,33454元/平米,新白马公寓,2008年建/板楼,1070,6室3厅,103104522432,2019-04-23,南,高楼层/共31层,简装,319.85平米
70年,6,西湖文一西路,50023元/平米,文溪鼎园,2014年建/板楼,440,4室2厅,103104829265,2019-05-25,南,中楼层/共18层,平层/精装,87.96平米
70年,18,江干丁桥,31703元/平米,郡枫绿园西区,2015年建/板楼,265,3室2厅,103104100859,2019-03-12,南 北,中楼层/共17层,平层/精装,83.59平米
70年,11,拱墅信义坊,46052元/平米,信义坊,2002年建/板楼,400,2室2厅,103103104151,2018-10-14,南,中楼层/共7层,平层/精装,86.86平米
70年,3,余杭闲林,24047元/平米,闲林山水海棠苑,2007年建/板楼,418,4室2厅,103104165129,2019-03-18,南 北,高楼层/共5层,跃层/毛坯,173.83平米
70年,4,余杭闲林,23435元/平米,岸上蓝山,2012年建/板楼,220,2室2厅,103104278276,2019-03-30,南 北,低楼层/共6层,平层/精装,93.88平米
70年,0,临安临安,15789元/平米,青山鹤岭,未知年建/板楼,190,3室2厅,103103804126,2019-01-21,南,高楼层/共11层,平层/毛坯,120.34平米
40年,1,钱塘新区高教园区西,20463元/平米,和达城,2013年建/板楼,92,1室1厅,103103067720,2018-10-08,西北,高楼层/共28层,平层/精装,44.96平米
70年,24,江干景芳,44758元/平米,中企艮山府,2015年建/板楼,350,2室1厅,103103972384,2019-02-26,南,中楼层/共24层,平层/精装,78.2平米
70年,0,余杭临平,20022元/平米,众安理想湾,2015年建/板楼,275,3室2厅,103103280015,2018-11-03,南,低楼层/共33层,平层/简装,137.35平米
70年,0,余杭塘栖,23813元/平米,野风启城,2016年建/板楼,200,2室1厅,103104719145,2019-05-14,南,低楼层/共18层,简装,83.99平米
70年,24,江干丁桥,32387 元/平米,丁桥颐景园,2012年建/板楼,235,2室2厅,103102679885,2018-08-01,南 北,低楼层/共16层,平层/精装,72.56平米
70年,7,西湖西溪,57304元/平米,万科西庐二期,2017年建/板楼,510,3室2厅,103104238223,2019-03-26,南,中楼层/共15层,平层/精装,89平米
70年,1,滨江长河,54772元/平米,银泰海威国际,2009年建/板楼,838,4室2厅,103104695924,2019-05-11,南,高楼层/共33层,简装,153平米
70年,8,萧山萧山开发区,29867元/平米,科尔世纪外滩,2017年建/板楼,330,3室2厅,103103250063,2018-10-30,南 西南 北,高楼层/共28层,平层/毛坯,110.49平米
70年,12,下城和平,43123元/平米,五里塘苑,2004年建/板楼,300,2室1厅,103103645525,2018-12-26,南 西北,中楼层/共6层,平层/简装,69.57平米
70年,94,余杭良渚,28261元/平米,良渚文化村白鹭郡东,2008年建/板楼,325,3室2厅,103102648334,2018-07-24,南,低楼层/共4层,平层/精装,115平米
70年,1,余杭临平,18762元/平米,东晖龙悦湾,2017年建/板楼,230,3室2厅,103102886469,2018-09-09,南,高楼层/共26层,平层/毛坯,122.59平米
70年,53,滨江彩虹城,41307元/平米,彩虹城,2007年建/板楼,530,3室2厅,103102521320,2018-06-19,南,低楼层/共28层,平层/简装,128.31平米
70年,18,西湖黄龙,51935元/平米,庆丰新村,1989年建/板楼,290,2室1厅,103102383734,2018-05-06,南,高楼层/共7层,平层/简装,55.84平米
70年,10,余杭临平,17024元/平米,将军殿弄,未知年建/板楼,139,2室1厅,103104730080,2019-05-15,南,中楼层/共16层,平层/简装,81.65平米
70年,14,钱塘新区沿江北,23444元/平米,多蓝水岸碧海苑,2007年建/塔楼,355,3室2厅,103102315715,2018-04-14,南,中楼层/共25层,简装,151.43平米
70年,0,,29302元/平米,阳光逸城,2010年建/塔楼,180,2室1厅,103104858447,2019-05-28,南,高楼层/共15层,平层/精装,61.43平米
70年,2,上城南星,62229元/平米,秋涛南苑,1996年建/板楼,215,1室1厅,103104842754,2019-05-26,南,高楼层/共6层,平层/简装,34.55平米
70年,0,余杭临平,19497元/平米,嘉利花园,2004年建/板楼,255,3室2厅,103104709894,2019-05-13,南,低楼层/共6层,平层/精装,130.79平米
70年,0,上城雄镇楼,40984元/平米,南星公寓,1997年建/板楼,180,1室1厅,103104730100,2019-05-15,南,高楼层/共7层,精装,43.92平米
70年,5,拱墅万达广场,44231元/平米,方正御星,2016年建/板楼,460,3室2厅,103103054610,2018-10-06,南 北,高楼层/共23层,平层/简装,104平米
70年,52,余杭闲林,43934元/平米,合景映月台,2018年建/板楼,520,4室2厅,103103293492,2018-11-05,南,中楼层/共7层,平层/精装,118.36平米
70年,557,西湖翠苑,33718元/平米,天苑花园,1998年建/塔楼,225,2室1厅,103101587328,2017-08-06,南,低楼层/共24层,平层/精装,66.73平米
70年,904,江干丁桥,24117元/平米,北城枫景园,2012年建/板楼,148,2室1厅,103103430729,2018-11-21,南,低楼层/共17层,平层/简装,61.37平米
70年,0,江干南肖埠,51053元/平米,南肖埠小区庆春苑,2000年建/板楼,582,3室2厅,103104881507,2019-05-30,南,高楼层/共17层,其他,114平米
70年,13,拱墅三墩,37701元/平米,都市水乡水曲苑,2008年建/板楼,265,2室2厅,103103967881,2019-02-25,南,中楼层/共6层,平层/简装,70.29平米
70年,6,拱墅拱宸桥,49333元/平米,银河嘉园,2004年建/板楼,710,6室2厅,103102787849,2018-08-26,南 北,高楼层/共6层,简装,143.92平米
50年,3,萧山萧山新城区,18115元/平米,开元加州阳光小区,2005年建/板楼,93,1室1厅,103104479321,2019-04-19,东南,中楼层/共30层,平层/精装,51.34平米
70年,17,钱塘新区金沙湖,40605元/平米,德信早城,2012年建/板塔结合,360,3室2厅,103104024576,2019-03-04,南,高楼层/共33层,平层/简装,88.66平米
70年,28,江干九堡,34180元/平米,阳光城普升,2016年建/板楼,303,3室2厅,103104144642,2019-03-16,南,高楼层/共16层,平层/毛坯,88.65平米
70年,0,拱墅和睦,43169元/平米,和睦新村,1989年建/板楼,200,2室1厅,103104550048,2019-04-26,南,低楼层/共6层,简装,46.33平米
70年,6,拱墅大关,42678元/平米,大关东一苑,1995年建/板楼,285,3室1厅,103101355920,2017-05-29,南 北,低楼层/共6层,简装,66.78平米
70年,9,萧山闻堰,27893元/平米,湘湖人家,2007年建/板楼,330,3室2厅,103103171633,2018-10-20,南 北,低楼层/共26层,平层/精装,118.31平米
70年,4,余杭乔司,28476元/平米,佳兆业君汇上品,2016年建/板楼,230,2室2厅,103104186645,2019-03-20,南,低楼层/共14层,简装,80.77平米
70年,20,上城南星,60902元/平米,滨江金色家园,2007年建/板楼,850,3室2厅,103103858904,2019-02-12,南,低楼层/共22层,平层/精装,139.57平米
70年,31,萧山钱江世纪城,26963元/平米,顺发康庄,2012年建/板楼,330,4室2厅,103102714373,2018-08-09,南 西 北,高楼层/共29层,平层/毛坯,122.39平米
70年,38,下城三塘,34064元/平米,东新园孚信苑,2005年建/板楼,350,2室2厅,103102475952,2018-06-04,南,低楼层/共11层,平层/简装,102.75平米
70年,13,余杭临平,16852元/平米,东晖龙悦湾,2017年建/板楼,185,3室2厅,103103364967,2018-11-12,南 北,中楼层/共25层,平层/毛坯,109.78平米
70年,17,余杭未来科技城,23887元/平米,宝林西路,2000年建/板楼,170,2室2厅,103104922721,2019-06-03,南,低楼层/共6层,平层/简装,71.17平米
70年,0,临安临安,24567元/平米,锦绣钱塘,未知年建/板楼,850,5室2厅,103104808600,2019-05-23,南,低楼层/共3层,毛坯,346平米
70年,3,余杭临平,20163元/平米,东厦东港花苑,2011年建/板楼,308,4室2厅,103104904308,2019-06-01,南,低楼层/共17层,平层/精装,152.76平米
70年,3,上城潮鸣,42513元/平米,大学路新村,1989年建/板楼,310,3室1厅,103104901623,2019-06-01,南,中楼层/共7层,简装,72.92平米
70年,8,余杭良渚,29566元/平米,奥克斯缔逸城,2017年建/板楼,340,4室2厅,103101931547,2017-11-22,南,低楼层/共31层,平层/毛坯,115平米
70年,5,拱墅和睦,49114元/平米,联合世纪新筑,2008年建/板楼,720,3室2厅,103102361953,2018-04-29,南,低楼层/共25层,平层/精装,146.6平米
70年,0,临安临安,17988元/平米,中赢时代风景,未知年建/板楼,143,2室2厅,103104405004,2019-04-12,南,中楼层/共29层,简装,79.5平米
70年,11,拱墅三墩,33219元/平米,阳光郡,2014年建/板楼,435,4室2厅,103102748015,2018-08-17,南,高楼层/共28层,平层/毛坯,130.95平米
70年,29,钱塘新区高教园区西,29855元/平米,北银公寓,1997年建/板楼,135,1室1厅,103102852506,2018-09-07,南,低楼层/共7层,平层/简装,45.22平米
70年,4,西湖文教,76027元/平米,融信杭州公馆,2017年建/板楼,450,1室1厅,103102682537,2018-08-02,南,高楼层/共30层,精装,59.19平米
70年,36,萧山钱江世纪城,48601元/平米,顺发和美家,2012年建/板楼,620,4室2厅,103102086873,2018-01-19,南,低楼层/共36层,复式/毛坯,127.57平米
40年,4,江干丁桥,24391元/平米,置鼎明珠1号,2016年建/板楼,100,2室1厅,103102797784,2018-08-29,北,中楼层/共10层,复式/精装,41平米
70年,9,拱墅申花,56307元/平米,东方福邸,2013年建/板楼,1250万元,6室2厅,103102770634,2018-08-22,南,中楼层/共23层,精装,222平米
70年,0,余杭闲林,20949元/平米,众安学君里,2018年建/板楼,250,3室2厅,103104319576,2019-04-03,南 北,低楼层/共24层,平层/毛坯,119.34平米
70年,4,萧山闻堰,29202元/平米,三江花园(萧山),2007年建/板楼,266,3室1厅,103104798409,2019-05-22,南,低楼层/共6层,平层/简装,91.09平米
70年,0,钱塘新区沿江南,26175元/平米,金隅观澜时代天筑,2013年建/塔楼,225,2室1厅,103104256014,2019-03-28,南 北,高楼层/共33层,平层/毛坯,85.96平米
70年,1,西湖文三西路,45372元/平米,嘉绿景苑东园,2007年建/板楼,420,2室2厅,103104052990,2019-03-06,南,低楼层/共15层,简装,92.57平米
70年,3,余杭乔司,25869元/平米,保亿风景晨园,2016年建/板楼,230,3室2厅,103104570414,2019-04-28,南,低楼层/共24层,平层/精装,88.91平米
70年,11,西湖学军,101334元/平米,求智巷,1985年建/板楼,570,2室2厅,103103856182,2019-02-12,南,低楼层/共6层,平层/精装,56.25平米
70年,1,下城流水苑,45627元/平米,和平小区,1999年建/板楼,435,2室2厅,103104510157,2019-04-22,南,低楼层/共5层,平层/简装,95.34平米
70年,36,萧山萧山市区,33167元/平米,顺发旺角城,2008年建/板楼,510,4室2厅,103102694757,2018-08-05,南,低楼层/共25层,平层/精装,153.77平米
70年,4,余杭闲林,25085元/平米,盛世嘉园,2006年建/板楼,298,3室2厅,103104643667,2019-05-06,南 北,中楼层/共11层,平层/精装,118.8平米
70年,1,萧山闻堰,30324元/平米,湘湖人家,2007年建/板楼,270,2室2厅,103104732278,2019-05-15,南,中楼层/共16层,平层/精装,89.04平米
70年,36,下城石桥,29831元/平米,北景园竹邻苑,2005年建/板楼,390,4室2厅,103102777361,2018-08-24,南 北,中楼层/共11层,平层/精装,130.74平米
70年,1,江干丁桥,31646元/平米,广宇东承府,2014年建/板楼,165,1室1厅,103104208785,2019-03-23,南,中楼层/共17层,平层/精装,52.14平米
70年,2,江干九堡,45341元/平米,丽江公寓,2009年建/塔楼,900,4室2厅,103104659412,2019-05-08,南 北,中楼层/共19层,平层/精装,198.5平米
70年,27,萧山钱江世纪城,32037元/平米,顺发康庄,2012年建/板楼,280,2室2厅,103102905100,2018-09-12,南,中楼层/共29层,平层/精装,87.4平米
40年,22,余杭塘栖,28125元/平米,美致生活广场,2016年建/板塔结合,90,2室2厅,103102831863,2018-09-03,北,高楼层/共19层,精装,32平米
70年,87,拱墅桥西,55979元/平米,九龙仓碧玺,2015年建/板楼,500,2室1厅,103101756174,2017-09-24,南,中楼层/共13层,简装,89.32平米
70年,5,拱墅半山,33345元/平米,联合畔上居,2016年建/板楼,300,3室2厅,103104317816,2019-04-03,南 北,低楼层/共6层,平层/毛坯,89.97平米
70年,19,余杭闲林,28652元/平米,爵士风情花园,2008年建/板楼,255,3室2厅,103103620738,2018-12-22,南,高楼层/共6层,平层/精装,89平米
70年,25,余杭塘栖,17689元/平米,塘栖乐苑,未知年建/暂无数据,90,2室1厅,103104865237,2019-05-29,南,高楼层/共5层,平层/简装,50.88平米
70年,92,西湖转塘,38203元/平米,梧桐燕庐,2013年建/板楼,340,3室1厅,103101901817,2017-11-11,南 西,中楼层/共18层,平层/精装,89平米
70年,1,临安临安,13275元/平米,碧桂苑,未知年建/暂无数据,188,4室2厅,103104669130,2019-05-09,南 北,中楼层/共7层,毛坯,141.62平米
70年,73,江干丁桥,25292元/平米,北城枫景园,2012年建/板楼,156,2室1厅,103104730065,2019-05-15,南 北,低楼层/共13层,平层/毛坯,61.68平米
40年,2,余杭良渚,20166元/平米,奥克斯缔逸城,2017年建/板楼,100,1室1厅,103103247140,2018-10-30,东,高楼层/共21层,精装,49.59㎡
70年,161,西湖良渚,29203元/平米,都市阳光和苑,未知年建/板楼,238,3室2厅,103102535527,2018-06-23,东 南 北,低楼层/共27层,平层/毛坯,81.5平米
70年,0,余杭塘栖,22176元/平米,野风启城,2016年建/板楼,180,3室2厅,103103401643,2018-11-17,南,高楼层/共27层,精装,81.17平米
70年,65,西湖西溪,55481元/平米,坤和和家园,2014年建/板楼,490,2室2厅,103104326288,2019-04-04,南,高楼层/共13层,复式/精装,88.32平米
70年,1,余杭临平,19999元/平米,东方俊园,2004年建/板楼,275,3室2厅,103104685757,2019-05-10,南,中楼层/共11层,平层/精装,137.51平米
70年,0,拱墅三墩,46512元/平米,阳光郡,2014年建/板楼,400,3室2厅,103104395347,2019-04-11,南 北,低楼层/共24层,平层/精装,86平米
70年,14,余杭星桥,25199元/平米,广厦天都城紫韵公寓,2015年建/板楼,203,2室2厅,103104031799,2019-03-04,南 北,高楼层/共23层,平层/精装,80.56平米
70年,0,江干丁桥,28977元/平米,玺之湾,2014年建/板楼,380,3室2厅,103103734591,2019-01-10,东南 南,低楼层/共17层,平层/毛坯,131.14平米
70年,2,余杭三墩,32223元/平米,亲亲家园一期,2007年建/板塔结合,410,3室1厅,103104782612,2019-05-20,南,低楼层/共9层,平层/精装,127.24平米
40年,7,钱塘新区金沙湖,17349元/平米,金沙国际,2016年建/塔楼,140,2室1厅,103103370698,2018-11-12,南,中楼层/共26层,平层/毛坯,80.7平米
70年,11,下城三塘,46080元/平米,万家星城,2009年建/板楼,580,3室2厅,103104592114,2019-04-30,南,低楼层/共22层,平层/精装,125.87平米
70年,35,西湖西溪,61539元/平米,万科坤和玉泉,2017年建/板楼,860,3室1厅,103102705568,2018-08-07,南 北,上叠别墅/共4层,复式/精装,139.75平米
70年,1,钱塘新区高教园区东,32542元/平米,宝龙云滨湾,2012年建/塔楼,530,5室2厅,103103967898,2019-02-25,南,高楼层/共18层,跃层/精装,162.87平米
70年,27,下城朝晖,43202元/平米,朝晖五区,1981年建/板楼,305,3室2厅,103102499513,2018-06-11,南,高楼层/共5层,平层/精装,70.6平米
70年,1,拱墅申花,37834元/平米,天阳美林湾,2008年建/板楼,415,3室2厅,103104955602,2019-06-06,南 北,中楼层/共18层,平层/简装,109.69平米
70年,19,上城湖滨,70523元/平米,向阳新村,1985年建/板楼,428,3室1厅,103104105766,2019-03-12,南 北,中楼层/共5层,平层/简装,60.69平米
70年,1,西湖嘉绿,60651元/平米,世纪新城东区,2005年建/板楼,205,1室1厅,103104251157,2019-03-27,北,高楼层/共27层,精装,33.8平米
70年,12,下城长庆,45738元/平米,青春坊,1998年建/板楼,235,2室1厅,103104654102,2019-05-07,南,高楼层/共7层,平层/简装,51.38平米
70年,1,余杭勾庄,26370元/平米,嘉凯城名城博园,2016年建/板楼,232,3室2厅,103104951806,2019-06-06,南 北,低楼层/共30层,平层/精装,87.98平米
70年,0,余杭乔司,27519元/平米,东田怡丰城,未知年建/板塔结合,265,3室2厅,103104238285,2019-03-26,南,高楼层/共18层,其他,96.3平米
70年,161,余杭塘栖,21102元/平米,九龙仓君廷,2016年建/板楼,180,3室2厅,103101501474,2017-07-13,南,高楼层/共33层,毛坯,85.3平米
70年,40,余杭星桥,24097元/平米,绿城紫桂公寓,2016年建/板楼,200,3室1厅,103102786074,2018-08-26,南,中楼层/共12层,平层/精装,83平米
50年,1,萧山钱江世纪城,28474元/平米,港汇中心,2016年建/板楼,250,4室2厅,103103784387,2019-01-17,西,中楼层/共33层,Loft/精装,87.8平米
70年,0,滨江滨江区政府,59551元/平米,寰宇天下,2014年建/板楼,530,2室2厅,103104791271,2019-05-21,南 北,中楼层/共33层,平层/精装,89平米
70年,9,余杭闲林,23215元/平米,绿城桃源小镇,未知年建/暂无数据,195,3室2厅,103104394176,2019-04-11,南,高楼层/共18层,平层/毛坯,84平米
70年,9,拱墅桥西,52470元/平米,凯德视界,2009年建/塔楼,460,3室2厅,103103926546,2019-02-21,南,高楼层/共20层,平层/精装,87.67平米
70年,15,江干华家池,62872元/平米,绿地华家池印,2017年建/板楼,560,3室1厅,103104612474,2019-05-03,东南,低楼层/共31层,平层/精装,89.07平米
70年,155,余杭未来科技城,19876元/平米,百汇中心,2000年建/板楼,118,2室1厅,103103033253,2018-09-30,南,高楼层/共6层,平层/精装,9平米
70年,24,下城三塘,37993元/平米,三塘竹园,1998年建/板楼,265,2室1厅,103104092925,2019-03-11,南 北,低楼层/共6层,平层/精装,69.75平米
70年,21,萧山南部卧城,31634 元/平米,半岛花园,2009年建/板楼,268,2室2厅,103102759599,2018-08-20,南,低楼层/共18层,简装,84.72平米
70年,2,江干景芳,42162元/平米,景芳东区,1996年建/板楼,252,2室1厅,103104661981,2019-05-08,南,中楼层/共7层,简装,59.77平米
70年,5,余杭崇贤,20739元/平米,龙湖香醍溪岸,2013年建/板楼,480,4室1厅,103102467941,2018-06-01,南,中楼层/共25层,毛坯,231.45平米
40年,13,拱墅拱宸桥,27142元/平米,中国铁建国际汇,2014年建/塔楼,128,1室1厅,103104130830,2019-03-15,南,中楼层/共19层,跃层/精装,47.16平米
70年,1,下城石桥,32132元/平米,万泰新语,2014年建/板塔结合,263,2室1厅,103104928411,2019-06-04,南 北,中楼层/共16层,平层/简装,81.85平米
40年,0,钱塘新区高教园区东,22687元/平米,宝龙城市广场,2014年建/板楼,100,3室1厅,103104491449,2019-04-20,北,低楼层/共22层,精装,44.08平米
70年,29,西湖古荡,42661元/平米,亚洲城花园,1996年建/板楼,270,2室1厅,103101945484,2017-11-27,南,中楼层/共6层,平层/简装,63.29平米
70年,3,下城长庆,44807元/平米,长宁街,1990年建/板楼,239,2室1厅,103103945937,2019-02-23,南 北,高楼层/共7层,平层/简装,53.34平米
70年,0,余杭三墩,34903元/平米,铭雅苑东区,2004年建/板楼,155,1室1厅,103105044523,2019-06-15,东,中楼层/共5层,平层/精装,44.41平米
70年,29,西湖文三西路,41344元/平米,阳光花园,1997年建/板楼,165,1室1厅,103102486855,2018-06-07,南,中楼层/共4层,平层/简装,39.91平米
70年,13,余杭未来科技城,40450元/平米,北大资源未名府,2018年建/板楼,360,3室2厅,103104189381,2019-03-21,南,中楼层/共11层,平层/毛坯,89平米
70年,4,余杭良渚,36417元/平米,上实海上海,未知年建/板楼,400,3室2厅,103104764966,2019-05-18,南,中楼层/共8层,平层/毛坯,109.84平米
70年,3,西湖嘉绿,42905元/平米,嘉绿西苑,2001年建/板楼,650,5室2厅,103103998484,2019-03-01,南,高楼层/共5层,简装,151.5平米
70年,13,萧山南部卧城,32688元/平米,光明尚海湾,2016年建/板楼,425,4室2厅,103103860760,2019-02-13,南,中楼层/共30层,平层/精装,130.02平米
70年,11,萧山闻堰,25881元/平米,湘湖人家,2007年建/板楼,358,4室2厅,103102496490,2018-06-10,南 北,中楼层/共5层,平层/精装,138.33平米
70年,34,下城武林,49724元/平米,思敬里,1985年建/板楼,180,1室1厅,103104393604,2019-04-11,南,低楼层/共5层,精装,36.2平米
70年,26,上城南星,82958元/平米,绿城蓝色钱江,2012年建/板楼,1950,4室2厅,103104737451,2019-05-15,南,中楼层/共28层,平层/精装,235.06平米
70年,16,萧山萧山开发区,30566元/平米,众安景海湾,2012年建/塔楼,275,3室2厅,103102634586,2018-07-20,南,低楼层/共33层,简装,89.97平米
70年,36,拱墅大关,37778元/平米,大关东二苑,1995年建/板楼,170,1室1厅,103103164784,2018-10-18,南,高楼层/共7层,平层/精装,45平米
70年,2,余杭临平,20079元/平米,东海水漾人家,2004年建/板楼,255,3室2厅,103104213671,2019-03-23,南,低楼层/共6层,平层/精装,127平米
40年,0,滨江滨江区政府,38581元/平米,金铂湾,2016年建/板楼,199,1室1厅,103104524032,2019-04-24,北,中楼层/共24层,平层/精装,51.58平米
40年,1,滨江滨江区政府,38783元/平米,融创杭州印,2017年建/板楼,195,1室1厅,103102707787,2018-08-08,东,中楼层/共39层,精装,50.28平米
70年,35,拱墅和睦,35800元/平米,,2005年建/板楼,330,3室1厅,103104435715,2019-04-15,南 西,低楼层/共15层,平层/简装,92.18平米
70年,1,余杭临平,25059元/平米,莱茵旺角七号,2015年建/板楼,215,3室2厅,103104242222,2019-03-26,南,高楼层/共18层,平层/精装,85.8平米
70年,16,萧山闻堰,29294元/平米,通和戈雅公寓,2007年建/板楼,400,3室2厅,103102173181,2018-03-04,南 北,中楼层/共5层,平层/精装,136.55平米
70年,10,余杭崇贤,17874元/平米,龙湖香醍溪岸,2013年建/板楼,239,3室2厅,103103216160,2018-10-26,南,低楼层/共26层,平层/精装,133.72平米
70年,2,西湖转塘,33000元/平米,赞成岭上花苑,2009年建/板楼,417.4,3室2厅,103102897747,2018-09-11,南 北,中楼层/共14层,毛坯,126.46平米
70年,36,,53530元/平米,西湖大道261、263、265号,1990年建/板楼,229,1室1厅,103103367539,2018-11-12,南,中楼层/共6层,平层/毛坯,42.78平米
70年,13,下城三塘,35136元/平米,三塘北村,1998年建/板楼,310,3室2厅,103104063065,2019-03-08,南,高楼层/共7层,平层/简装,88.23平米
70年,21,萧山钱江世纪城,22997元/平米,林之语,2012年建/塔楼,268,3室1厅,103104004565,2019-03-01,东 南 北,中楼层/共11层,平层/毛坯,116.54平米
70年,2,萧山萧山新城区,51959元/平米,中国铁建青秀城,2015年建/塔楼,455,4室2厅,103103443429,2018-11-23,南,低楼层/共18层,简装,87.57平米
70年,28,下城潮鸣,43523元/平米,回龙庙前小区,1988年建/板楼,216,2室2厅,103104145267,2019-03-16,南,高楼层/共7层,平层/精装,49.63平米
40年,4,西湖西溪,37841元/平米,西溪诚园明礼苑,2013年建/板楼,558,3室1厅,103103668107,2018-12-30,南 北,高楼层/共10层,平层/精装,147.46平米
70年,9,钱塘新区沿江北,24884元/平米,伊萨卡国际城浩泽园,2008年建/塔楼,315,3室2厅,103102664603,2018-07-28,南,高楼层/共33层,简装,126.59平米
40年,7,余杭未来科技城,23685元/平米,西溪蓝海,2017年建/塔楼,90,1室1厅,103102686433,2018-08-03,南,中楼层/共23层,精装,38平米
70年,21,余杭西溪,45834元/平米,昆仑府,2013年建/板楼,330,2室2厅,103103925040,2019-02-21,南 北,高楼层/共7层,平层/精装,72平米
70年,1,西湖文三西路,37602元/平米,香樟公寓,2000年建/板楼,590,4室2厅,103103019874,2018-09-28,南 北,高楼层/共6层,精装,156.91平米
70年,0,余杭仁和,18305元/平米,清合嘉园西区,2007年建/板楼,300,4室2厅,103104338968,2019-04-05,南,高楼层/共5层,跃层/精装,163.89平米
70年,7,余杭闲林,26993元/平米,盛世嘉园,2006年建/板楼,700,6室2厅,103104828664,2019-05-25,南,联排/共1层,毛坯,259.33平米
70年,10,西湖西溪,49589元/平米,坤和和家园,2012年建/板楼,410,1室1厅,103102124675,2018-02-07,南,低楼层/共9层,精装,82.68平米
70年,12,西湖翠苑,45895元/平米,学苑春晓,2003年建/板楼,602,3室2厅,103102750587,2018-08-18,南 北,中楼层/共6层,平层/精装,131.17平米
70年,19,余杭星桥,24158元/平米,广厦天都城天星苑,2007年建/板楼,215,2室1厅,103103033682,2018-09-30,南,低楼层/共16层,简装,89平米
40年,0,拱墅申花,24000元/平米,复地壹中心,2017年建/板塔结合,120,1室1厅,103105105625,2019-06-21,南,高楼层/共23层,平层/其他,50平米
70年,39,余杭良渚,33023元/平米,万科良渚文化村未来城,2016年建/板塔结合,290,3室2厅,103104028442,2019-03-04,南,中楼层/共32层,平层/精装,87.82平米
70年,2,下城三塘,33632元/平米,漾河公寓,2006年建/板楼,410,3室2厅,103104690592,2019-05-11,南,高楼层/共6层,平层/精装,121.91平米
40年,0,上城近江,48506元/平米,日信国际DOUBLE时代,2015年建/板塔结合,232,2室1厅,103104493828,2019-04-20,西北,中楼层/共21层,Loft/精装,47.83平米
70年,2,余杭闲林,25569元/平米,竹海水韵,2015年建/板楼,225,3室1厅,103104841600,2019-05-26,南,高楼层/共16层,平层/精装,88平米
70年,4,余杭良渚,47446元/平米,万科桂语里,2018年建/板楼,650,4室1厅,103104856384,2019-05-28,南,联排/共3层,精装,137平米
70年,3,西湖转塘,33164元/平米,朗郡庭园,2011年建/板楼,650,4室2厅,103102108560,2018-01-30,南,中楼层/共27层,简装,196平米
70年,49,萧山萧山新城区,27153元/平米,嘉利公寓,2003年建/板楼,123,1室1厅,103103033276,2018-09-30,南,中楼层/共8层,平层/简装,45.3平米
50年,2,拱墅桥西,22006元/平米,富越香郡盈座,2015年建/板楼,115,1室1厅,103102807969,2018-08-30,南,中楼层/共25层,平层/精装,52.26平米
70年,6,滨江浦沿,34587元/平米,银爵世纪公寓,2009年建/板楼,460,3室2厅,103102904176,2018-09-12,南 北,中楼层/共31层,简装,133平米
70年,24,拱墅和睦,43270元/平米,景上公寓,2008年建/板楼,450,3室1厅,103102700206,2018-08-06,南,低楼层/共11层,平层/精装,104平米
40年,10,滨江滨江区政府,46154元/平米,星耀城,2014年建/板楼,300,3室1厅,103103256917,2018-10-31,南,中楼层/共20层,平层/精装,65平米
70年,0,上城南星,60562元/平米,春江花月,2004年建/板楼,1150,4室1厅,103104647589,2019-05-06,东南,中楼层/共11层,平层/简装,189.89平米
70年,3,余杭闲林,29000元/平米,荆山翠谷,2006年建/板楼,435,3室2厅,103103870044,2019-02-14,南 北,中楼层/共17层,平层/精装,150平米
70年,5,西湖西溪,35223元/平米,西溪晴雪,2012年建/暂无数据,1500,5室2厅,103104305508,2019-04-02,南,联排/共1层,毛坯,425.86平米
70年,2,临安临安,12836元/平米,大园新城,未知年建/板楼,172,3室2厅,103104912710,2019-06-02,南,中楼层/共23层,平层/毛坯,134平米
70年,0,余杭仁和,22728元/平米,仁和金鼎公寓,2006年建/板楼,200,2室2厅,103104299151,2019-04-01,南,低楼层/共15层,平层/精装,88平米
70年,25,萧山萧山市区,25981元/平米,广德小区,2002年建/板楼,265,3室2厅,103102418284,2018-05-16,南,中楼层/共6层,简装,102平米
70年,0,余杭星桥,27605元/平米,绿城紫桂公寓,2013年建/板楼,230,3室2厅,103104735258,2019-05-15,南,高楼层/共12层,平层/精装,83.32㎡
40年,55,西湖文三西路,28094元/平米,西溪锋尚苑,2005年建/板楼,168,1室1厅,103102095583,2018-01-23,南 北,高楼层/共7层,平层/精装,59.8平米
70年,6,余杭临平,31344元/平米,广宇鼎悦府,2010年建/板塔结合,420,4室2厅,103104811250,2019-05-23,南 北,中楼层/共28层,跃层/毛坯,134平米
70年,0,临安临安,17519元/平米,中赢时代风景,未知年建/板楼,240,3室2厅,103103804060,2019-01-21,南,高楼层/共29层,毛坯,137平米
70年,6,钱塘新区高教园区西,32878元/平米,裕园公寓,1994年建/板楼,125,1室1厅,103104278958,2019-03-30,南,低楼层/共7层,平层/精装,38.02平米
70年,11,余杭翡翠城,38252元/平米,翡翠城一期,2008年建/板楼,700,4室2厅,103102892142,2018-09-10,东 南,高楼层/共10层,精装,183平米
70年,24,西湖嘉绿,36653元/平米,莲花港家园,2000年建/板楼,600,4室2厅,103102655072,2018-07-26,南,高楼层/共6层,精装,163.7平米
70年,0,钱塘新区沿江北,26611元/平米,多蓝水岸听涛苑,2007年建/塔楼,340,3室2厅,103104521326,2019-04-23,南,低楼层/共11层,平层/精装,127.77平米
70年,0,西湖转塘,36782元/平米,赞成岭上花苑,2009年建/板楼,330,2室1厅,103104843878,2019-05-26,南,中楼层/共17层,平层/精装,89.72平米
40年,20,余杭临平,17594元/平米,万宝城,2016年建/板楼,69,1室1厅,103104622485,2019-05-04,北,高楼层/共23层,跃层/精装,39.22平米
70年,17,临安临安,15119元/平米,越秀星汇城,2015年建/板楼,186,3室2厅,103103361940,2018-11-11,南 北,中楼层/共32层,平层/毛坯,123.03平米
70年,13,余杭翡翠城,31205元/平米,西溪华东园,2014年建/板楼,430,4室2厅,103102543655,2018-06-25,南 北,低楼层/共18层,精装,137.8平米
70年,9,西湖转塘,33573元/平米,中海定山府,2010年建/板楼,290,3室1厅,103104173387,2019-03-19,南,中楼层/共17层,平层/毛坯,86.38平米
70年,3,拱墅半山,37351元/平米,田园牧歌麓云苑,2015年建/板楼,520,3室2厅,103104409973,2019-04-13,南,低楼层/共15层,平层/毛坯,139.22平米
70年,14,西湖嘉绿,53211元/平米,世纪新城东区,2005年建/板楼,600,3室1厅,103104794515,2019-05-21,南 北,低楼层/共11层,平层/简装,112.76平米
70年,5,江干城东新城,48018元/平米,滨江德信东方星城,2018年建/板楼,430,3室2厅,103103109724,2018-10-14,南,低楼层/共17层,平层/简装,89.55平米
70年,4,余杭闲林,25214元/平米,复地上城,2014年建/板塔结合,295,3室1厅,103102977416,2018-09-22,南,高楼层/共16层,毛坯,117平米
70年,0,钱塘新区大学城北,24158元/平米,宋都东郡之星,2018年建/板楼,215,3室2厅,103104761791,2019-05-18,南,高楼层/共32层,平层/毛坯,89平米
50年,5,余杭未来科技城,37596元/平米,飞鸟客,未知年建/板楼,197,3室1厅,103104616013,2019-05-03,北,中楼层/共7层,跃层/精装,52.4平米
70年,33,萧山萧山新城区,44301元/平米,滨江江南之星,未知年建/暂无数据,398万元,3室2厅,103103969210,2019-02-26,南 北,高楼层/共9层,平层/毛坯,89.84平米
50年,19,萧山钱江世纪城,21933元/平米,港汇中心,2016年建/板楼,210,3室1厅,103103318686,2018-11-07,南,高楼层/共33层,精装,95.75平米
40年,13,萧山闻堰,18148元/平米,中粮云涛名苑,2015年建/板塔结合,95,1室1厅,103103067434,2018-10-08,南,中楼层/共21层,平层/精装,52.35平米
70年,36,萧山钱江世纪城,49124元/平米,滨江金色江南,2016年建/板塔结合,440,3室2厅,103104088187,2019-03-10,南,中楼层/共27层,平层/简装,89.57平米
70年,5,余杭闲林,27174元/平米,竹海水韵,2015年建/板楼,240,3室2厅,103104031173,2019-03-04,南,低楼层/共18层,平层/精装,88.32平米
70年,7,余杭良渚,30073元/平米,亿丰蔚蓝郡,2012年建/板楼,450,4室2厅,103102513637,2018-06-16,南,低楼层/共26层,平层/精装,149.64平米
40年,0,滨江浦沿,36187元/平米,积家,2014年建/板塔结合,145,1室1厅,103104462273,2019-04-17,东,中楼层/共22层,精装,40.07平米
70年,6,钱塘新区沿江北,31126元/平米,梦琴湾,2007年建/板楼,195,1室1厅,103103808555,2019-01-22,南,中楼层/共25层,平层/简装,62.65平米
70年,16,西湖申花,74286元/平米,耀江文鼎苑,2008年建/板楼,780,2室2厅,103102647392,2018-07-24,南,中楼层/共11层,平层/精装,105平米
70年,16,萧山钱江世纪城,34199元/平米,佳境天城佳合苑,2007年建/板楼,490,3室2厅,103102576163,2018-07-04,东 南 北,中楼层/共18层,毛坯,143.28平米
40年,2,钱塘新区沿江南,16872元/平米,世茂江滨商业中心,2011年建/板楼,70,1室1厅,103104749219,2019-05-17,南,高楼层/共28层,平层/精装,41.49平米
70年,49,余杭闲林,21057元/平米,爵士风情花园,2008年建/板楼,260,3室2厅,103102092468,2018-01-21,南 北,中楼层/共6层,平层/精装,123.48平米
70年,8,下城三塘,38040元/平米,三塘桂园,2000年建/板楼,260,2室1厅,103104292334,2019-03-31,南,中楼层/共6层,平层/简装,68.35平米
70年,22,西湖文一西路,49334元/平米,高教新村,2000年建/板楼,370,2室1厅,103104177407,2019-03-20,南,高楼层/共7层,平层/简装,75平米
70年,10,余杭临平,25671元/平米,世纪嘉园晴彩巴厘,未知/板楼,110,1室1厅,103102779386,2018-08-24,东南,低楼层/共18层,简装,42.85平米
70年,11,钱塘新区金沙湖,37500元/平米,龙湖滟澜山澜轩,2011年建/塔楼,690,4室2厅,103103062955,2018-10-07,南,低楼层/共7层,平层/简装,184平米
70年,18,江干九堡,999999元/平米,宋都阳光国际,2013年建/板塔结合,310,2室2厅,103102391268,2018-05-08,南 西 北,高楼层/共24层,平层/毛坯,86.96平米
70年,3,拱墅和睦,40223元/平米,庆隆苑,2004年建/板塔结合,210,2室1厅,103104750515,2019-05-17,南,中楼层/共5层,平层/简装,52.21平米
70年,3,上城复兴,50308 元/平米,民安苑,2002年建/板楼,188,2室0厅,103104784225,2019-05-20,南,高楼层/共6层,平层/简装,37.37平米
70年,2,余杭临平,21758元/平米,都市知音,未知年建/板楼,210,3室2厅,103104640202,2019-05-06,南,高楼层/共6层,平层/精装,96.52平米
70年,1,上城近江,50591元/平米,钱塘名都,2005年建/塔楼,780,3室2厅,103103944459,2019-02-23,南,中楼层/共20层,平层/精装,154.18平米
70年,49,江干丁桥,30604元/平米,中豪四季公馆,2011年建/塔楼,355,3室2厅,103103869827,2019-02-14,南 北,高楼层/共16层,平层/精装,116平米
70年,32,余杭临平,34856元/平米,绿城玉园,2016年建/塔楼,480,4室2厅,103102611499,2018-07-14,南,低楼层/共27层,平层/精装,137.71平米
70年,39,西湖学军,75634元/平米,邮电新村,1990年建/板楼,388,2室1厅,103101905249,2017-11-12,南,低楼层/共5层,平层/毛坯,51.3平米
70年,4,萧山萧山新城区,26125元/平米,开元加州阳光小区,2005年建/板楼,500,4室2厅,103103660395,2018-12-28,南,中楼层/共22层,平层/简装,191.39平米
70年,3,萧山义桥,24022元/平米,金域兰庭,2011年建/塔楼,310,3室2厅,103102358573,2018-04-28,东 南 北,高楼层/共18层,精装,129.05平米
70年,10,余杭闲林,27351元/平米,复地上城,2014年建/板楼,320,3室2厅,103102397851,2018-05-10,南 北,高楼层/共16层,平层/简装,117平米
70年,7,余杭临平,19077元/平米,世纪嘉园晴彩巴厘,2006年建/板楼,248,3室2厅,103103874790,2019-02-15,南,中楼层/共6层,平层/精装,130平米
70年,0,临安临安,14185元/平米,碧桂苑,未知年建/暂无数据,200,3室2厅,103104531950,2019-04-24,南,高楼层/共7层,精装,141平米
70年,17,下城武林,71295元/平米,西子铭苑,2006年建/塔楼,760,2室1厅,103103799442,2019-01-20,南,中楼层/共17层,平层/精装,106.6平米
70年,7,江干景芳,35435元/平米,中企艮山府,2015年建/板楼,1000,4室2厅,103102647954,2018-07-24,东 南 北,低楼层/共21层,毛坯,282.21平米
40年,1,萧山南部卧城,20689元/平米,南江商业中心,2016年建/板楼,95,2室1厅,103104689018,2019-05-11,北,高楼层/共25层,精装,45.92平米
70年,11,滨江西兴,39023元/平米,瑞立东方花城,2015年建/板楼,345,2室1厅,103104300607,2019-04-01,南,低楼层/共24层,简装,88.41平米
70年,2,萧山萧山市区,24765元/平米,馨星大厦,2000年建/板楼,100,1室0厅,103104773237,2019-05-19,西,中楼层/共17层,简装,40.38平米
70年,68,江干九堡,33878元/平米,丽江公寓,2009年建/塔楼,280,2室2厅,103103988516,2019-02-28,南,高楼层/共18层,平层/精装,82.65平米
70年,9,江干九堡,32981元/平米,大家多立方,2016年建/板楼,290,3室2厅,103103521522,2018-12-05,南,中楼层/共16层,平层/简装,87.93平米
70年,17,余杭闲林,23596元/平米,岸上蓝山,2012年建/板楼,265,3室2厅,103102751976,2018-08-18,南 北,高楼层/共6层,平层/毛坯,112.31平米
40年,4,江干丁桥,23500元/平米,置鼎明珠1号,2016年建/板楼,110,2室2厅,103103234782,2018-10-29,南,中楼层/共10层,跃层/精装,46.81平米
70年,11,西湖三墩,48728元/平米,金地自在城,2012年建/板楼,180,1室1厅,103102752951,2018-08-18,北,低楼层/共25层,精装,36.94平米
70年,5,余杭勾庄,29848元/平米,赞成美树,2013年建/板塔结合,415,5室2厅,103102456625,2018-05-29,南,高楼层/共32层,平层/精装,139.04平米
70年,6,钱塘新区沿江北,22858元/平米,多蓝水岸碧海苑,2007年建/塔楼,320,3室2厅,103103436981,2018-11-22,南,中楼层/共29层,平层/毛坯,140平米
70年,8,下城流水苑,38965元/平米,流水北苑,1996年建/板楼,152,1室1厅,103104607183,2019-05-02,西,高楼层/共7层,平层/简装,39.01平米
70年,1,江干采荷,64277元/平米,双菱新村,1985年建/板楼,208,2室0厅,103105039053,2019-06-15,南,低楼层/共6层,平层/简装,32.36平米
40年,5,西湖转塘,24805元/平米,钱江之江新天地,2016年建/板楼,190,4室1厅,103103172611,2018-10-20,南,高楼层/共6层,精装,76.6平米
70年,46,西湖良渚,29519元/平米,都市阳光嘉苑,2010年建/板楼,245,3室2厅,103102782057,2018-08-25,南,中楼层/共18层,简装,83平米
70年,37,上城复兴,39963元/平米,金棕榈花园,2003年建/板楼,645,4室2厅,103103223788,2018-10-27,南 北,低楼层/共8层,平层/精装,161.4平米
70年,5,拱墅湖墅,42122元/平米,叶青随苑,1999年建/板楼,220,1室1厅,103104029027,2019-03-04,东北,低楼层/共11层,平层/简装,52.23平米
70年,8,西湖申花,39153元/平米,首开国风美域,2016年建/板楼,340,3室2厅,103104416250,2019-04-13,南,高楼层/共32层,平层/简装,86.84平米
70年,5,江干丁桥,31947元/平米,玺之湾,2014年建/板楼,430,3室2厅,103103943056,2019-02-23,南,高楼层/共11层,平层/精装,134.6平米
70年,6,江干九堡,41045元/平米,远洋心里,2014年建/塔楼,360,3室2厅,103104405349,2019-04-12,东,中楼层/共11层,平层/精装,87.71平米
40年,11,余杭临平,16471元/平米,华元欢乐城,2016年建/板塔结合,112,2室1厅,103103341351,2018-11-09,西,高楼层/共19层,平层/简装,68平米
70年,30,余杭临平,19327元/平米,新大地,未知年建/暂无数据,282,3室2厅,103101528181,2017-07-21,东南,中楼层/共7层,平层/精装,145.91平米
70年,1,余杭闲林,20198元/平米,赞成乐山红叶,2014年建/板楼,260,4室2厅,103104262728,2019-03-28,南,中楼层/共20层,平层/精装,128.73平米
70年,4,余杭临平,30556元/平米,雍熙山庄,2013年建/板楼,275,3室2厅,103104230958,2019-03-25,南,高楼层/共17层,平层/精装,90平米
70年,0,临安临安,15385元/平米,宝亿御景园,未知年建/暂无数据,200,3室2厅,103104559068,2019-04-27,南 北,高楼层/共11层,精装,130平米
70年,9,西湖文三西路,39924元/平米,金欣公寓,1998年建/板楼,460,4室2厅,103102266923,2018-03-30,南,低楼层/共6层,平层/简装,115.22平米
70年,39,江干九堡,32359元/平米,新江花园,2007年建/板楼,260,2室2厅,103102923349,2018-09-15,南,中楼层/共10层,精装,80.35平米
70年,5,萧山萧山开发区,21164元/平米,明华明辉花园,2002年建/板楼,350,4室2厅,103102934149,2018-09-18,东 南 北,高楼层/共18层,平层/精装,165.38平米
70年,35,临安临安,13840元/平米,翠紫苑,2013年建/板楼,155,3室2厅,103104025046,2019-03-04,南,高楼层/共7层,平层/精装,112平米
40年,1,余杭翡翠城,29214元/平米,华元西溪欢乐城,2017年建/板楼,130,2室1厅,103102940843,2018-09-19,东南 南,中楼层/共14层,平层/精装,44.5平米
70年,4,拱墅申花,41791元/平米,丽晶湾,2014年建/板楼,450,3室2厅,103102663426,2018-07-28,南,高楼层/共22层,精装,107.68平米
70年,13,,21979元/平米,世纪嘉园晴彩巴厘,2006年建/板楼,100,1室1厅,103104596169,2019-05-01,北,中楼层/共18层,平层/简装,45.5平米
70年,9,余杭临平,23620元/平米,众安理想湾,2015年建/板楼,248,3室2厅,103103573044,2018-12-14,南,中楼层/共33层,平层/精装,105平米
70年,67,江干采荷,54385元/平米,双菱新村,1985年建/板楼,320,2室1厅,103102420474,2018-05-17,南,低楼层/共6层,平层/精装,58.84平米
70年,5,西湖三墩,37885元/平米,协安紫郡,2016年建/板楼,530,3室2厅,103104222464,2019-03-24,南 北,高楼层/共18层,平层/毛坯,139.9平米
70年,0,拱墅信义坊,60149元/平米,绿城西子紫兰公寓,2012年建/板楼,873,4室2厅,103104769576,2019-05-19,南,低楼层/共16层,平层/毛坯,145.14平米
70年,12,临安临安,16438元/平米,越秀星汇城,未知年建/板楼,195,4室2厅,103104808678,2019-05-23,南,低楼层/共33层,平层/简装,118.63平米
70年,0,临安临安,13802元/平米,越秀星汇城,2015年建/板楼,315,4室2厅,103104188516,2019-03-21,南,中楼层/共31层,平层/毛坯,228.24平米
70年,10,下城长庆,42867元/平米,青春坊,1998年建/板楼,250,2室1厅,103104813816,2019-05-23,南 北,高楼层/共7层,平层/毛坯,58.32平米
70年,18,上城望江,41667元/平米,望江新园二园,2010年建/板楼,625,3室2厅,103101946151,2017-11-27,南,低楼层/共21层,平层/毛坯,150平米
70年,1,萧山钱江世纪城,48361元/平米,万和国际,2014年建/板楼,475,3室1厅,103102897847,2018-09-11,南,高楼层/共32层,精装,98.22㎡
70年,30,江干九堡,27893元/平米,蓝桥景苑,2009年建/板楼,250,2室1厅,103104206393,2019-03-23,南 北,高楼层/共15层,平层/简装,89.63平米
70年,20,余杭三墩,24194元/平米,铭雅苑东区,2004年建/板楼,300,3室2厅,103102906542,2018-09-13,南,高楼层/共6层,简装,124平米
70年,1,临安临安,18540元/平米,越秀星汇城,未知年建/板楼,165,3室2厅,103103370459,2018-11-12,南 北,中楼层/共28层,简装,89平米
70年,7,拱墅湖墅,34826元/平米,圣都公寓,2000年建/塔楼,700,5室3厅,103103254181,2018-10-31,南,高楼层/共15层,简装,201平米
70年,37,余杭西溪,47835元/平米,大华西溪风情,未知年建/暂无数据,920,4室2厅,103103052054,2018-10-05,南 北,低楼层/共3层,精装,192.33平米
70年,102,余杭塘栖,19463元/平米,景丽华庭,2011年建/暂无数据,181,2室2厅,103101335312,2017-05-23,南 北,中楼层/共11层,平层/毛坯,93平米
70年,20,西湖古荡,41890元/平米,亚洲城花园,1998年建/塔楼,400,3室2厅,103101685432,2017-09-03,南,中楼层/共6层,简装,95.49平米
40年,2,钱塘新区高教园区东,20924元/平米,宝龙城市广场,2014年建/板楼,92,3室1厅,103103104885,2018-10-14,北,低楼层/共23层,精装,43.97平米
40年,0,钱塘新区金沙湖,17902元/平米,金沙国际,2016年建/塔楼,87,1室1厅,103104089701,2019-03-10,北,低楼层/共26层,简装,48.6平米
70年,10,余杭临平,17067元/平米,邱山小区,2008年建/板楼,172,3室2厅,103103983806,2019-02-27,南,低楼层/共7层,平层/简装,100.78平米
70年,0,临安临安,16637元/平米,公园城,未知年建/塔楼,183,3室2厅,103103824157,2019-01-25,南 北,高楼层/共13层,平层/毛坯,110平米
50年,10,余杭塘栖,16788元/平米,万盛商贸城公寓,2016年建/板楼,65,2室1厅,103103801316,2019-01-20,北,低楼层/共16层,跃层/精装,38.72平米
40年,18,江干华家池,21636元/平米,同方国际,2000年建/板楼,95,1室1厅,103103513528,2018-12-04,南 西南,中楼层/共28层,平层/精装,43.91平米
70年,45,西湖三墩,34703元/平米,紫金港湾,2007年建/板楼,332,2室1厅,103102311189,2018-04-13,南,低楼层/共17层,平层/毛坯,95.67平米
70年,10,江干九堡,36917元/平米,丽江公寓,2009年建/塔楼,330,3室2厅,103104447512,2019-04-16,南,中楼层/共23层,平层/精装,89.39平米
70年,54,余杭闲林,18005元/平米,爵士风情花园,2008年建/板楼,340,5室2厅,103103701771,2019-01-05,南,高楼层/共6层,跃层/精装,188.84平米
70年,3,上城复兴,45178元/平米,复兴南苑,1998年建/板楼,215,2室1厅,103104833289,2019-05-25,南,低楼层/共7层,平层/毛坯,47.59平米
70年,38,钱塘新区沿江南,27838元/平米,金隅观澜时代天筑,2013年建/塔楼,365,3室2厅,103102634452,2018-07-20,南 北,高楼层/共37层,平层/精装,131.12平米
70年,3,余杭临平,25684元/平米,钱塘梧桐蓝山,2011年建/板楼,230,2室1厅,103104561631,2019-04-27,南,高楼层/共24层,平层/简装,89.55平米
70年,15,钱塘新区沿江南,27785元/平米,世茂江滨花园峻景湾,2011年建/塔楼,248,3室1厅,103104758235,2019-05-17,南,低楼层/共29层,平层/精装,89.26平米
70年,2,余杭良渚,26347元/平米,天阳棕榈湾二期,2004年建/板楼,250,2室1厅,103103382196,2018-11-14,南,高楼层/共9层,平层/简装,94.89平米
70年,10,余杭临平,18956元/平米,东安景苑,2000年建/板楼,225,3室2厅,103102555411,2018-06-29,南,高楼层/共17层,平层/精装,118.7平米
70年,7,余杭良渚,33312元/平米,东田玉城,2008年建/板楼,300,3室2厅,103102402692,2018-05-11,南,低楼层/共11层,平层/精装,90.06平米
70年,20,江干丁桥,31848元/平米,中豪四季公馆,2011年建/塔楼,500,4室2厅,103102082178,2018-01-17,南 北,高楼层/共15层,平层/精装,157平米
70年,7,钱塘新区金沙湖,41257元/平米,龙湖滟澜山丽轩一期,2010年建/板楼,720,3室2厅,103104411488,2019-04-13,南 北,低楼层/共7层,跃层/精装,174.52平米
70年,0,临安临安,15761元/平米,宝亿御景园,未知年建/暂无数据,145,3室2厅,103104758767,2019-05-18,南 北,低楼层/共6层,精装,92平米
70年,7,下城体育场路,40000元/平米,水星阁,1998年建/板楼,400,2室2厅,103102792871,2018-08-27,南 北,中楼层/共25层,平层/简装,100平米
70年,40,钱塘新区高教园区东,31891元/平米,保利江语海,2010年建/塔楼,653,5室2厅,103102651228,2018-07-25,东南,高楼层/共33层,平层/毛坯,204.76平米
40年,7,滨江滨江区政府,32259元/平米,金铂湾,2016年建/板楼,200,1室1厅,103104037900,2019-03-05,东南,高楼层/共24层,平层/精装,62平米
70年,2,江干丁桥,35899元/平米,,2015年建/板楼,320,3室2厅,103104624055,2019-05-04,南,中楼层/共16层,平层/简装,89.14平米
70年,34,滨江浦沿,35123元/平米,金盛曼城,2010年建/板楼,299,2室1厅,103102662364,2018-07-28,南,低楼层/共27层,简装,85.13平米
70年,43,余杭临平,17187元/平米,东方俊园,2004年建/板楼,355,4室2厅,103102385657,2018-05-06,南,高楼层/共11层,精装,206.56平米
70年,57,拱墅三墩,39326元/平米,阳光郡,2014年建/板楼,350,3室2厅,103103084658,2018-10-10,南 西,中楼层/共28层,平层/精装,89平米
70年,2,江干九堡,44248元/平米,泊林印象,2013年建/板楼,720,3室2厅,103105001696,2019-06-11,南,中楼层/共17层,平层/精装,162.72平米
70年,11,江干九堡,30556元/平米,香滨湾花园,2008年建/板楼,550,4室2厅,103104607726,2019-05-02,南,中楼层/共15层,平层/精装,180平米
70年,4,西湖翠苑,46417元/平米,明珠公寓,1997年建/板楼,340,2室1厅,103104099152,2019-03-12,南,中楼层/共5层,平层/简装,73.25平米
70年,105,下城石桥,29015元/平米,北景园月桂苑,2006年建/板楼,260,3室2厅,103102670885,2018-07-30,南,中楼层/共5层,平层/简装,89.61平米
70年,16,萧山西兴,47394元/平米,阳光城上府,未知年建/板楼,420,3室2厅,103102449252,2018-05-26,南 北,中楼层/共34层,平层/毛坯,88.62平米
40年,1,萧山奥体,26166元/平米,众安嘉润公馆,2014年建/板楼,170,1室1厅,103104118159,2019-03-14,东南,低楼层/共30层,平层/精装,64.97平米
70年,3,萧山义桥,39456元/平米,南岸花城,2010年建/板塔结合,580,4室2厅,103103069677,2018-10-08,南,低楼层/共1层,精装,147平米
40年,0,江干火车东站,55022元/平米,恒祺克拉天玺,2018年建/板塔结合,189,2室2厅,103104042388,2019-03-05,南,高楼层/共15层,精装,34.35平米
70年,4,西湖文教,45106元/平米,莫干山路,1996年建/板楼,300,3室1厅,103103052469,2018-10-05,南,中楼层/共5层,精装,66.51平米
70年,2,萧山萧山新城区,36754元/平米,顺发堤香,2013年建/板楼,500,3室2厅,103104623991,2019-05-04,南 北,高楼层/共27层,平层/精装,136.04平米
70年,1,余杭良渚,27911元/平米,良渚文化村七贤郡,2014年建/板塔结合,240,3室1厅,103105001030,2019-06-11,南,高楼层/共6层,平层/精装,85.99平米
70年,8,余杭翡翠城,30181 元/平米,西溪华东园,2014年建/板楼,418,3室2厅,103104531102,2019-04-24,南 北,低楼层/共17层,平层/精装,138.5平米
40年,0,钱塘新区金沙湖,22620元/平米,绿城财通中心,2014年建/板楼,95,1室1厅,103103481094,2018-11-29,北,中楼层/共24层,精装,42平米
70年,8,拱墅大关,36821元/平米,大关东四苑,1994年建/板楼,233,2室2厅,103104947229,2019-06-05,南,中楼层/共7层,平层/简装,63.28平米
40年,8,余杭临平,18182元/平米,华元欢乐城,2016年建/板楼,60,1室1厅,103104160625,2019-03-18,南,高楼层/共37层,平层/简装,33平米
70年,0,临安临安,16611元/平米,吴越人家南区,未知年建/板楼,245,3室2厅,103104529967,2019-04-24,南,中楼层/共7层,精装,147.5平米
70年,16,余杭翡翠城,33449元/平米,翡翠城二期,2010年建/板塔结合,300,2室2厅,103103943167,2019-02-23,南,低楼层/共18层,平层/精装,89.69平米
70年,4,余杭闲林,20844元/平米,闲林山水木兰苑,2006年建/板楼,300,4室2厅,103103917949,2019-02-20,西南,低楼层/共5层,平层/精装,143.93平米
70年,8,拱墅湖墅,40630元/平米,左家新村,1996年建/塔楼,320,2室1厅,103102736776,2018-08-15,南,低楼层/共20层,平层/精装,78.76平米
70年,7,拱墅德胜,42198元/平米,盛德嘉苑,2002年建/板楼,560,3室2厅,103104298833,2019-04-01,南 北,低楼层/共14层,平层/精装,132.71平米
70年,7,余杭未来科技城,23780元/平米,小城之春花苑,2007年建/板楼,225,2室2厅,103102978585,2018-09-22,南,低楼层/共6层,平层/简装,94.62平米
70年,21,余杭闲林,27200元/平米,闲林山水紫薇苑,2009年建/板楼,340,3室2厅,103101344056,2017-05-25,南,低楼层/共18层,毛坯,125平米
70年,16,江干城东新城,38972元/平米,淮矿东元府,未知年建/板楼,350,3室2厅,103102458934,2018-05-30,南 北,高楼层/共22层,平层/毛坯,89.81平米
40年,38,萧山奥体,27977元/平米,众安嘉润公馆,2014年建/板楼,188,1室1厅,103103101315,2018-10-13,南,中楼层/共30层,平层/精装,67.2平米
70年,14,西湖申花,64862元/平米,冠苑小区,2012年建/板楼,570,2室1厅,103104336258,2019-04-05,南,低楼层/共9层,平层/毛坯,87.88平米
70年,2,余杭崇贤,22138元/平米,锦昌年华,2009年建/暂无数据,290,3室2厅,103104681147,2019-05-10,南,高楼层/共14层,平层/精装,131平米
70年,47,江干三里亭,35684元/平米,秋涛北路322号,1998年建/板楼,210,2室1厅,103103076081,2018-10-09,南 北,低楼层/共7层,平层/毛坯,9平米
70年,1,西湖转塘,37963元/平米,融创瑷骊山,2014年建/板楼,820万元,4室2厅,103102834327,2018-09-03,东 南 北,中楼层/共8层,精装,216平米
70年,0,江干笕桥,44604元/平米,万科公园大道,2016年建/板楼,400,3室2厅,103104987269,2019-06-10,南,低楼层/共17层,平层/精装,89.68平米
70年,4,萧山闻堰,30860元/平米,中粮云涛名苑,2015年建/板塔结合,430,4室2厅,103103058385,2018-10-06,南 北,低楼层/共27层,平层/简装,139.34平米
70年,8,下城建国北路,37969元/平米,体育场路2-70号,1990年建/板楼,243,2室1厅,103103084848,2018-10-10,南 北,高楼层/共5层,平层/精装,64平米
70年,1,滨江长河,35347元/平米,南岸晶都花园,2007年建/板楼,415,2室2厅,103104928451,2019-06-04,南,高楼层/共18层,平层/精装,117.41平米
70年,2,钱塘新区沿江南,29893元/平米,保利玫瑰湾,2013年建/板楼,320,3室2厅,103104607791,2019-05-02,东 南,高楼层/共34层,平层/精装,107.05平米
70年,0,余杭临平,24138元/平米,东海花园,1999年建/板楼,182,2室1厅,103105011759,2019-06-12,南,中楼层/共6层,平层/精装,75.4平米
70年,32,西湖嘉绿,46094元/平米,嘉绿青苑,2007年建/板塔结合,420,3室1厅,103104139714,2019-03-16,南 西,低楼层/共24层,平层/简装,91.12平米
70年,14,拱墅申花,50083元/平米,雍荣华庭,2017年建/板楼,365,2室1厅,103102819806,2018-09-01,南,高楼层/共30层,简装,72.88平米
40年,11,钱塘新区金沙湖,19654元/平米,绿城财通中心,2014年建/板楼,84,1室1厅,103103969529,2019-02-26,北,高楼层/共24层,平层/精装,42.74平米
70年,0,滨江浦沿,44597元/平米,钱江湾花园,2003年建/板楼,260,1室1厅,103104775570,2019-05-19,南,低楼层/共16层,平层/简装,58.3平米
70年,2,下城流水苑,41598元/平米,打铁关路,1995年建/板塔结合,225,2室1厅,103102009761,2017-12-20,南 北,低楼层/共6层,平层/毛坯,54.09平米
70年,4,西湖三墩,42463元/平米,金地自在城,2012年建/板楼,380,3室2厅,103104777672,2019-05-20,南 北,中楼层/共26层,精装,89.49平米
70年,12,西湖九莲,38838元/平米,教工路52号,2005年建/板楼,310,2室2厅,103103941025,2019-02-22,西北,高楼层/共12层,平层/简装,79.82平米
70年,0,江干九堡,34607元/平米,郡原九润公寓,2013年建/板楼,308,3室2厅,103104719791,2019-05-14,南,高楼层/共12层,简装,89平米
70年,1,萧山义桥,24337元/平米,金域三江,2009年建/板塔结合,230,2室1厅,103104882729,2019-05-30,南 北,低楼层/共32层,平层/精装,94.51平米
70年,7,江干南肖埠,42915元/平米,华家池,1988年建/板楼,215,2室1厅,103102652641,2018-07-25,南,高楼层/共6层,平层/简装,50.1平米
40年,12,余杭未来科技城,29091元/平米,欧美金融城,2017年建/板楼,160,2室1厅,103102696706,2018-08-05,南,高楼层/共23层,精装,55平米
70年,0,临安临安,18345元/平米,绿城桃李春风,未知年建/板楼,1200,6室2厅,103103812595,2019-01-22,南,独栋/共2层,毛坯,654.15平米
70年,15,上城雄镇楼,49057元/平米,金都华府,2007年建/板塔结合,1300,6室3厅,103090119263,2015-08-22,南,中楼层/共16层,跃层/简装,265平米
70年,6,余杭临平,26030元/平米,赞成首府,2017年建/板楼,230,3室0厅,103103705873,2019-01-05,南,低楼层/共26层,平层/简装,88.36平米
70年,4,拱墅拱宸桥,36224元/平米,荣华里,1985年建/板楼,160,1室1厅,103104801310,2019-05-22,南,低楼层/共4层,平层/简装,44.17平米
70年,23,余杭临平,19166元/平米,众安理想湾,2016年建/板楼,270,3室2厅,103103281281,2018-11-03,南,高楼层/共34层,平层/精装,140.88平米
70年,51,临安临安,17703元/平米,大园新城南区,2018年建/板楼,135,2室2厅,103103519120,2018-12-05,南,高楼层/共26层,平层/毛坯,76.26平米
70年,42,余杭三墩,37215元/平米,亲亲家园一期,2006年建/板楼,800,6室2厅,103104123563,2019-03-14,南,中楼层/共5层,精装,214.97平米
70年,1,滨江奥体,57955元/平米,绿地旭辉城,2017年建/板楼,510,3室2厅,103104845844,2019-05-27,南,低楼层/共47层,平层/精装,88平米
70年,30,下城建国北路,38125元/平米,树园,1990年建/板楼,148,1室1厅,103104640771,2019-05-06,南 北,高楼层/共7层,平层/精装,38.82平米
50年,12,滨江滨江区政府,23469元/平米,星光国际公馆,2012年建/板楼,172,2室1厅,103104834434,2019-05-25,西,中楼层/共26层,平层/精装,73.29平米
70年,27,下城建国北路,43321元/平米,树园,1990年建/板楼,215,2室1厅,103102533018,2018-06-22,南,低楼层/共7层,平层/简装,49.63㎡
70年,5,西湖西溪,50506元/平米,西溪蝶园二期,2012年建/板楼,1000,4室2厅,103104840458,2019-05-26,东南 南,低楼层/共15层,平层/精装,198平米
70年,10,余杭勾庄,36159元/平米,万科杭宸,未知年建/板楼,465,4室2厅,103104196269,2019-03-21,南 北,低楼层/共16层,平层/精装,128.6平米
70年,0,江干丁桥,45433元/平米,新城红郡,2017年建/暂无数据,850,4室2厅,103104897177,2019-06-01,南,联排/共3层,跃层/毛坯,187.09平米
70年,25,拱墅湖墅,46297元/平米,武林公寓,1997年建/板楼,500,3室2厅,103103350985,2018-11-09,南,中楼层/共7层,平层/精装,108平米
70年,4,江干城东新城,62922元/平米,德信大家钱江府,2017年建/板楼,560,3室2厅,103104517927,2019-04-23,南 北,高楼层/共18层,平层/精装,89平米
70年,5,余杭塘栖,18917元/平米,野风启城,2016年建/板楼,170,3室1厅,103104779211,2019-05-20,南,高楼层/共27层,平层/精装,89.87平米
70年,40,拱墅申花,51146元/平米,雍荣华庭,2017年建/板楼,460,3室2厅,103102627566,2018-07-18,南,高楼层/共29层,平层/精装,89.94平米
40年,46,江干钱江新城,26564元/平米,钱塘航空大厦,2012年建/塔楼,296,2室1厅,103101868441,2017-10-31,西南,高楼层/共37层,平层/精装,111.43平米
70年,0,西湖西溪,49762元/平米,坤和和家园,2013年建/板楼,1190,5室2厅,103104811665,2019-05-23,南 北,高楼层/共13层,复式/精装,239.14平米
70年,8,江干火车东站,40676元/平米,红街公寓,2010年建/板楼,530,3室2厅,103104234252,2019-03-25,南,低楼层/共18层,平层/精装,130.3平米
50年,63,余杭未来科技城,17991元/平米,盛奥西溪铭座,2014年建/板塔结合,145,2室1厅,103102003612,2017-12-17,东 南,低楼层/共12层,平层/精装,80.6平米
70年,4,滨江彩虹城,49701元/平米,国信嘉园,2006年建/板楼,830,4室2厅,103104106792,2019-03-12,南,低楼层/共18层,平层/精装,167平米
70年,10,西湖文一西路,54826元/平米,嘉南公寓影池居,2003年建/板楼,680,3室2厅,103102892976,2018-09-10,南,中楼层/共6层,平层/精装,124.03平米
70年,0,临安临安,17119元/平米,青山鹤岭,2013年建/板楼,206,3室2厅,103103804252,2019-01-21,南,中楼层/共11层,毛坯,120.34平米
70年,1,,41306元/平米,永康苑,1998年建/板楼,500,3室2厅,103104657810,2019-05-07,南,高楼层/共7层,平层/简装,121.05平米
70年,0,江干九堡,36622元/平米,宋都阳光国际,2013年建/板塔结合,320,2室1厅,103104694308,2019-05-11,南,高楼层/共24层,平层/简装,87.38平米
70年,50,萧山萧山新城区,26109元/平米,开元加州阳光小区,2005年建/板楼,500,4室2厅,103101932594,2017-11-23,西南,高楼层/共24层,平层/精装,191.51平米
70年,34,钱塘新区沿江北,25042元/平米,梦琴湾,2007年建/板楼,320,3室2厅,103101904819,2017-11-12,南,低楼层/共28层,平层/精装,127.79平米
50年,45,余杭未来科技城,31639元/平米,西溪八方城,2015年建/板楼,135,2室2厅,103104061743,2019-03-07,西,中楼层/共12层,跃层/精装,42.67平米
70年,2,余杭闲林,22688元/平米,绿城桃源小镇,2014年建/板楼,310,4室2厅,103104418254,2019-04-14,西,高楼层/共33层,平层/精装,136.64平米
70年,24,上城潮鸣,35822元/平米,叶家弄,1989年建/板楼,203,2室1厅,103104465886,2019-04-18,南,高楼层/共7层,平层/简装,56.67平米
70年,5,余杭未来科技城,14792元/平米,杉杉恒和依山郡,2013年建/板楼,71,1室1厅,103103499874,2018-12-02,东南,中楼层/共12层,平层/精装,48平米
70年,5,余杭闲林,22926元/平米,新西湖小镇,2012年建/板楼,210,3室2厅,103104576981,2019-04-29,南,中楼层/共11层,平层/精装,91.6平米
70年,55,西湖古荡,41285元/平米,黄龙公寓,1999年建/板楼,450,3室2厅,103100943242,2017-02-04,南,中楼层/共5层,精装,109平米
70年,1,余杭临平,23127元/平米,华鼎豪园,2003年建/板楼,528,5室2厅,103105023444,2019-06-13,南,高楼层/共11层,跃层/精装,228.31平米
70年,3,拱墅信义坊,43609元/平米,文一路38弄,1985年建/板楼,320,3室1厅,103102415117,2018-05-15,南 北,高楼层/共5层,平层/毛坯,73.38平米
40年,6,钱塘新区高教园区西,16763元/平米,福雷德广场艾肯金座,2010年建/板楼,70,1室1厅,103103167264,2018-10-19,北,低楼层/共30层,平层/简装,41.76平米
70年,0,临安临安,14961元/平米,青山鹤岭,2013年建/板楼,190,3室2厅,103104382052,2019-04-10,东南,高楼层/共11层,简装,127平米
70年,3,钱塘新区沿江北,26682元/平米,野风海天城,2008年建/板楼,265,2室2厅,103104278730,2019-03-30,南,高楼层/共29层,平层/简装,99.32平米
70年,12,江干丁桥,30374元/平米,丁桥家苑,2008年建/板楼,315,3室2厅,103103125155,2018-10-15,南,中楼层/共6层,平层/精装,103.71平米
70年,6,江干景芳,44623元/平米,景芳一区,1993年建/板楼,212,2室0厅,103104324499,2019-04-04,南,中楼层/共7层,平层/精装,47.51平米
70年,38,江干九堡,35558元/平米,汇隆风林公寓,2009年建/板楼,210,2室1厅,103103934655,2019-02-22,南,中楼层/共16层,平层/简装,59.06平米
40年,0,余杭临平,15503元/平米,浙商开元名都祺寓,2016年建/板楼,105,1室1厅,103104601405,2019-05-01,西南,中楼层/共26层,精装,67.73平米
70年,40,钱塘新区金沙湖,38844元/平米,龙湖滟澜山丽轩一期,2011年建/板楼,465,3室2厅,103102977714,2018-09-22,南,中楼层/共13层,平层/毛坯,119.71平米
70年,120,余杭临平,15185元/平米,华惠家园,2005年建/板楼,175,2室2厅,103102413085,2018-05-14,南 北,高楼层/共16层,平层/毛坯,115.25平米
70年,25,萧山萧山市区,29671元/平米,南市花园,2004年建/板楼,405,5室3厅,103101724411,2017-09-14,南,高楼层/共5层,简装,136.5平米
70年,5,江干采荷,62819元/平米,采荷小区红菱邨,1988年建/板楼,185,1室0厅,103103625342,2018-12-22,南,中楼层/共7层,简装,29.45平米
70年,19,滨江奥体,56691元/平米,龙湖春江彼岸,2015年建/板楼,780,4室2厅,103103570330,2018-12-13,南 北,中楼层/共33层,平层/简装,137.59平米
70年,15,滨江西兴,33094元/平米,温兴风情苑,2007年建/板楼,460,3室2厅,103102307194,2018-04-12,南 北,高楼层/共17层,平层/简装,139平米
70年,15,余杭临平,18164元/平米,星火小区,2000年建/板楼,125,2室1厅,103104851729,2019-05-27,南,高楼层/共7层,平层/简装,68.82平米
40年,2,钱塘新区沿江南,15135元/平米,金隅空港公馆,2017年建/板楼,79,1室0厅,103103997399,2019-03-01,东 南,中楼层/共21层,平层/精装,52.2平米
70年,2,拱墅和睦,45879元/平米,庆隆苑,2004年建/板塔结合,300,2室2厅,103104187963,2019-03-21,东 南 北,低楼层/共18层,平层/简装,65.39平米
70年,0,临安临安,27744元/平米,锦绣钱塘,未知年建/板楼,1000,5室2厅,103104733080,2019-05-15,南,独栋/共3层,毛坯,360.44平米
70年,14,上城南星,63372元/平米,赞成林风映水苑,2009年建/塔楼,950,3室2厅,103104425201,2019-04-14,南,中楼层/共31层,平层/精装,149.91平米
70年,4,余杭翡翠城,32733元/平米,西溪华东园,2014年建/板楼,450,4室2厅,103104640133,2019-05-06,南 北,中楼层/共18层,平层/精装,137.48平米
70年,15,江干九堡,29786元/平米,金雅苑社区,2011年建/板楼,265,3室2厅,103104730731,2019-05-15,南,中楼层/共14层,平层/毛坯,88.97平米
70年,3,西湖文三西路,37765元/平米,康乐新村,1996年建/板楼,302,3室1厅,103104790289,2019-05-21,南,高楼层/共7层,平层/简装,79.97平米
70年,0,临安临安,14961元/平米,吴越山庄,未知年建/暂无数据,190,3室2厅,103104811219,2019-05-23,南 北,中楼层/共6层,平层/毛坯,127平米
70年,52,拱墅大关,35649元/平米,大关西四苑,1995年建/板楼,270,3室2厅,103104193443,2019-03-21,南,高楼层/共6层,跃层/简装,75.74平米
40年,6,江干火车东站,19575元/平米,红街天城公寓,2012年建/板楼,162,2室1厅,103104687109,2019-05-10,东 西,低楼层/共18层,平层/简装,82.76平米
70年,8,拱墅拱宸桥,34950元/平米,两宜里,1989年建/板楼,235,2室1厅,103103076998,2018-10-09,南,中楼层/共5层,平层/毛坯,67.24平米
70年,13,萧山钱江世纪城,55129元/平米,滨江金色江南,2016年建/板塔结合,645,4室2厅,103104545044,2019-04-26,南 北,高楼层/共27层,简装,117平米
70年,3,余杭闲林,22995 元/平米,新明半岛,2014年建/板塔结合,570,4室3厅,103101943866,2017-11-26,南,高楼层/共12层,精装,247.89平米
70年,0,西湖三墩,41819元/平米,兰韵天城,2000年建/板楼,230,1室1厅,103103682748,2019-01-02,南,中楼层/共10层,精装,55平米
40年,81,滨江白马湖,20000元/平米,长河商厦,2010年建/板楼,102,2室2厅,103103047099,2018-10-04,南,中楼层/共8层,简装,51平米
70年,3,钱塘新区大学城北,30435元/平米,宋都东郡之星,2019年建/板楼,210,2室2厅,103104402121,2019-04-12,南,高楼层/共31层,平层/简装,69平米
70年,46,下城流水苑,40120元/平米,施家花园,1997年建/板楼,295,2室2厅,103102306016,2018-04-11,南 北,高楼层/共7层,平层/简装,73.53平米
70年,0,临安临安,16451元/平米,青山鹤岭,2013年建/板楼,150,3室2厅,103104477775,2019-04-19,南,低楼层/共11层,毛坯,91.18平米
50年,0,滨江滨江区政府,27038元/平米,星光国际公馆,2012年建/板楼,140,1室1厅,103104186369,2019-03-20,东,高楼层/共26层,平层/其他,51.78平米
70年,16,余杭翡翠城,36367元/平米,翡翠城二期,2013年建/板塔结合,450,3室2厅,103102749486,2018-08-18,南 北,高楼层/共16层,平层/简装,123.74平米
70年,47,余杭勾庄,30943元/平米,逸居城,2010年建/板楼,270,2室2厅,103102604726,2018-07-12,南 北,低楼层/共11层,平层/精装,87.26平米
70年,8,萧山萧山市区,32259元/平米,高桥小区,1995年建/板楼,140,1室1厅,103104083163,2019-03-10,南,高楼层/共5层,平层/精装,43.4平米
70年,59,萧山钱江世纪城,54140元/平米,滨江金色江南,2016年建/板塔结合,480,3室2厅,103101582140,2017-08-05,南,低楼层/共27层,平层/简装,88.66平米
70年,4,西湖文一西路,43870元/平米,南都花园一区,1996年建/板楼,302,2室1厅,103104689082,2019-05-11,南,高楼层/共7层,简装,68.84平米
70年,14,西湖嘉绿,45093元/平米,嘉绿西苑,2000年建/板楼,735,5室2厅,103102492948,2018-06-09,东南 南,高楼层/共5层,复式/简装,163平米
70年,3,滨江奥体,58427元/平米,龙湖春江彼岸,2015年建/板楼,520,3室2厅,103104859214,2019-05-28,南,低楼层/共33层,平层/简装,89平米
70年,141,萧山萧山市区,31810元/平米,高桥小区,1995年建/板楼,190,2室2厅,103102387396,2018-05-07,南,低楼层/共6层,平层/精装,59.73平米
70年,19,江干九堡,35145元/平米,宋都阳光国际,2013年建/板塔结合,295,2室2厅,103103057978,2018-10-06,南,中楼层/共20层,平层/精装,83.94平米
70年,14,拱墅拱宸桥,36182元/平米,崇盛里,未知年建/板楼,210,2室1厅,103104456716,2019-04-17,南,高楼层/共6层,平层/精装,58.04平米
70年,2,萧山钱江世纪城,27101元/平米,恒泰御庭园,1999年建/板楼,400,3室2厅,103104575978,2019-04-29,南,低楼层/共6层,平层/精装,147.6平米
40年,4,滨江西兴,35207元/平米,兴耀鑫都汇,2016年建/板楼,280,3室2厅,103103029924,2018-09-30,南,中楼层/共20层,简装,79.53平米
70年,9,余杭翡翠城,28777元/平米,华元蒙卡岸,2012年建/板楼,380,3室2厅,103102272219,2018-04-01,南 北,中楼层/共14层,平层/简装,132.05平米
70年,0,临安临安,17588元/平米,越秀星汇城,未知年建/板楼,250,3室2厅,103104754683,2019-05-17,北 东南,中楼层/共28层,平层/毛坯,142.15平米
70年,0,临安临安,23586元/平米,绿野清风,未知年建/板塔结合,900,5室2厅,103104178747,2019-03-20,南,独栋/共3层,毛坯,381.59平米
70年,43,西湖黄龙,54572元/平米,铁路新村,1985年建/板楼,388,2室2厅,103102169202,2018-03-03,南 北,中楼层/共4层,平层/简装,71.1平米
70年,9,西湖西溪,42459元/平米,西溪晴雪,2012年建/板楼,380,3室2厅,103103640107,2018-12-25,南,高楼层/共6层,平层/毛坯,89.5平米
70年,10,西湖文三西路,48157元/平米,丹桂公寓,1997年建/板楼,367,2室1厅,103103998638,2019-03-01,南,高楼层/共5层,简装,76.21平米
70年,2,余杭闲林,24212元/平米,庭院深深,2012年建/板楼,330,3室2厅,103104751816,2019-05-17,东南,中楼层/共16层,平层/精装,136.3平米
70年,12,江干南肖埠,43410元/平米,南肖埠社区,1999年建/板楼,330,2室1厅,103103101688,2018-10-13,东 南,高楼层/共7层,平层/简装,76.02平米
70年,0,江干景芳,44828元/平米,景芳五区,1996年建/板楼,130,1室0厅,103105105135,2019-06-21,南 北,低楼层/共6层,其他,29平米
40年,0,钱塘新区高教园区东,24955元/平米,宝龙城市广场,2014年建/板楼,110,3室1厅,103103542540,2018-12-09,南,高楼层/共22层,精装,44.08平米
70年,28,江干景芳,47950元/平米,景芳二区,1994年建/板楼,145,1室1厅,103104185903,2019-03-20,南,高楼层/共6层,平层/简装,30.24平米
70年,18,西湖文教,60963元/平米,梧桐公寓,2008年建/板楼,508,1室1厅,103103695460,2019-01-04,东 西,高楼层/共6层,平层/精装,83.33平米
70年,31,西湖嘉绿,52719元/平米,南都银座公寓,2001年建/板楼,800,3室2厅,103102321252,2018-04-16,南 西 北,高楼层/共16层,平层/精装,151.75平米
70年,7,余杭临平,19663元/平米,嘉丰万悦城,2017年建/板楼,175,3室1厅,103103724253,2019-01-09,南,高楼层/共27层,平层/精装,89平米
70年,12,下城朝晖,40986元/平米,庆晖公寓,2000年建/塔楼,326,2室1厅,103104356354,2019-04-07,南,中楼层/共19层,平层/精装,79.54平米
40年,20,余杭未来科技城,25721元/平米,富力十号一期,2017年建/板楼,125,2室2厅,103103856264,2019-02-12,北,高楼层/共10层,复式/精装,48.6平米
70年,75,西湖三墩,33608元/平米,都市水乡水秀苑,2006年建/板楼,310,3室2厅,103102370817,2018-05-02,南 北,低楼层/共18层,平层/精装,92.24平米
70年,2,拱墅湖墅,44759元/平米,稻香园南区,1995年建/板楼,415,3室2厅,103105048365,2019-06-16,南 北,低楼层/共7层,平层/简装,92.72㎡
40年,1,钱塘新区工业园北,17764元/平米,元成时代中心,2016年建/板楼,108,1室1厅,103103627164,2018-12-23,东南 南,中楼层/共22层,平层/毛坯,60.8平米
70年,15,西湖嘉绿,48792元/平米,嘉绿西苑,1999年建/板楼,660,5室3厅,103102322595,2018-04-16,南,中楼层/共5层,跃层/简装,135.27平米
70年,1,拱墅信义坊,40000元/平米,云河大厦,2002年建/塔楼,168,1室1厅,103104712203,2019-05-13,南,中楼层/共18层,平层/精装,42平米
70年,20,上城复兴,41456元/平米,十亩田家园,2003年建/板楼,400,3室1厅,103102754896,2018-08-19,南 北,高楼层/共6层,跃层/简装,96.49平米
70年,1,临安临安,17978元/平米,越秀星汇城,未知年建/板楼,160,3室2厅,103104988936,2019-06-10,南,中楼层/共33层,平层/毛坯,89平米
70年,15,余杭乔司,24034元/平米,东田怡丰城,未知年建/板塔结合,232,4室2厅,103104495580,2019-04-21,南,高楼层/共18层,平层/简装,96.53平米
70年,3,钱塘新区沿江南,28036元/平米,世茂江滨花园瑞景湾,2010年建/塔楼,245,2室2厅,103104698363,2019-05-12,南,高楼层/共33层,平层/精装,87.39平米
70年,5,余杭临平,20327元/平米,绿城蓝庭东区,2013年建/板楼,305,3室2厅,103104376774,2019-04-09,西南,中楼层/共11层,平层/简装,150.05平米
70年,5,余杭星桥,26316元/平米,,2015年建/板楼,350,5室2厅,103104733857,2019-05-15,南,低楼层/共18层,跃层/精装,133平米
70年,6,滨江长河,36816元/平米,南岸晶都花园,2007年建/板楼,530,3室2厅,103104004324,2019-03-01,南,高楼层/共26层,平层/毛坯,143.96平米
40年,0,钱塘新区金沙湖,25731元/平米,泰美国际大厦,2016年建/塔楼,125,1室1厅,103103560717,2018-12-12,南 西北,低楼层/共22层,简装,48.58平米
70年,0,西湖西溪,59060元/平米,西溪诚园明礼苑,2013年建/板楼,1000,4室2厅,103103079712,2018-10-10,南,低楼层/共11层,平层/精装,169.32平米
70年,7,西湖嘉绿,42037元/平米,物华小区,1998年建/板楼,265,2室1厅,103104772213,2019-05-19,南,中楼层/共6层,平层/精装,63.04平米
70年,20,余杭良渚,33531元/平米,奥克斯缔逸城,2017年建/板楼,300万元,3室1厅,103102988201,2018-09-24,南 北,高楼层/共31层,平层/精装,89.47平米
50年,19,滨江彩虹城,40825元/平米,世茂之西湖,2015年建/板楼,200,1室1厅,103102582662,2018-07-06,南,高楼层/共33层,平层/精装,48.99平米
70年,1,西湖文三西路,42100元/平米,沁雅花园,2002年建/塔楼,580,3室2厅,103104415292,2019-04-13,东 南 北,高楼层/共18层,平层/精装,137.77平米
70年,15,余杭良渚,32625元/平米,万科良渚文化村未来城,2016年建/板塔结合,290,3室1厅,103104601507,2019-05-01,南,中楼层/共32层,平层/精装,88.89平米
70年,3,西湖学军,54495元/平米,邮电新村,1995年建/板楼,485,3室2厅,103105007253,2019-06-12,南,低楼层/共6层,平层/简装,89平米
70年,1,余杭良渚,32184元/平米,和昌府,未知年建/暂无数据,280,3室2厅,103104656371,2019-05-07,南,高楼层/共18层,平层/毛坯,87平米
70年,13,滨江彩虹城,67130元/平米,钱江水晶城,2011年建/板楼,600,3室2厅,103104269092,2019-03-29,南 北,低楼层/共34层,平层/精装,89.38平米
70年,1,江干景芳,43166元/平米,景芳六区,1998年建/板楼,600,3室2厅,103104355531,2019-04-07,南,高楼层/共7层,平层/简装,139平米
70年,13,下城石桥,34659元/平米,万泰新语,2014年建/板塔结合,300,4室2厅,103104499697,2019-04-21,南,中楼层/共15层,平层/精装,86.56平米
70年,0,西湖学军,80036元/平米,日晖新村,1982年建/板楼,548,3室0厅,103104919092,2019-06-03,南,中楼层/共5层,平层/简装,68.47平米
70年,13,余杭翡翠城,50452元/平米,溪上玫瑰园,2013年建/板楼,1850,4室2厅,103102487376,2018-06-07,南 北,联排/共1层,毛坯,366.69平米
70年,2,上城潮鸣,42369元/平米,小河下小区,1993年建/板楼,370,3室1厅,103104888180,2019-05-31,东南,中楼层/共8层,平层/简装,87.33平米
70年,38,江干丁桥,31235元/平米,广宇上东领地,2011年建/板楼,245,2室1厅,103104321603,2019-04-03,南,高楼层/共16层,平层/精装,78.44平米
70年,2,拱墅德胜,43001元/平米,假山新村,1993年建/板楼,262,2室1厅,103104970193,2019-06-08,南,高楼层/共7层,平层/简装,60.93平米
70年,0,萧山义桥,24720元/平米,绿都御景蓝湾,未知年建/板楼,220,3室2厅,103104857526,2019-05-28,南,低楼层/共27层,毛坯,89平米
70年,1,江干丁桥,25843元/平米,新城红郡,未知/板楼,230,3室2厅,103104638282,2019-05-05,南,中楼层/共23层,平层/毛坯,89平米
70年,2,余杭良渚,21890元/平米,北秀蓝湾花苑,2005年建/板楼,400,5室3厅,103102652365,2018-07-25,南 北,高楼层/共11层,跃层/毛坯,182.74平米
70年,29,余杭勾庄,38959元/平米,万科杭宸,未知年建/板楼,425,3室2厅,103103910575,2019-02-19,南,高楼层/共18层,平层/精装,109.09平米
70年,1,拱墅大关,39769元/平米,大关南四苑,1999年建/板楼,420,3室2厅,103104549829,2019-04-26,南,低楼层/共6层,平层/精装,105.61平米
70年,13,西湖学军,112891元/平米,下宁巷,1994年建/板楼,430,1室1厅,103102633672,2018-07-20,南,高楼层/共6层,平层/简装,38.09平米
70年,0,临安临安,16405元/平米,青山鹤岭,未知年建/板楼,50,1室1厅,103104551730,2019-04-26,西,低楼层/共18层,精装,30.48平米
70年,1,萧山闻堰,37575元/平米,三江花园(萧山),2007年建/板楼,360,4室2厅,103104274044,2019-03-30,南,高楼层/共6层,跃层/精装,95.81平米
70年,6,下城流水苑,47118元/平米,和平小区,1998年建/板楼,385,3室1厅,103103896966,2019-02-17,南 北,低楼层/共7层,平层/简装,81.71平米
70年,82,萧山萧山开发区,25000元/平米,科尔世纪外滩,2017年建/板楼,220,3室2厅,103103350188,2018-11-09,南,中楼层/共30层,平层/毛坯,88平米
70年,23,临安临安,16449元/平米,翠紫苑,未知年建/板楼,138,2室2厅,103104347536,2019-04-06,南,中楼层/共7层,平层/精装,83.9平米
70年,14,,21705元/平米,竹海水韵,2011年建/板楼,300,3室2厅,103102069576,2018-01-12,南,高楼层/共11层,毛坯,138.22平米
70年,61,滨江长河,34052元/平米,长江小区,2004年建/板楼,275,3室1厅,103102502620,2018-06-12,南,中楼层/共5层,平层/简装,80.76平米
50年,2,余杭塘栖,15496元/平米,万盛商贸城公寓,2016年建/板楼,60,1室1厅,103104298675,2019-04-01,南,低楼层/共16层,跃层/精装,38.72平米
70年,4,钱塘新区沿江南,23441元/平米,保利东湾,2010年建/板楼,360,4室2厅,103104779630,2019-05-20,南,高楼层/共34层,毛坯,153.58平米
40年,6,钱塘新区高教园区东,25000元/平米,宝龙城市广场,2014年建/板楼,110,3室1厅,103103104900,2018-10-14,南,高楼层/共22层,跃层/简装,44平米
70年,9,江干采荷,46636元/平米,双菱新村,1985年建/板楼,350,2室1厅,103103589517,2018-12-16,南,高楼层/共6层,平层/毛坯,75.05平米
40年,4,江干笕桥,16853元/平米,原筑壹号,2010年建/板楼,130,1室1厅,103103895618,2019-02-17,南,中楼层/共14层,跃层/精装,77.14平米
70年,19,西湖西溪,46630元/平米,中海西溪华府,2013年建/板楼,415,3室2厅,103102810586,2018-08-31,南 北,低楼层/共11层,平层/简装,89平米
70年,13,萧山萧山新城区,39899元/平米,华瑞晴庐,2015年建/板楼,580,6室2厅,103103731477,2019-01-10,南 北,高楼层/共33层,跃层/精装,145.37平米
70年,0,钱塘新区沿江南,25000元/平米,金隅观澜时代天筑,2013年建/塔楼,450,3室2厅,103103105049,2018-10-14,南,中楼层/共37层,简装,180平米
70年,18,萧山钱江世纪城,56174元/平米,滨江金色江南,2017年建/板塔结合,500,3室2厅,103103490664,2018-11-30,西南,高楼层/共27层,平层/简装,89.01平米
70年,13,上城复兴,42779元/平米,美政花苑,2000年建/板楼,465,4室2厅,103102171358,2018-03-04,南,高楼层/共7层,平层/精装,108.7平米
70年,6,下城三塘,34342元/平米,东新园新湖苑,2005年建/板楼,335,2室2厅,103104635276,2019-05-05,南 北,中楼层/共16层,平层/简装,97.55平米
70年,0,余杭临平,20036元/平米,顺达花苑东区,2004年建/板楼,160,2室1厅,103105027967,2019-06-14,南,高楼层/共18层,平层/毛坯,79.86平米
70年,64,西湖小和山,20929元/平米,翰墨香林苑,2007年建/板楼,480,4室3厅,103102618855,2018-07-16,南 北,高楼层/共11层,跃层/精装,229.35平米
70年,1,江干城东新城,47345元/平米,德信东望,2016年建/塔楼,410,3室2厅,103104988818,2019-06-10,南,高楼层/共14层,简装,86.6平米
70年,21,余杭良渚,23685元/平米,天阳棕榈湾二期,2004年建/板楼,270,3室2厅,103102728523,2018-08-12,南 北,中楼层/共6层,平层/精装,114平米
70年,39,临安临安,33219元/平米,颐和山庄,未知年建/板楼,490,3室2厅,103103804074,2019-01-21,南,双拼/共2层,精装,147.51平米
70年,13,余杭良渚,30092元/平米,越秀星汇悦城,2016年建/板楼,350,4室2厅,103103645321,2018-12-26,南 北,高楼层/共27层,平层/简装,116.31平米
70年,19,西湖黄龙,72766元/平米,曙光新村,1989年建/板楼,350,2室1厅,103103564263,2018-12-12,南,低楼层/共6层,平层/简装,48.1平米
70年,22,西湖文一西路,45926元/平米,南都花园三区,1996年建/板楼,350,2室2厅,103103956049,2019-02-24,南 北,高楼层/共7层,平层/精装,76.21平米
70年,46,余杭星桥,23787元/平米,广厦天都城天河苑,2007年建/板楼,100,1室1厅,103102458581,2018-05-30,东,中楼层/共5层,平层/简装,42.04平米
70年,5,拱墅三墩,39284 元/平米,阳光郡,2014年建/板楼,320,3室1厅,103104374259,2019-04-09,南 北,高楼层/共28层,平层/精装,81.46平米
70年,6,西湖文一西路,49894元/平米,金成花园,1999年建/板楼,820,6室2厅,103104233257,2019-03-25,南,高楼层/共7层,跃层/精装,164.35平米
70年,8,余杭乔司,28090元/平米,金地艺境,2016年建/板楼,250,3室2厅,103104379512,2019-04-10,南 北,高楼层/共11层,平层/精装,89平米
70年,7,余杭临平,27886元/平米,理想银泰城,2016年建/板塔结合,260,3室2厅,103102706916,2018-08-07,南,高楼层/共47层,平层/简装,93.24平米
70年,1,萧山萧山新城区,44658元/平米,中国铁建青秀城,2015年建/板楼,395,3室2厅,103103466632,2018-11-27,南,低楼层/共18层,简装,88.45平米
70年,0,临安临安,21009元/平米,春天华府(临天路),未知年建/板塔结合,250,3室2厅,103104419948,2019-04-14,南,低楼层/共33层,精装,119平米
70年,11,萧山钱江世纪城,40000元/平米,顺发康庄,2012年建/板楼,300,3室1厅,103104085478,2019-03-10,南,高楼层/共29层,平层/精装,75平米
70年,3,西湖文三西路,43987元/平米,莲花新村西区,1999年建/板楼,290,2室1厅,103104827608,2019-05-25,南 北,低楼层/共7层,平层/精装,65.93平米
70年,4,拱墅申花,57195元/平米,东方福邸,2014年建/板楼,510,3室1厅,103103842792,2019-02-04,南,高楼层/共24层,平层/精装,89.17平米
70年,27,上城清泰,65433元/平米,马市街,1994年建/板楼,258,1室1厅,103101980460,2017-12-09,南,低楼层/共7层,简装,39.43平米
70年,13,萧山钱江世纪城,35458元/平米,佳境天城人合苑,2007年建/板楼,380,2室2厅,103104634224,2019-05-05,南 北,中楼层/共18层,平层/精装,107.17平米
70年,16,拱墅和睦,38400元/平米,庆隆苑,2004年建/板塔结合,380,3室1厅,103102920916,2018-09-15,南 北,高楼层/共6层,精装,98.96平米
70年,11,上城南星,58632元/平米,滨江金色家园,2007年建/板楼,846,3室2厅,103104493739,2019-04-20,南,中楼层/共22层,平层/精装,144.29平米
50年,20,江干南肖埠,17400元/平米,广茵大厦,2003年建/板楼,55,1室1厅,103104573357,2019-04-28,北,高楼层/共19层,平层/简装,31.61平米
70年,2,萧山南部卧城,999999元/平米,恒大帝景,2016年建/板楼,275,3室2厅,103104815859,2019-05-24,南,高楼层/共30层,其他,92平米
40年,3,江干火车东站,30267元/平米,恒祺克拉天玺,2018年建/板塔结合,125,1室1厅,103103824066,2019-01-25,东,中楼层/共15层,平层/简装,41.3平米
70年,9,西湖转塘,35202元/平米,梧桐燕庐,2013年建/板楼,260,2室2厅,103104234073,2019-03-25,南,中楼层/共18层,平层/精装,73.86平米
70年,7,江干九堡,34138元/平米,郡原九润公寓,2013年建/板楼,440,5室5厅,103104405424,2019-04-12,南,低楼层/共14层,跃层/精装,128.89平米
70年,39,西湖文一西路,41478元/平米,湖畔花园秋月苑,2000年建/板楼,730,4室2厅,103101156196,2017-03-30,南,高楼层/共5层,跃层/简装,176平米
70年,78,江干丁桥,29788元/平米,广宇东承府,2014年建/板楼,205,2室1厅,103102003288,2017-12-17,南,中楼层/共17层,平层/精装,68.82平米
70年,0,滨江白马湖,37505元/平米,风景蝶院留园,2011年建/板楼,330,2室2厅,103104827060,2019-05-25,南,低楼层/共14层,平层/精装,87.99平米
70年,9,下城潮鸣,52147元/平米,东河锦园,2000年建/板楼,860,4室2厅,103104267591,2019-03-29,东 南 北,中楼层/共18层,平层/简装,164.92平米
70年,26,西湖文三,52248元/平米,武林花园,1999年建/板楼,630,4室2厅,103101853061,2017-10-26,南,低楼层/共7层,平层/精装,120.58平米
70年,3,拱墅桥西,37216元/平米,新安天苑,2012年建/板楼,325,2室2厅,103103561263,2018-12-12,南,低楼层/共24层,平层/简装,87.33平米
70年,13,江干城东新城,53560元/平米,德信大家钱江府,2017年建/板楼,480,3室2厅,103102799556,2018-08-29,南,低楼层/共18层,平层/精装,89.62平米
70年,18,西湖翠苑,44539元/平米,翠苑四区,1993年建/板楼,168,1室1厅,103104737621,2019-05-16,南,中楼层/共7层,平层/精装,37.72平米
70年,0,余杭翡翠城,33106元/平米,溪悦宸府,2015年建/板塔结合,295,3室1厅,103104887832,2019-05-31,南,低楼层/共17层,平层/精装,89.11平米
50年,3,江干城东新城,28670元/平米,东亚新干线,未知年建/板楼,125,2室1厅,103104820777,2019-05-24,北,中楼层/共11层,精装,43.6平米
70年,1,江干九堡,37079元/平米,郡原相江公寓,2012年建/板楼,330,3室1厅,103104439084,2019-04-16,南,高楼层/共25层,平层/精装,89㎡
70年,2,滨江浦沿,37649元/平米,万科逸天广场,2007年建/板楼,520,3室2厅,103104111605,2019-03-13,南 北,中楼层/共16层,平层/精装,138.12平米
70年,3,上城南星,70827元/平米,赞成林风和风苑,2011年建/板楼,630,2室2厅,103103308111,2018-11-06,南,中楼层/共29层,精装,88.95平米
70年,5,江干九堡,35352元/平米,康恒悦麒美寓,2016年建/板楼,310,2室2厅,103104779663,2019-05-20,南,中楼层/共24层,平层/简装,87.69平米
70年,6,余杭闲林,19922元/平米,金岸提香,2011年建/板楼,260,3室2厅,103104374542,2019-04-09,南 北,低楼层/共16层,错层/精装,9平米
70年,43,余杭闲林,31775元/平米,新湖果岭,2016年建/板楼,280,3室2厅,103102695197,2018-08-05,南,中楼层/共32层,精装,88.12平米
70年,0,萧山南部卧城,31621元/平米,新城香悦半岛,2018年建/板楼,280,3室2厅,103104973200,2019-06-08,南,中楼层/共30层,平层/毛坯,88.55平米
70年,1,萧山闻堰,39318元/平米,滨江东方海岸(萧山),2017年建/板楼,350,3室2厅,103104598429,2019-05-01,南,低楼层/共28层,平层/精装,89.02平米
50年,32,余杭塘栖,10374元/平米,欣北钱江国际广场,未知年建/塔楼,50,2室1厅,103102491710,2018-06-09,南,中楼层/共20层,平层/毛坯,48.2平米
70年,21,西湖文三西路,41280元/平米,莲花新村西区,1999年建/板楼,200,1室1厅,103102168687,2018-03-03,南,高楼层/共7层,平层/简装,48.45平米
70年,23,拱墅三墩,36522元/平米,阳光郡,2014年建/塔楼,420,3室1厅,103102751147,2018-08-18,南,中楼层/共28层,平层/简装,115平米
40年,6,江干城东新城,32823元/平米,三花国际,2018年建/板楼,150,2室1厅,103104448295,2019-04-16,东,中楼层/共11层,精装,45.7平米
70年,113,余杭万达广场,33061元/平米,融创瑷颐湾,2016年建/板楼,295,3室2厅,103104328139,2019-04-04,南,高楼层/共27层,简装,89.23平米
70年,5,西湖翠苑,36173元/平米,明珠公寓,2000年建/板楼,570,3室2厅,103104820627,2019-05-24,南 北,中楼层/共10层,平层/简装,157.58平米
70年,0,上城雄镇楼,45872元/平米,新工新村,1988年建/板楼,225,2室1厅,103104261550,2019-03-28,南 北,高楼层/共5层,平层/简装,49.05平米
70年,10,江干丁桥,31625元/平米,中豪四季公馆,2011年建/塔楼,375,3室2厅,103104873980,2019-05-30,东南 北,中楼层/共16层,平层/精装,118.58平米
70年,6,西湖文教,35104元/平米,翠苑东二区,1997年建/板楼,320,2室2厅,103104248325,2019-03-27,南 北,高楼层/共7层,平层/简装,91.16平米
70年,31,江干笕桥,27137元/平米,美达浅草名苑,2006年建/板楼,335,3室2厅,103104136057,2019-03-15,南,低楼层/共11层,平层/精装,123.45平米
70年,6,钱塘新区沿江南,32964元/平米,保利东湾,2010年建/板楼,380,3室2厅,103104019997,2019-03-03,南,低楼层/共33层,平层/精装,115.28平米
70年,19,萧山钱江世纪城,37879元/平米,佳境天城人合苑,2007年建/板楼,395,2室2厅,103102585992,2018-07-07,南,中楼层/共18层,平层/精装,104.28平米
70年,24,拱墅和睦,37753元/平米,小河佳苑,2005年建/板楼,172,1室1厅,103104553193,2019-04-26,南,中楼层/共18层,平层/精装,45.56平米
70年,1,萧山南部卧城,27738元/平米,恒大帝景,2016年建/板楼,380,4室2厅,103104449798,2019-04-16,西,低楼层/共30层,平层/精装,137平米
70年,20,钱塘新区沿江南,23709元/平米,世茂江滨花园峻景湾,2011年建/塔楼,320,4室2厅,103102607870,2018-07-13,南,中楼层/共33层,平层/简装,134.97平米
70年,58,西湖九莲,76708元/平米,世贸丽晶城,2006年建/板楼,630,2室1厅,103102304958,2018-04-11,南,高楼层/共21层,平层/精装,82.13平米
70年,8,萧山萧山市区,28448元/平米,高桥小区,1995年建/板楼,210,3室2厅,103104617329,2019-05-03,南 北,高楼层/共6层,平层/简装,73.82平米
40年,1,余杭万达广场,19974元/平米,南北盛德国际,2016年建/板塔结合,75,1室0厅,103103991643,2019-02-28,北,中楼层/共23层,简装,37.55平米
70年,6,拱墅信义坊,49866元/平米,湖墅新村,1998年建/板楼,390,2室2厅,103104289291,2019-03-31,南 北,高楼层/共7层,平层/精装,78.21平米
40年,1,钱塘新区高教园区东,19958元/平米,宝龙城市广场,2014年建/板楼,95,1室1厅,103104169293,2019-03-19,西南,中楼层/共15层,简装,47.6平米
70年,34,西湖三墩,39570元/平米,金地自在城,2012年建/板楼,500,4室2厅,103101046806,2017-03-02,南,低楼层/共26层,精装,126.36平米
70年,2,西湖申花,50888元/平米,广宇西城年华,2007年建/板塔结合,860,4室2厅,103102684572,2018-08-02,南,低楼层/共25层,精装,169平米
70年,25,余杭临平,16261元/平米,东晖龙悦湾,2017年建/板楼,200,3室2厅,103102833904,2018-09-03,南,低楼层/共26层,平层/毛坯,123平米
70年,12,西湖九莲,42168元/平米,欣园居,1997年建/板楼,340,2室2厅,103102537819,2018-06-24,南 北,低楼层/共6层,平层/简装,80.63平米
70年,137,余杭翡翠城,27735元/平米,翡翠城一期,2008年建/板楼,305,2室2厅,103103112419,2018-10-15,南 北,低楼层/共5层,平层/精装,109.97平米
70年,4,西湖黄龙,66145元/平米,曙光路小区,未知年建/暂无数据,380,2室1厅,103104851539,2019-05-27,南 北,中楼层/共5层,平层/精装,57.45平米
50年,0,西湖转塘,26820元/平米,云溪印象,2011年建/板楼,150,1室1厅,103102702792,2018-08-06,南,高楼层/共9层,精装,55.93平米
50年,2,余杭临平,22503元/平米,美莱国际中心写字楼,2012年建/板楼,109,2室1厅,103104346606,2019-04-06,南,高楼层/共22层,跃层/精装,48.44平米
70年,12,余杭小和山,28579元/平米,华盛星洲翠谷,2009年建/板塔结合,115,2室0厅,103104994436,2019-06-11,南,低楼层/共18层,平层/精装,40.24平米
50年,7,下城三塘,23739元/平米,阳光银泰城,2014年建/板楼,120,1室0厅,103102913564,2018-09-14,南,低楼层/共16层,精装,50.55平米
70年,6,余杭临平,18401元/平米,东海水漾人家,2004年建/板楼,225,3室2厅,103102189808,2018-03-09,南,高楼层/共6层,平层/精装,122.28平米
40年,8,滨江彩虹城,30369元/平米,高润云杉郡,2016年建/板楼,155,2室2厅,103103827219,2019-01-26,西,中楼层/共23层,跃层/精装,51.04平米
70年,9,萧山湘湖,31969元/平米,奥兰多小镇,2007年建/板楼,460,4室2厅,103103680226,2019-01-02,南 北,高楼层/共6层,平层/精装,143.89平米
70年,8,拱墅申花,56250元/平米,黄龙金茂悦,2017年建/板楼,720,4室2厅,103103566304,2018-12-13,南 北,中楼层/共27层,平层/简装,128平米
70年,1,下城潮鸣,51683元/平米,红枫苑,2000年建/板楼,550,3室2厅,103104738430,2019-05-16,东 南,高楼层/共7层,平层/简装,106.42平米
70年,2,西湖转塘,32036元/平米,佳兆业玖珑山,2014年建/板楼,535,4室2厅,103104162675,2019-03-18,南,低楼层/共11层,平层/毛坯,167平米
70年,1,下城朝晖,43934元/平米,朝晖七区,1986年建/板楼,420,3室1厅,103103407670,2018-11-18,西南,中楼层/共20层,简装,95.6平米
70年,4,滨江白马湖,34912元/平米,江南铭庭,2012年建/板楼,410,3室1厅,103104833883,2019-05-25,南 北,高楼层/共23层,平层/精装,117.44平米
70年,3,江干华家池,79137元/平米,滨江华家池,未知年建/塔楼,1100,4室2厅,103104783215,2019-05-20,南,高楼层/共29层,平层/精装,139平米
50年,2,江干景芳,39018元/平米,向江来时代中心,2017年建/板楼,235,2室2厅,103103030130,2018-09-30,东,低楼层/共17层,精装,60.23平米
70年,13,下城潮鸣,44316元/平米,回龙庙前小区,1988年建/板楼,350,3室1厅,103103868203,2019-02-14,南 北,中楼层/共7层,平层/简装,78.98平米
70年,83,余杭临平,18419元/平米,绿城蓝庭东区,2013年建/板楼,280,3室2厅,103102476306,2018-06-04,西南,低楼层/共9层,平层/毛坯,152.02平米
70年,9,余杭良渚,25151元/平米,良渚文化村白鹭郡北,2006年建/板楼,500,5室3厅,103104102406,2019-03-12,南,高楼层/共4层,跃层/精装,198.8平米
70年,10,余杭闲林,21725元/平米,绿城桃源小镇,未知年建/板塔结合,250,4室2厅,103104393630,2019-04-11,东南,高楼层/共18层,平层/毛坯,115.08平米
70年,91,滨江浦沿,34603元/平米,时代长岛之春,2005年建/板楼,280,2室2厅,103102505425,2018-06-13,南,中楼层/共6层,平层/精装,80.92平米
70年,11,西湖转塘,40255元/平米,融创瑷骊山,2014年建/板楼,335,2室1厅,103103146810,2018-10-17,南 北,高楼层/共12层,跃层/精装,83.22平米
40年,1,余杭塘栖,12460元/平米,欣北钱江国际广场,未知年建/塔楼,42,1室1厅,103104492524,2019-04-20,南,低楼层/共20层,精装,33.71平米
70年,11,西湖文教,60919元/平米,石灰桥新村,1983年建/板楼,325,2室1厅,103104095946,2019-03-11,南 北,低楼层/共4层,平层/简装,53.35平米
70年,37,滨江滨江区政府,56495元/平米,寰宇天下,2014年建/板楼,1450万元,5室2厅,103102484228,2018-06-06,南 北,低楼层/共31层,平层/精装,256.66平米
70年,1,江干九堡,29351元/平米,九月庭院,2010年建/板楼,383,3室2厅,103102713894,2018-08-09,南,低楼层/共25层,平层/简装,130.49平米
70年,14,余杭临平,18993元/平米,嘉利花园,2004年建/板楼,245,3室2厅,103104452888,2019-04-17,南 北,低楼层/共6层,平层/精装,129平米
70年,4,江干南肖埠,43442元/平米,华家池,1988年建/板楼,205,1室1厅,103104009663,2019-03-02,南 北,中楼层/共5层,平层/简装,47.19平米
50年,1,萧山钱江世纪城,17955元/平米,江南明城,2008年建/板楼,290,3室2厅,103104779358,2019-05-20,南,中楼层/共18层,平层/简装,161.52平米
70年,19,拱墅申花,43722元/平米,金地繁华里,2016年建/塔楼,390,3室1厅,103104575919,2019-04-29,南,高楼层/共13层,平层/精装,89.2平米
70年,64,滨江滨江区政府,50742元/平米,寰宇天下,2014年建/板楼,920,3室2厅,103103890212,2019-02-16,南 北,高楼层/共30层,平层/毛坯,181.31平米
40年,2,,34855元/平米,尚筑金座,2009年建/塔楼,165,2室1厅,103102795586,2018-08-28,南,中楼层/共18层,简装,47.34平米
70年,62,滨江奥体,56590元/平米,绿地旭辉城,2017年建/板楼,730,4室2厅,103102567700,2018-07-02,南,高楼层/共47层,毛坯,129平米
70年,0,余杭闲林,27174元/平米,闲林山水紫薇苑,2009年建/板楼,250,2室2厅,103105091309,2019-06-20,南,低楼层/共18层,精装,92平米
40年,25,钱塘新区高教园区东,21606元/平米,宝龙城市广场,2014年建/板楼,95,3室2厅,103102914011,2018-09-14,北,高楼层/共23层,精装,43.97平米
40年,47,滨江西兴,39989元/平米,兴耀鑫都汇,2016年建/板楼,140,2室1厅,103103389578,2018-11-15,北,中楼层/共20层,精装,35.01平米
40年,22,余杭临平,20858元/平米,华元欢乐城,2016年建/板塔结合,72,2室1厅,103102807497,2018-08-30,西,高楼层/共22层,精装,34.52平米
70年,39,上城望江,42728 元/平米,望江新园三园,2009年建/板楼,250,1室1厅,103102094397,2018-01-22,南,高楼层/共20层,平层/简装,58.51平米
70年,20,萧山大江东,21608元/平米,重汽嘉泽苑,2013年建/塔楼,186,2室2厅,103103093559,2018-10-12,南,高楼层/共15层,精装,86.08平米
70年,10,下城朝晖,46846元/平米,远大花园,2002年建/板楼,225,2室1厅,103104452924,2019-04-17,南 北,中楼层/共7层,平层/简装,48.03平米
70年,27,下城三塘,36738元/平米,三塘北村,1998年建/板楼,150,1室1厅,103103972796,2019-02-26,南,低楼层/共7层,平层/简装,40.83平米
70年,22,余杭闲林,24517元/平米,竹海水韵,2015年建/板楼,218,3室2厅,103102886218,2018-09-09,南 北,低楼层/共6层,平层/简装,88.92平米
70年,5,下城石桥,28266元/平米,北景园荷风苑,2006年建/板楼,340,3室2厅,103102893368,2018-09-10,南 北,低楼层/共11层,平层/精装,120.29平米
70年,4,萧山萧山开发区,25478元/平米,众安景海湾,2012年建/塔楼,400,4室2厅,103103245135,2018-10-30,南 北,低楼层/共31层,平层/毛坯,157平米
70年,3,西湖申花,70385元/平米,耀江文鼎苑,2007年建/板楼,915,3室2厅,103104310891,2019-04-02,南,低楼层/共18层,平层/精装,130平米
70年,75,西湖西溪,47026元/平米,,2013年建/板楼,740,3室2厅,103103633933,2018-12-24,南 北,低楼层/共13层,复式/精装,157.36平米
70年,23,拱墅和睦,43687元/平米,联合世纪新筑,2008年建/板楼,639,3室2厅,103101655275,2017-08-25,南 西,中楼层/共25层,平层/精装,146.27平米
70年,17,余杭良渚,30596元/平米,良渚文化村白鹭郡东,2008年建/板楼,346,3室2厅,103103140629,2018-10-16,南 北,中楼层/共5层,平层/毛坯,113.09平米
40年,4,下城三塘,26416元/平米,新天地G193广场,2016年建/板楼,132,1室1厅,103102892928,2018-09-10,北,高楼层/共20层,精装,49.97平米
70年,4,余杭三墩,37879元/平米,亲亲家园三期,2006年建/板楼,180,1室0厅,103104839457,2019-05-26,东 西,中楼层/共5层,平层/简装,47.52平米
70年,23,下城三塘,40651元/平米,万家星城,2009年建/板楼,350,2室2厅,103102612490,2018-07-14,南,中楼层/共22层,简装,86.1平米
70年,6,余杭未来科技城,27798元/平米,金都西花庭,2013年建/板楼,270,3室2厅,103103939582,2019-02-22,南,中楼层/共18层,平层/精装,97.13平米
70年,7,拱墅申花,44881元/平米,上尚庭,2013年建/板楼,366,2室1厅,103103996513,2019-03-01,南,中楼层/共23层,简装,81.55平米
70年,43,滨江滨江区政府,43406元/平米,铂金时代公寓,2009年建/板楼,570,3室2厅,103102781218,2018-08-25,南 北,低楼层/共29层,平层/精装,131.32平米
70年,16,西湖文三西路,41475元/平米,中兴公寓,2000年建/板楼,360,2室2厅,103102766424,2018-08-21,南,中楼层/共7层,平层/精装,86.8平米
70年,17,西湖文一西路,53872元/平米,星洲花园格兰馨芦,2000年建/板楼,695,3室2厅,103104087915,2019-03-10,南,高楼层/共6层,跃层/精装,129.01平米
40年,5,钱塘新区沿江南,17528元/平米,世茂江滨商业中心,2011年建/塔楼,67.5,1室0厅,103102713982,2018-08-09,西,低楼层/共28层,精装,38.51平米
70年,0,临安临安,17366元/平米,越秀星汇城,未知年建/板楼,155,3室2厅,103104804858,2019-05-22,南,高楼层/共18层,平层/毛坯,89.26㎡
70年,23,滨江浦沿,40651元/平米,江南文苑,2010年建/板楼,350,2室1厅,103103045339,2018-10-04,南,高楼层/共18层,平层/精装,86.1平米
50年,76,滨江彩虹城,17818元/平米,龙禧硅谷酒店广场,2005年建/塔楼,135,1室1厅,103103352871,2018-11-10,南,低楼层/共25层,平层/精装,75.77平米
70年,1,钱塘新区大学城北,27529元/平米,宋都东郡之星,2019年建/板楼,245,3室2厅,103104708713,2019-05-13,南,低楼层/共32层,平层/精装,89平米
70年,10,拱墅桥西,58000元/平米,九龙仓碧玺,2015年建/板楼,749,3室2厅,103103948242,2019-02-23,南,低楼层/共31层,平层/毛坯,129.14平米
50年,21,下城三塘,25165元/平米,阳光银泰城,2014年建/板楼,138,2室1厅,103103620984,2018-12-22,东南,中楼层/共16层,精装,54.84平米
70年,2,余杭闲林,24143元/平米,新明半岛,2014年建/平房,700,5室2厅,103104346472,2019-04-06,南 北,联排/共1层,毛坯,289.95平米
50年,15,拱墅桥西,16882元/平米,易构大厦,2009年建/板楼,55,1室0厅,103104879666,2019-05-30,北,高楼层/共16层,平层/简装,32.58平米
70年,38,拱墅三墩,36898元/平米,阳光郡,2014年建/板楼,430,4室2厅,103103062986,2018-10-07,南,高楼层/共24层,平层/简装,116.54平米
40年,2,钱塘新区金沙湖,27487元/平米,金沙湖1号,2011年建/板楼,165,2室2厅,103103925004,2019-02-21,西南,高楼层/共19层,跃层/简装,60.03平米
70年,1,西湖翠苑,42590元/平米,翠苑三区,1989年建/板楼,175,1室1厅,103104393815,2019-04-11,南 北,高楼层/共6层,平层/简装,41.09平米
70年,0,江干采荷,55063元/平米,采荷人家,2006年建/塔楼,800,3室2厅,103105063253,2019-06-17,南,高楼层/共18层,简装,145.29平米
40年,79,余杭良渚,13482元/平米,良渚十六街区,未知年建/板塔结合,182,3室2厅,103102781149,2018-08-25,南 北,中楼层/共11层,平层/精装,135平米
70年,9,西湖三墩,37275元/平米,协安紫郡,2016年建/板楼,570,4室2厅,103103866209,2019-02-13,南,低楼层/共20层,平层/简装,152.92平米
70年,35,西湖嘉绿,48472元/平米,嘉绿西苑,2001年建/板楼,498,3室2厅,103104323367,2019-04-04,南,低楼层/共5层,平层/精装,102.74平米
70年,2,西湖三墩,36000元/平米,白马尊邸,2009年建/板楼,450,3室2厅,103104054474,2019-03-07,南 北,低楼层/共11层,精装,125平米
70年,26,滨江浦沿,45589元/平米,江南文苑,2010年建/板楼,310,1室2厅,103102511840,2018-06-16,南,低楼层/共11层,平层/精装,68平米
70年,1,江干采荷,46335元/平米,采荷人家,2006年建/板楼,625,3室2厅,103104737511,2019-05-15,南,低楼层/共18层,其他,134.89平米
40年,42,滨江滨江区政府,40385元/平米,海威钱塘之星,2016年建/板楼,210,2室1厅,103102508560,2018-06-15,北,高楼层/共18层,平层/精装,52平米
70年,13,江干三里亭,36150元/平米,三里亭一区,2000年建/板楼,190,2室1厅,103104558208,2019-04-27,南,高楼层/共7层,其他,52.56平米
70年,29,下城三里亭,38973元/平米,水岸雅苑,2006年建/板楼,425,3室2厅,103101324640,2017-05-19,南 北,低楼层/共6层,精装,109.05平米
70年,17,上城望江,43016元/平米,望江新园二园,2010年建/板楼,360,2室1厅,103104784707,2019-05-20,南 北,中楼层/共21层,平层/毛坯,83.69平米
70年,9,滨江浦沿,38125元/平米,金盛曼城,2010年建/板楼,335,2室2厅,103104353647,2019-04-07,南 北,低楼层/共18层,平层/精装,87.87平米
70年,1,萧山钱江世纪城,51612元/平米,金昌春和钱塘,2015年建/板楼,450,3室2厅,103104418485,2019-04-14,南,中楼层/共23层,平层/精装,87.19平米
70年,24,萧山钱江世纪城,32710元/平米,顺发康庄,2012年建/板楼,290,3室2厅,103104432872,2019-04-15,南,中楼层/共29层,平层/精装,88.66平米
70年,14,西湖西溪,56180元/平米,万科西庐二期,2017年建/板楼,500,3室2厅,103104864743,2019-05-29,南 北,低楼层/共15层,平层/精装,89平米
70年,5,拱墅三墩,39462元/平米,阳光郡,2014年建/板楼,340,3室2厅,103104525194,2019-04-24,南,低楼层/共30层,平层/精装,86.16平米
70年,26,余杭乔司,24650元/平米,东冠逸家,2008年建/板楼,232,2室2厅,103102558452,2018-06-30,南,低楼层/共9层,平层/精装,94.12平米
70年,0,萧山萧山开发区,34692元/平米,郡望府,2017年建/板楼,310,3室2厅,103104824956,2019-05-24,南,低楼层/共27层,平层/精装,89.36平米
70年,3,西湖申花,46667元/平米,中旅紫金名门,2016年建/板楼,630,4室2厅,103103356287,2018-11-10,南 北,中楼层/共7层,平层/简装,135平米
70年,21,西湖转塘,30737元/平米,朗郡庭园,2011年建/板楼,565,4室2厅,103104370437,2019-04-09,南 北,中楼层/共27层,平层/精装,183.82平米
70年,2,余杭临平,20360元/平米,金都夏宫,2014年建/板楼,240,3室2厅,103104560098,2019-04-27,南,低楼层/共40层,平层/毛坯,117.88平米
70年,0,西湖西溪,52620元/平米,坤和和家园,2014年建/板楼,468,2室2厅,103104661452,2019-05-08,南,中楼层/共10层,错层/精装,88.94平米
70年,19,江干采荷,51939元/平米,采荷新村,1988年建/板楼,292,2室1厅,103102825665,2018-09-02,南,高楼层/共7层,平层/简装,56.22平米
50年,4,余杭未来科技城,20074元/平米,盛奥西溪铭座,2014年建/板楼,360,5室2厅,103104842283,2019-05-26,南,低楼层/共10层,精装,179.34平米
70年,1,萧山萧山新城区,44625元/平米,中国铁建江南国际城,2017年建/板楼,530,4室2厅,103104362183,2019-04-08,南 西,高楼层/共32层,平层/简装,118.77平米
70年,19,滨江奥体,61336元/平米,莱蒙水榭春天,2016年建/板楼,520,3室2厅,103103959696,2019-02-25,南,中楼层/共33层,平层/简装,84.78平米
70年,5,余杭万达广场,36329元/平米,风雅乐府,2012年建/板楼,298,2室2厅,103104116081,2019-03-13,南,低楼层/共36层,跃层/毛坯,82.03平米
70年,6,上城南星,56746元/平米,秋涛南苑,1996年建/板楼,265,2室1厅,103104871796,2019-05-29,南,中楼层/共7层,平层/精装,46.7平米
70年,0,临安临安,15750元/平米,青山鹤岭,未知年建/板楼,189,3室2厅,103104070742,2019-03-09,南,低楼层/共6层,精装,120平米
70年,33,上城近江,53070元/平米,临江风帆公寓,2000年建/塔楼,453,3室1厅,103102799026,2018-08-29,南 北,高楼层/共19层,平层/简装,85.36平米
70年,4,江干丁桥,34053元/平米,远洋香奈,2017年建/板楼,300,3室2厅,103102517706,2018-06-17,南 北,中楼层/共16层,平层/简装,88.1平米
70年,4,西湖西溪,54386元/平米,坤和和家园,2010年建/板楼,1550,5室2厅,103102705106,2018-08-07,南 北,中楼层/共16层,精装,285平米
70年,2,西湖三墩,41266元/平米,金地自在城悦活轩,2012年建/板楼,180,1室1厅,103104358087,2019-04-07,南,低楼层/共22层,平层/精装,43.62平米
70年,0,滨江滨江区政府,59060元/平米,寰宇天下,2014年建/板楼,530,2室2厅,103104616515,2019-05-03,南,高楼层/共34层,简装,89.74平米
40年,2,钱塘新区金沙湖,19930元/平米,泰美国际大厦,2016年建/塔楼,180,1室1厅,103103661919,2018-12-29,东南,中楼层/共22层,平层/精装,90.32平米
70年,2,西湖申花,39467元/平米,宝嘉誉府,未知年建/板楼,420,3室2厅,103104697399,2019-05-11,南 北,低楼层/共19层,平层/毛坯,106.42平米
70年,0,余杭闲林,26181元/平米,金岸提香,2011年建/板楼,235,3室2厅,103103980872,2019-02-27,南,低楼层/共18层,精装,89.76平米
70年,5,临安临安,9569元/平米,临东小区,未知年建/板楼,170,3室2厅,103104800024,2019-05-22,南,高楼层/共7层,平层/简装,177.66平米
40年,114,余杭塘栖,10205元/平米,欣北钱江国际广场,2014年建/塔楼,50,1室1厅,103102734218,2018-08-14,南,中楼层/共20层,平层/精装,49平米
70年,14,西湖文三西路,38449元/平米,紫金公寓,1996年建/板楼,330,2室2厅,103102699346,2018-08-05,南,高楼层/共7层,平层/简装,85.83平米
70年,1,萧山萧山开发区,28090元/平米,得力名望府,2017年建/塔楼,250,3室1厅,103105020649,2019-06-13,西,中楼层/共25层,平层/其他,89平米
70年,1,萧山萧山新城区,46652元/平米,滨江江南之星,2018年建/板楼,565,4室2厅,103104863744,2019-05-28,南,高楼层/共34层,平层/毛坯,121.11平米
70年,0,西湖三墩,30940元/平米,乾成园,2009年建/板楼,380,3室2厅,103105050188,2019-06-16,南,中楼层/共18层,平层/毛坯,122.82平米
70年,12,滨江浦沿,27556元/平米,时代长岛之春,2005年建/板楼,495,5室3厅,103103951956,2019-02-24,南,高楼层/共6层,跃层/毛坯,179.64平米
70年,64,西湖文三西路,42295元/平米,康乐新村,1995年建/板楼,275,2室2厅,103102357827,2018-04-28,南,中楼层/共7层,平层/简装,65.02平米
70年,1,江干笕桥,35391元/平米,原筑壹号,2010年建/板塔结合,375,3室1厅,103104131229,2019-03-15,南,低楼层/共13层,平层/精装,105.96平米
70年,1,萧山南部卧城,27263元/平米,广宁小区,2000年建/板楼,200,2室2厅,103104574448,2019-04-28,南,中楼层/共6层,平层/简装,73.36平米
70年,5,下城石桥,35186元/平米,嘉里桦枫居,2009年建/塔楼,285,2室2厅,103102730723,2018-08-13,南,低楼层/共16层,平层/精装,81平米
70年,1,江干九堡,29831元/平米,汇隆风林公寓,2009年建/板楼,415,3室2厅,103104465032,2019-04-17,南,低楼层/共16层,简装,139.12平米
70年,14,江干景芳,41702元/平米,景芳三区,1996年建/板楼,198,2室1厅,103104682745,2019-05-10,南,高楼层/共7层,精装,47.48平米
40年,0,滨江滨江区政府,43021元/平米,中赢康康谷,2017年建/塔楼,200,2室2厅,103103257172,2018-10-31,北,高楼层/共18层,精装,46.49平米
70年,9,余杭翡翠城,32171元/平米,溪悦宸府,2015年建/板塔结合,415,3室2厅,103104696957,2019-05-11,南,高楼层/共17层,平层/精装,129平米
70年,1,萧山义桥,29211元/平米,绿都御景蓝湾,2016年建/板楼,256,3室2厅,103104899396,2019-06-01,南,低楼层/共27层,平层/精装,87.64平米
70年,4,江干火车东站,38130元/平米,红街公寓,2010年建/板楼,340,2室1厅,103102712876,2018-08-09,南,低楼层/共18层,平层/简装,89.17平米
70年,0,临安临安,21349元/平米,越秀星汇城,未知年建/板楼,190,3室2厅,103104649895,2019-05-07,南,中楼层/共33层,平层/毛坯,89平米
70年,7,萧山南部卧城,33481元/平米,众安朝阳8号,2017年建/板楼,365,4室2厅,103102412285,2018-05-14,南,高楼层/共33层,平层/毛坯,109.02平米
70年,54,上城近江,56433元/平米,近江家园二园,2000年建/板楼,540,3室2厅,103102173915,2018-03-04,南 北,高楼层/共11层,平层/精装,95.69平米
70年,0,江干丁桥,38065元/平米,丁桥颐景园,2012年建/板楼,280,2室1厅,103105023154,2019-06-13,南,中楼层/共16层,平层/精装,73.56平米
40年,18,余杭临平,12097元/平米,海联云客里,2017年建/板楼,75,2室2厅,103104296726,2019-04-01,东,中楼层/共12层,跃层/简装,62平米
40年,0,滨江奥体,34669元/平米,绿地旭辉城,2016年建/板楼,520,2室2厅,103103189954,2018-10-22,南,低楼层/共26层,平层/精装,149.99平米
70年,3,拱墅大关,39684元/平米,大关西三苑,1996年建/板楼,216,2室1厅,103103718143,2019-01-08,南,中楼层/共6层,平层/简装,54.43平米
40年,1,江干九堡,31924元/平米,鑫运时代金座,2015年建/板楼,160,2室1厅,103103877150,2019-02-15,南,中楼层/共11层,精装,50.12平米
70年,24,西湖文教,51554元/平米,今日嘉园,2008年建/板楼,710,3室2厅,103102208997,2018-03-14,南 西,低楼层/共17层,平层/精装,137.72平米
70年,5,西湖三墩,44944元/平米,金地自在城栖霞居,2012年建/板楼,400,3室2厅,103104956912,2019-06-06,南,中楼层/共26层,复式/精装,89平米
70年,30,拱墅半山,32821元/平米,广宇万科公园里,2018年建/板楼,290,3室1厅,103102797883,2018-08-29,南,低楼层/共18层,平层/精装,88.36平米
70年,63,拱墅申花,49683元/平米,昆仑橡树园,2010年建/板楼,650,3室2厅,103101610442,2017-08-13,南 北,中楼层/共9层,精装,130.83平米
70年,2,余杭三墩,25102 元/平米,亲亲家园二期,2006年建/板楼,450,4室2厅,103104665070,2019-05-08,南,高楼层/共6层,简装,179.27平米
70年,0,拱墅三墩,32372元/平米,都市水乡水月苑,2005年建/板楼,360,3室2厅,103104913265,2019-06-02,南,中楼层/共19层,平层/精装,111.21平米
70年,39,江干景芳,39916元/平米,景芳五区,1996年建/板楼,265,3室1厅,103104023644,2019-03-03,南 北,高楼层/共6层,平层/精装,66.39平米
70年,2,余杭星桥,20550元/平米,广厦天都城天熙公馆,2016年建/板楼,500,5室2厅,103104778275,2019-05-20,南 东 北,中楼层/共15层,平层/简装,243.31平米
40年,0,江干火车东站,31477元/平米,恒祺克拉天玺,2018年建/板塔结合,130,1室1厅,103103968043,2019-02-25,南,高楼层/共15层,平层/精装,41.3平米
70年,2,萧山萧山新城区,42582元/平米,滨江江南之星,未知年建/板塔结合,380,3室2厅,103104638395,2019-05-05,南 北,高楼层/共34层,平层/毛坯,89.24平米
70年,5,余杭临平,24591元/平米,经建绅世郡园,2014年建/板楼,150,2室2厅,103104448936,2019-04-16,南,低楼层/共23层,平层/精装,61平米
70年,7,江干三里亭,46735元/平米,运河天城国际,2015年建/板楼,410,2室1厅,103104452306,2019-04-17,南,低楼层/共28层,平层/精装,87.73平米
70年,28,拱墅拱宸桥,35302元/平米,绍兴新村,1995年建/板楼,180,2室1厅,103104954573,2019-06-06,南,中楼层/共7层,平层/简装,50.99平米
70年,11,萧山萧山开发区,30360元/平米,东南钱江蓝湾,未知年建/板楼,260,4室2厅,103104622215,2019-05-04,南 北,低楼层/共7层,平层/毛坯,85.64平米
70年,16,,25642元/平米,金厦公寓,1998年建/板楼,300,3室2厅,103103953548,2019-02-24,南,高楼层/共6层,平层/简装,117平米
40年,9,余杭未来科技城,24889元/平米,万通时尚公馆,2018年建/板楼,112,1室1厅,103103926716,2019-02-21,东,高楼层/共23层,精装,45平米
70年,4,江干丁桥,23952元/平米,丁桥兰苑,2000年建/板楼,225,2室1厅,103103404717,2018-11-17,南,低楼层/共11层,平层/精装,93.94㎡
70年,2,下城建国北路,57143元/平米,宝善公寓,2011年建/塔楼,420,2室1厅,103104714245,2019-05-13,西北,高楼层/共24层,简装,73.5平米
70年,10,江干四季青,48821元/平米,观音塘小区,1993年建/板楼,265,2室1厅,103102697750,2018-08-05,南,中楼层/共7层,平层/简装,54.28平米
40年,2,钱塘新区工业园北,23233元/平米,元成时代中心,2016年建/板楼,115,1室1厅,103102224557,2018-03-18,南,低楼层/共22层,复式/精装,49.5平米
70年,0,余杭乔司,26667元/平米,东田怡丰城,未知年建/板楼,80,2室1厅,103104712382,2019-05-13,北,高楼层/共13层,精装,30平米
40年,1,萧山萧山新城区,23202元/平米,中栋国际,2015年建/板楼,120,1室1厅,103103504603,2018-12-03,南,低楼层/共16层,平层/精装,51.72平米
70年,42,滨江白马湖,36232元/平米,风景蝶院留园,2011年建/板楼,315,2室2厅,103104391380,2019-04-11,南,中楼层/共20层,平层/精装,86.94平米
70年,73,临安临安,14276元/平米,大园新城南区,未知年建/板楼,78,1室1厅,103104134981,2019-03-15,西,中楼层/共24层,平层/毛坯,54.64平米
70年,3,上城复兴,43018元/平米,复兴东苑,2010年建/板楼,284,2室1厅,103104696641,2019-05-11,南,中楼层/共6层,毛坯,66.02平米
70年,6,西湖文教,60990元/平米,学院路176-178号大院,未知年建/板楼,540万元,2室2厅,103103099892,2018-10-13,南 北,高楼层/共7层,平层/简装,88.54平米
70年,0,西湖古荡,40242元/平米,古荡新村西区,1988年建/板楼,200,2室1厅,103104990154,2019-06-10,南,中楼层/共6层,平层/简装,49.7平米
70年,13,拱墅湖墅,42535元/平米,左家新村,1996年建/板楼,335,2室1厅,103102211726,2018-03-15,西南,低楼层/共20层,平层/精装,78.76平米
70年,10,余杭临平,24941元/平米,临平桂花城北区,2010年建/板楼,600,4室2厅,103103184508,2018-10-22,南,高楼层/共11层,跃层/精装,240.57平米
70年,14,西湖转塘,32897元/平米,云溪香山,2008年建/板楼,500,3室2厅,103102528615,2018-06-21,南,中楼层/共7层,平层/精装,151.99平米
70年,20,西湖文三,63364元/平米,文三新村,1988年建/板楼,500,3室1厅,103102785583,2018-08-26,南 北,高楼层/共6层,平层/简装,78.91平米
70年,223,西湖古荡,35963元/平米,亚洲城花园,1996年建/塔楼,470,4室2厅,103101120696,2017-03-21,南,高楼层/共6层,跃层/简装,130.69平米
70年,2,江干丁桥,31773元/平米,冠宇隽园,2010年建/板楼,285,3室2厅,103104420411,2019-04-14,南,高楼层/共15层,平层/毛坯,89.7平米
70年,5,滨江滨江区政府,40549元/平米,温馨人家,2005年建/板楼,538,3室1厅,103104509013,2019-04-22,南,低楼层/共11层,简装,132.68平米
40年,0,江干华家池,23913元/平米,同方国际,2000年建/板楼,105,1室0厅,103102399164,2018-05-10,南,高楼层/共28层,平层/简装,43.91平米
70年,8,余杭闲林,21268元/平米,爵士风情花园,2008年建/板楼,240,3室2厅,103103217576,2018-10-26,南 北,高楼层/共6层,精装,112.85平米
40年,25,下城三塘,19739元/平米,中粮方圆府,2014年建/塔楼,92,1室1厅,103103231475,2018-10-28,北,高楼层/共17层,平层/精装,46.61平米
70年,17,余杭临平,24149元/平米,绿城蓝庭东区,2013年建/板楼,410,4室2厅,103103911139,2019-02-19,南,高楼层/共17层,平层/精装,169.78平米
70年,12,滨江彩虹城,42338元/平米,彩虹城,2007年建/板楼,650,4室2厅,103102383291,2018-05-06,南 北,低楼层/共12层,精装,153.53平米
70年,12,余杭勾庄,25569元/平米,嘉凯城名城博园,2016年建/板楼,225,3室2厅,103104855286,2019-05-28,南,低楼层/共30层,平层/精装,88平米
70年,46,西湖翠苑,42059元/平米,西湖区教师公寓,2002年建/板楼,300,2室1厅,103102037425,2017-12-30,南,低楼层/共18层,平层/简装,71.33平米
70年,10,滨江浦沿,82277元/平米,中海钱塘山水,未知/板楼,720,4室3厅,103102529893,2018-06-21,南,低楼层/共34层,精装,87.51平米
70年,32,余杭万达广场,35873元/平米,万科北宸之光,2016年建/塔楼,300,2室2厅,103104283549,2019-03-31,南,中楼层/共27层,平层/精装,83.63平米
70年,17,余杭未来科技城,13664元/平米,春花秋月,未知年建/暂无数据,138,3室2厅,103104808654,2019-05-23,南,高楼层/共6层,跃层/毛坯,101平米
70年,0,临安临安,20271元/平米,绿城钱王文化广场,2012年建/板楼,300,3室2厅,103103765888,2019-01-14,南,高楼层/共26层,平层/毛坯,148平米
70年,5,江干闸弄口,43123元/平米,天运花园,2006年建/板楼,580,3室1厅,103104403417,2019-04-12,南 北,高楼层/共15层,平层/精装,134.5平米
70年,2,西湖翠苑,46195元/平米,翠苑三区,1989年建/板楼,190,1室1厅,103104713007,2019-05-13,南,高楼层/共6层,平层/精装,41.13平米
70年,67,下城朝晖,40708元/平米,远大花园,1998年建/板楼,230,2室1厅,103102637559,2018-07-21,西,高楼层/共18层,平层/简装,56.5平米
40年,3,余杭乔司,21795元/平米,东田怡丰城,2014年建/板楼,85,2室1厅,103104686312,2019-05-10,北,高楼层/共13层,精装,39平米
70年,257,萧山湘湖,34452元/平米,奥兰多小镇,2007年建/板楼,188,1室1厅,103102472793,2018-06-03,南 北,低楼层/共15层,平层/精装,54.57平米
70年,33,拱墅湖墅,38685元/平米,米市新村,1983年建/板楼,280,3室1厅,103102315238,2018-04-14,南,高楼层/共6层,跃层/精装,72.38平米
70年,0,临安临安,16250元/平米,青山鹤岭,2013年建/板楼,195,3室2厅,103103804191,2019-01-21,南,中楼层/共11层,精装,120平米
70年,4,下城朝晖,43899元/平米,朝晖九区,1988年建/板楼,318,3室2厅,103104874705,2019-05-30,南 北,高楼层/共6层,平层/精装,72.44平米
70年,16,拱墅德胜,48116元/平米,清水公寓,2004年建/塔楼,785,4室2厅,103104546269,2019-04-26,南 北,中楼层/共18层,平层/精装,9平米
70年,25,拱墅申花,46782元/平米,九龙仓珑玺,2017年建/板楼,420,3室2厅,103103139409,2018-10-16,南 北,低楼层/共24层,平层/毛坯,89.78平米
70年,0,西湖转塘,44703元/平米,融创瑷骊山,2014年建/板楼,400,3室2厅,103104571055,2019-04-28,南 北,中楼层/共11层,平层/简装,89.48平米
50年,0,萧山钱江世纪城,18182元/平米,江南明城,2013年建/板楼,300,3室2厅,103104392888,2019-04-11,南,高楼层/共26层,简装,165平米
70年,8,萧山萧山新城区,30585元/平米,中誉现代城,2007年建/塔楼,188,2室1厅,103104281792,2019-03-30,南 北,中楼层/共17层,平层/简装,61.47平米
70年,1,萧山南部卧城,36236元/平米,绿都南江壹号,2016年建/板楼,720,4室2厅,103104592968,2019-04-30,南 北,中楼层/共15层,平层/毛坯,198.7平米
70年,46,西湖嘉绿,36452元/平米,南都银座公寓,2001年建/板楼,1000,4室2厅,103101101644,2017-03-16,南,高楼层/共25层,精装,274.34平米
70年,7,西湖文教,61557元/平米,石灰桥新村,1986年建/板楼,310,2室1厅,103102691849,2018-08-04,南 北,低楼层/共6层,简装,50.36平米
70年,1,萧山萧山新城区,31133元/平米,明怡花苑,2000年建/板楼,165,2室1厅,103105104169,2019-06-21,西,低楼层/共5层,其他,53平米
70年,0,余杭闲林,21667元/平米,爵士风情花园,2008年建/板楼,260,3室2厅,103104012402,2019-03-02,南,高楼层/共6层,平层/精装,120平米
70年,1,江干景芳,45195元/平米,景芳五区,1996年建/板楼,308,3室1厅,103104473276,2019-04-18,南 北,高楼层/共6层,平层/精装,68.15平米
70年,8,拱墅拱宸桥,45769元/平米,荣华里,2011年建/板楼,318,2室1厅,103104193117,2019-03-21,南,低楼层/共6层,平层/简装,69.48平米
70年,3,萧山萧山新城区,31129元/平米,华瑞晴庐,2015年建/板楼,400,4室2厅,103104384405,2019-04-10,南 西,高楼层/共33层,平层/简装,128.5平米
40年,2,钱塘新区沿江南,19231元/平米,金隅空港公馆,2017年建/板楼,100,1室1厅,103103566694,2018-12-13,南,低楼层/共21层,平层/精装,52平米
70年,4,西湖申花,69112元/平米,圣苑小区,2008年建/板楼,620,2室2厅,103104571590,2019-04-28,南,中楼层/共18层,平层/精装,89.71平米
70年,11,西湖申花,32414元/平米,天虹公寓,2007年建/板楼,290,2室2厅,103104636751,2019-05-05,南,低楼层/共24层,平层/精装,89.47平米
70年,37,余杭临平,16671元/平米,赵家弄(余杭),未知年建/板楼,143,2室2厅,103103920660,2019-02-20,南,高楼层/共6层,平层/简装,85.78平米
40年,34,余杭临平,16248元/平米,华元欢乐城,2016年建/板楼,53,2室1厅,103103051319,2018-10-05,北,中楼层/共37层,平层/精装,32.62平米
70年,3,余杭闲林,30899元/平米,青枫墅园,2014年建/板楼,275,3室2厅,103104725257,2019-05-14,东南,中楼层/共32层,平层/毛坯,89平米
70年,0,临安临安,15625元/平米,,2013年建/板楼,200,3室2厅,103103839043,2019-01-30,南,中楼层/共11层,毛坯,128平米
70年,20,上城南星,57699元/平米,春江花月,2003年建/板楼,860,3室2厅,103103358547,2018-11-11,南,低楼层/共10层,平层/精装,149.05平米
70年,1,临安临安,15000元/平米,颐和山庄,未知年建/板楼,123,2室1厅,103103935828,2019-02-22,南,低楼层/共11层,平层/简装,82平米
70年,8,下城流水苑,44328元/平米,绿洲花园,2006年建/板塔结合,665,3室2厅,103104619350,2019-05-04,南,低楼层/共28层,平层/简装,150.02平米
70年,6,萧山钱江世纪城,37473元/平米,佳境天城佳合苑,2007年建/板楼,430,2室1厅,103104021790,2019-03-03,南,低楼层/共16层,平层/精装,114.75平米
70年,12,西湖文教,61686元/平米,金都城市芯宇,2013年建/板楼,440,1室1厅,103102853217,2018-09-07,南,中楼层/共28层,精装,71.33平米
70年,1,临安临安,18591元/平米,大园新城,未知年建/板楼,190,3室2厅,103104070734,2019-03-09,南,高楼层/共15层,平层/精装,102.2平米
70年,0,江干四季青,126937元/平米,夕照新村,1995年建/板楼,590,1室1厅,103104120231,2019-03-14,南,低楼层/共6层,平层/简装,46.48平米
70年,1,余杭临平,26292元/平米,世纪嘉园晴彩巴厘,2006年建/板楼,112,1室0厅,103104267331,2019-03-29,南,低楼层/共18层,精装,42.6平米
70年,53,上城潮鸣,39751元/平米,小河下小区,1993年建/板楼,299,2室2厅,103102541569,2018-06-25,南,高楼层/共7层,平层/精装,75.22平米
70年,7,余杭翡翠城,35938元/平米,翡翠城二期,2010年建/板塔结合,460,3室2厅,103103750677,2019-01-13,南 北,中楼层/共11层,平层/精装,128平米
40年,5,滨江滨江区政府,32934元/平米,金铂湾,2016年建/板楼,195,1室1厅,103103998847,2019-03-01,南,高楼层/共24层,平层/精装,59.21平米
70年,31,余杭临平,18488元/平米,肖家弄,2009年建/板楼,132,2室2厅,103104218564,2019-03-24,南,高楼层/共6层,平层/简装,71.4平米
70年,0,西湖文教,67025元/平米,今日嘉园,2008年建/塔楼,425,1室1厅,103104404473,2019-04-12,南 西南,高楼层/共17层,平层/简装,63.41平米
70年,9,下城三塘,55317元/平米,香石公寓,2012年建/板楼,720,3室2厅,103101948992,2017-11-28,东,低楼层/共18层,精装,130.16平米
70年,8,临安临安,15177元/平米,筑境花园,未知年建/板楼,150,2室2厅,103104672313,2019-05-09,南,低楼层/共6层,精装,98.84平米
70年,1,临安临安,52778元/平米,绿城桃李春风,未知年建/板塔结合,950,4室2厅,103104898892,2019-06-01,南,双拼/共2层,精装,180平米
70年,0,萧山钱江世纪城,55997元/平米,万和国际,2014年建/板楼,550,2室1厅,103104831713,2019-05-25,南,中楼层/共32层,简装,98.22平米
70年,48,江干钱江新城,65279元/平米,滨江城市之星,2012年建/塔楼,1270,3室2厅,103102683073,2018-08-02,西南,低楼层/共43层,平层/精装,194.55平米
70年,10,余杭良渚,40756元/平米,竹径云山,未知年建/暂无数据,490,3室2厅,103104818767,2019-05-24,南 北,下叠别墅/共4层,跃层/精装,120.23平米
70年,10,余杭临平,29634元/平米,理想银泰城,2016年建/板塔结合,330,3室1厅,103104115391,2019-03-13,南,高楼层/共47层,平层/毛坯,111.36平米
70年,3,余杭临平,18077元/平米,都市知音,2003年建/板楼,235,3室2厅,103104936147,2019-06-05,南,中楼层/共6层,平层/精装,130平米
70年,13,余杭翡翠城,32733元/平米,爱丁郡,2011年建/板楼,285,3室2厅,103104276678,2019-03-30,南,低楼层/共7层,平层/精装,87.07平米
70年,2,下城潮鸣,41874元/平米,兴和公寓,2000年建/板楼,380,3室1厅,103104706157,2019-05-12,南,高楼层/共7层,简装,90.75平米
70年,36,江干城东新城,42812元/平米,淮矿东元府,未知年建/板楼,500,3室2厅,103102521136,2018-06-19,南,低楼层/共22层,平层/毛坯,116.79平米
50年,4,下城三塘,23066元/平米,阳光银泰城,2014年建/板楼,138,1室1厅,103103990963,2019-02-28,南 北,低楼层/共16层,平层/精装,59.83平米
70年,12,余杭闲林,20567元/平米,岸上蓝山,2012年建/板楼,295,4室2厅,103104828179,2019-05-25,南,中楼层/共5层,平层/精装,143.44平米
70年,2,余杭星桥,21186元/平米,星桥桂花城,2010年建/板楼,286,3室2厅,103104677201,2019-05-09,南,低楼层/共10层,平层/精装,135平米
50年,97,下城流水苑,24295元/平米,钛合国际,2008年建/塔楼,99,1室1厅,103102655214,2018-07-26,西,低楼层/共27层,简装,40.75平米
70年,22,上城复兴,49721 元/平米,复兴东苑,1998年建/板楼,240,2室1厅,103102677461,2018-08-01,南,低楼层/共6层,平层/精装,48.27平米
70年,2,余杭勾庄,24682元/平米,逸居城,2010年建/板楼,219,2室2厅,103104265831,2019-03-29,南,低楼层/共11层,平层/精装,88.73平米
70年,6,江干钱江新城,66930元/平米,中海御道,2016年建/板塔结合,850,3室2厅,103102566508,2018-07-02,南,低楼层/共35层,平层/简装,127平米
70年,43,西湖翠苑,46882元/平米,翠苑一区,1988年建/板楼,233,2室1厅,103102222971,2018-03-18,南,中楼层/共7层,平层/简装,49.7平米
70年,0,临安临安,14158元/平米,颐和山庄,未知年建/板楼,170,3室2厅,103103489537,2018-11-30,南 北,高楼层/共11层,平层/毛坯,120.08㎡
70年,12,江干丁桥,30743元/平米,昆仑天籁,2010年建/塔楼,320,3室1厅,103103061087,2018-10-07,南 北,高楼层/共16层,平层/精装,104.09平米
50年,18,萧山南部卧城,27745元/平米,南江商业中心,2016年建/板楼,138,3室1厅,103102737400,2018-08-15,北,高楼层/共25层,精装,49.74平米
70年,25,余杭闲林,38133元/平米,绿城桃花源,2010年建/板楼,1500,6室2厅,103103407079,2018-11-18,南 北,共3层,毛坯,393.37平米
70年,3,钱塘新区沿江北,34310元/平米,朗诗国际街区,2009年建/塔楼,300,2室2厅,103104183274,2019-03-20,西南,中楼层/共18层,平层/精装,87.44平米
70年,1,下城三塘,40135元/平米,水印康庭,2006年建/板楼,895,4室2厅,103103863620,2019-02-13,南,高楼层/共18层,跃层/精装,223平米
40年,12,西湖文三西路,21549元/平米,华元天鹅堡,2011年建/板楼,140,1室1厅,103104449080,2019-04-16,南,高楼层/共5层,平层/精装,64.97平米
50年,0,下城石桥,19092元/平米,泰地北上新城,2013年建/板楼,145,3室1厅,103104755570,2019-05-17,南,中楼层/共13层,平层/精装,75.95平米
70年,14,余杭闲林,28963元/平米,复地上城,2014年建/板楼,260,3室2厅,103104231518,2019-03-25,南,高楼层/共17层,平层/精装,89.77平米
70年,20,余杭翡翠城,33901元/平米,绿城翡翠湾,2014年建/板楼,460,3室2厅,103104353501,2019-04-07,南,中楼层/共11层,平层/精装,135.69平米
70年,0,余杭星桥,18121元/平米,黄鹤山居,2007年建/板楼,270,3室2厅,103103878120,2019-02-15,南,低楼层/共6层,平层/精装,149平米
40年,1,萧山闻堰,15476元/平米,隐龙湾,2010年建/板塔结合,86,1室1厅,103104725621,2019-05-14,北,低楼层/共27层,平层/精装,55.57平米
70年,3,余杭良渚,30978元/平米,万科良渚文化村秋荷坊,未知年建/板楼,430,3室2厅,103104246301,2019-03-27,南 北,高楼层/共6层,平层/精装,138.81平米
70年,2,拱墅半山,32940元/平米,金隅田员外,2016年建/板楼,290,2室2厅,103104558816,2019-04-27,南 北,高楼层/共20层,平层/精装,88.04平米
70年,4,江干景芳,40839元/平米,景芳新五区,1997年建/板楼,265,2室1厅,103104661966,2019-05-08,南 北,高楼层/共7层,其他,64.89平米
70年,8,西湖西溪,55608元/平米,融创河滨之城雨澜轩,2017年建/板楼,770,4室2厅,103104096007,2019-03-11,南 北,低楼层/共18层,平层/毛坯,138.47平米
40年,3,萧山奥体,29914元/平米,众安嘉润公馆,2014年建/板楼,135,1室1厅,103104608693,2019-05-02,东北,高楼层/共30层,平层/精装,45.13平米
70年,10,西湖文一西路,53192元/平米,文溪鼎园,2013年建/板楼,465,3室2厅,103104380024,2019-04-10,南,中楼层/共8层,平层/简装,87.42平米
70年,18,拱墅拱宸桥,49151元/平米,锦昌文华苑,2007年建/板楼,680,3室2厅,103103018549,2018-09-28,南,中楼层/共13层,平层/精装,138.35平米
70年,7,下城和平,51680元/平米,现代景苑,2010年建/板塔结合,700,3室1厅,103103797673,2019-01-19,南,高楼层/共22层,平层/精装,135.45平米
70年,0,临安临安,17201元/平米,锦尚唐宁郡,2014年建/板楼,160,2室2厅,103103029928,2018-09-30,南,中楼层/共18层,平层/简装,93.02平米
70年,33,拱墅拱宸桥,49861元/平米,左岸花园,2005年建/板楼,715,3室2厅,103100631871,2016-10-10,南 北,低楼层/共11层,简装,143.4平米
70年,10,,56401元/平米,孝丰路小区,1988年建/板楼,230,1室1厅,103104023553,2019-03-03,东,低楼层/共6层,平层/简装,40.78平米
70年,17,西湖翠苑,37812元/平米,翠苑五区,1998年建/板楼,398,3室1厅,103104269868,2019-03-29,南,低楼层/共18层,简装,105.26平米
70年,19,下城潮鸣,46847元/平米,米兰公寓,2000年建/板楼,430,2室1厅,103103489724,2018-11-30,南 北,低楼层/共5层,平层/简装,91.79平米
70年,1,余杭星桥,24320元/平米,广厦天都城天星苑,2007年建/板楼,295,3室2厅,103104600788,2019-05-01,南,中楼层/共16层,精装,121.3平米
50年,0,滨江长河,999999元/平米,东方商务会馆,2000年建/板楼,136,1室1厅,103104734441,2019-05-15,东 北,中楼层/共16层,精装,45.85平米
70年,0,临安临安,27987元/平米,锦绣钱塘,未知年建/板楼,950,5室3厅,103103701255,2019-01-05,东南,独栋/共2层,毛坯,339.45平米
70年,2,萧山南部卧城,33706元/平米,新城香悦半岛,2018年建/板楼,296,3室2厅,103104263379,2019-03-28,南,低楼层/共30层,平层/毛坯,87.82平米
70年,38,滨江长河,49162元/平米,白金海岸,2006年建/板楼,460,2室1厅,103102695881,2018-08-05,南,高楼层/共18层,平层/精装,93.57平米
50年,11,下城石桥,20751元/平米,泰地北上新城,2013年建/板楼,68,1室1厅,103104226498,2019-03-25,北,中楼层/共13层,平层/简装,32.77平米
70年,33,钱塘新区沿江北,27262元/平米,朗诗国际街区,2009年建/塔楼,220,2室2厅,103102216311,2018-03-16,南 北,低楼层/共32层,简装,80.7平米
40年,5,余杭未来科技城,28790元/平米,西溪八方城,2015年建/板楼,155,3室1厅,103103872950,2019-02-14,北,高楼层/共12层,精装,53.84平米
70年,26,余杭良渚,28591元/平米,昆仑华府,2017年建/板楼,255,3室2厅,103102634390,2018-07-20,南,低楼层/共18层,平层/毛坯,89.19平米
70年,18,江干采荷,48965元/平米,凯旋新村,1989年建/板楼,260,2室1厅,103102211529,2018-03-15,南 北,高楼层/共6层,平层/简装,53.1平米
70年,0,西湖申花,43855元/平米,中旅紫金名门,2016年建/板楼,380,3室2厅,103104535415,2019-04-25,南,中楼层/共33层,平层/精装,86.65平米
70年,6,拱墅拱宸桥,33388元/平米,蚕花园永庆坊,2000年建/板楼,225,2室1厅,103104911442,2019-06-02,南,高楼层/共22层,平层/精装,67.39平米
70年,0,临安临安,18000元/平米,筑境花园,未知年建/板楼,244.8,3室2厅,103104911817,2019-06-02,南,中楼层/共6层,毛坯,136平米
70年,0,滨江彩虹城,47785元/平米,盛元慧谷,2008年建/板楼,755,3室2厅,103102747870,2018-08-17,南,低楼层/共40层,其他,158平米
70年,1,余杭临平,47537元/平米,华元花涧堂,2015年建/暂无数据,798,4室3厅,103104761020,2019-05-18,南,联排/共3层,毛坯,167.87平米
70年,0,临安临安,14625元/平米,翠紫苑,未知年建/板楼,183,4室2厅,103104373314,2019-04-09,南,中楼层/共7层,平层/毛坯,125.13平米
70年,4,钱塘新区沿江南,27164元/平米,保利东湾,2010年建/板楼,280,3室2厅,103104666084,2019-05-08,南,高楼层/共34层,平层/简装,103.08平米
70年,6,西湖文三西路,56276元/平米,颐景园,2000年建/板楼,660,4室2厅,103104819223,2019-05-24,南 北,高楼层/共6层,错层/精装,117.28平米
70年,41,西湖三墩,36224元/平米,白马尊邸,2009年建/塔楼,310,2室1厅,103102531850,2018-06-22,南,低楼层/共18层,平层/精装,85.58平米
70年,5,西湖三墩,33099元/平米,白马尊邸,2009年建/塔楼,470,3室2厅,103102852363,2018-09-07,南,低楼层/共18层,简装,142平米
40年,17,钱塘新区金沙湖,17869元/平米,金沙国际,2016年建/塔楼,109,2室2厅,103104112851,2019-03-13,南,中楼层/共26层,平层/简装,61平米
50年,2,余杭临平,19117元/平米,CBC时代大观,2014年建/板楼,90,1室0厅,103102676115,2018-08-01,南,中楼层/共23层,平层/精装,47.08平米
70年,25,余杭闲林,23676元/平米,竹海水韵,2011年建/板楼,210,3室2厅,103104326672,2019-04-04,南,低楼层/共18层,平层/精装,88.7平米
70年,2,余杭良渚,29546元/平米,昆仑华府,2017年建/板楼,260,3室2厅,103104448546,2019-04-16,南 北,高楼层/共18层,平层/毛坯,88平米
70年,1,西湖三墩,39967元/平米,协安紫郡,2015年建/板楼,565,3室1厅,103105105898,2019-06-21,东 南,中楼层/共20层,平层/其他,141.37平米
70年,12,江干丁桥,26023元/平米,后珠美都雅苑,2008年建/板楼,210,2室2厅,103103969227,2019-02-26,南,中楼层/共16层,平层/精装,80.7平米
40年,6,钱塘新区工业园北,20492元/平米,元成时代中心,2016年建/板楼,100万元,2室1厅,103104685191,2019-05-10,南,中楼层/共23层,精装,48.8平米
70年,43,西湖九莲,45767元/平米,九莲新村,1986年建/板楼,180,1室1厅,103102708481,2018-08-08,南,高楼层/共6层,平层/精装,39.33平米
70年,2,余杭临平,19513元/平米,都市知音,2003年建/板楼,240,3室2厅,103102632116,2018-07-20,南,低楼层/共6层,精装,123平米
70年,5,下城建国北路,46512元/平米,中江花园,2000年建/塔楼,620,3室2厅,103102328514,2018-04-18,南 西 北,中楼层/共22层,平层/精装,133.3平米
70年,3,下城潮鸣,45422元/平米,云龙公寓,2002年建/板楼,500,3室2厅,103103971523,2019-02-26,西南,低楼层/共28层,错层/精装,110.08平米
70年,1,余杭闲林,25035元/平米,盛世嘉园,2006年建/板楼,92,1室1厅,103104776526,2019-05-19,北,中楼层/共18层,平层/简装,36.75平米
70年,2,江干九堡,36180元/平米,阳光城普升,2016年建/板楼,322,3室2厅,103102711878,2018-08-09,南,低楼层/共16层,平层/精装,89平米
70年,22,余杭闲林,29177元/平米,绿城桃源小镇,2014年建/板楼,255,4室2厅,103102076712,2018-01-15,南,高楼层/共33层,跃层/简装,87.4平米
70年,8,余杭良渚,21664元/平米,东田玉城,2008年建/板楼,300,4室2厅,103102402710,2018-05-11,南,低楼层/共6层,平层/精装,138.48平米
40年,1,萧山奥体,28262元/平米,众安嘉润公馆,2014年建/板楼,180,1室2厅,103103621417,2018-12-22,南,低楼层/共30层,平层/精装,63.69平米
70年,2,西湖文一西路,53955元/平米,雅仕苑,1998年建/板楼,500,4室2厅,103104424109,2019-04-14,南,高楼层/共6层,复式/简装,92.67平米
70年,7,江干笕桥,41012元/平米,首开武林8栋,2017年建/板楼,365,3室1厅,103102744938,2018-08-16,南 北,低楼层/共11层,平层/精装,89平米
70年,5,拱墅申花,52116元/平米,上尚庭,2013年建/板楼,425,4室2厅,103104841691,2019-05-26,南 北,高楼层/共23层,平层/精装,81.55平米
70年,2,余杭良渚,23604元/平米,天阳棕榈湾二期,2004年建/板楼,300,3室2厅,103102413553,2018-05-15,南,低楼层/共11层,平层/精装,127.1平米
70年,0,拱墅大关,40938元/平米,大浒东苑,2006年建/塔楼,262,2室2厅,103105105621,2019-06-21,南,中楼层/共18层,其他,64平米
70年,0,钱塘新区沿江南,27940元/平米,保利东湾,2010年建/板楼,250,2室2厅,103103105147,2018-10-14,南,中楼层/共34层,简装,89.48平米
70年,1,余杭临平,35763元/平米,赞成檀府,未知年建/板塔结合,320,4室2厅,103102516942,2018-06-17,南,低楼层/共27层,精装,89.48平米
70年,3,江干丁桥,36441元/平米,广宇东承府,2014年建/板楼,190,1室1厅,103104279431,2019-03-30,东,中楼层/共17层,平层/简装,52.14平米
70年,0,江干丁桥,29270元/平米,金地格林格林,2015年建/塔楼,340,4室2厅,103104817125,2019-05-24,南 北,中楼层/共17层,平层/精装,116.16平米
70年,15,西湖转塘,37559元/平米,融创瑷骊山,2014年建/板楼,280,2室1厅,103102467008,2018-06-01,西,低楼层/共12层,平层/简装,74.55平米
50年,13,余杭临平,20261元/平米,CBC时代大观,2014年建/板楼,70,1室1厅,103102592528,2018-07-09,南,中楼层/共23层,精装,34.55平米
70年,4,萧山南部卧城,27872元/平米,汇宇花园,2008年建/板楼,430,3室2厅,103104197402,2019-03-22,南,低楼层/共6层,平层/精装,154.28平米
70年,32,余杭未来科技城,53982元/平米,富力西溪悦墅,2017年建/板楼,768,4室2厅,103103461089,2018-11-26,南,上叠别墅/共4层,精装,142.27平米
70年,9,西湖文教,57327元/平米,保俶北路91号,1988年建/板楼,365,2室1厅,103104761816,2019-05-18,南,中楼层/共5层,平层/简装,63.67平米
70年,15,余杭临平,15760元/平米,良熟新苑,2015年建/板楼,220,3室2厅,103104626017,2019-05-04,南,低楼层/共18层,平层/简装,139.6平米
70年,10,下城建国北路,38293元/平米,东园大楼,1998年建/板楼,313,2室1厅,103104177113,2019-03-19,南,高楼层/共20层,平层/简装,81.74平米
70年,1,西湖申花,31385元/平米,天虹公寓,2007年建/板楼,285,2室1厅,103104487678,2019-04-20,南 北,中楼层/共24层,简装,90.81平米
70年,6,余杭闲林,20543元/平米,庭院深深,2012年建/板楼,280,3室2厅,103103916986,2019-02-20,南,低楼层/共12层,平层/精装,136.3平米
70年,3,余杭临平,18026元/平米,中梁百悦城,2016年建/板塔结合,220,4室2厅,103104977658,2019-06-09,南,高楼层/共29层,平层/毛坯,122.05平米
40年,0,余杭临平,17347元/平米,万宝城,2016年建/板楼,68,2室1厅,103104436064,2019-04-15,西,中楼层/共23层,跃层/简装,39.2平米
70年,53,西湖文一西路,46582元/平米,南都花园一区,1996年建/板楼,355,2室2厅,103102539128,2018-06-24,南 北,中楼层/共7层,平层/简装,76.21平米
70年,26,江干丁桥,22389元/平米,长睦锦苑,2010年建/板楼,315,4室2厅,103102448050,2018-05-26,东,高楼层/共11层,平层/精装,140.7平米
70年,91,西湖西溪,44944元/平米,西溪晴雪,2012年建/板楼,400,3室2厅,103102201508,2018-03-12,南 北,中楼层/共5层,平层/精装,89平米
40年,5,钱塘新区金沙湖,18522元/平米,杭州东部国际商务中心,2010年建/板楼,112,1室1厅,103102661922,2018-07-28,北,中楼层/共25层,精装,60.47平米
50年,1,余杭未来科技城,21177元/平米,豪波西溪润景,2014年建/板楼,180,3室2厅,103104610369,2019-05-03,北,高楼层/共10层,精装,85平米
70年,18,滨江白马湖,35030元/平米,风景蝶院留园,2011年建/板楼,515,3室2厅,103103913068,2019-02-19,南,中楼层/共20层,平层/精装,147.02平米
70年,201,余杭未来科技城,38143元/平米,万通时尚公馆,2018年建/板楼,340,3室2厅,103103215085,2018-10-25,南,高楼层/共31层,平层/精装,89.14平米
70年,7,余杭闲林,25758元/平米,融创金成西溪海,2016年建/板楼,340,4室2厅,103102879780,2018-09-08,南,高楼层/共18层,平层/精装,132平米
70年,20,下城三塘,30766元/平米,东新园孚信苑,2004年建/板楼,395,3室2厅,103104002600,2019-03-01,南 北,低楼层/共16层,平层/简装,128.39㎡
70年,0,临安临安,13754元/平米,筑境花园,未知年建/板楼,185,3室2厅,103104982596,2019-06-09,南 北,中楼层/共7层,平层/精装,134.51平米
70年,16,西湖文三西路,47989元/平米,西荡苑杏苑,2003年建/板楼,235,1室1厅,103102208347,2018-03-14,南,低楼层/共6层,平层/简装,48.97平米
70年,29,钱塘新区高教园区东,36819元/平米,景冉佳园,2014年建/板塔结合,225,3室1厅,103102904500,2018-09-12,南 北,低楼层/共32层,平层/精装,61.11平米
70年,28,余杭未来科技城,43200 元/平米,金地西溪风华,2017年建/板塔结合,540,4室2厅,103102576143,2018-07-04,南,高楼层/共4层,平层/毛坯,125平米
70年,435,江干九堡,26569元/平米,金雅苑社区,2011年建/板楼,235,3室1厅,103102049301,2018-01-04,南 北,低楼层/共11层,平层/毛坯,88.45平米
70年,101,余杭闲林,21549元/平米,庭院深深,2017年建/板楼,295,3室2厅,103102267412,2018-03-31,南,中楼层/共11层,平层/精装,136.9平米
70年,0,江干九堡,39898元/平米,宋都阳光国际,2013年建/板楼,672,4室2厅,103105043140,2019-06-15,南,中楼层/共19层,毛坯,168.43平米
70年,4,拱墅申花,51183元/平米,莱德绅华府,2014年建/塔楼,740,3室2厅,103103918700,2019-02-20,南,高楼层/共24层,平层/简装,144.58平米
70年,5,上城近江,45794元/平米,近江家园六园,2004年建/板楼,620,3室2厅,103104243151,2019-03-27,南,低楼层/共16层,平层/简装,135.39平米
70年,1,江干景芳,45147元/平米,景芳一区,1993年建/板楼,240,2室1厅,103104949449,2019-06-06,南,高楼层/共6层,平层/简装,53.16平米
70年,0,滨江彩虹城,42149元/平米,通策广场,2005年建/板楼,510,3室2厅,103104622257,2019-05-04,南,中楼层/共10层,精装,121平米
70年,67,拱墅申花,47784元/平米,万家花城一期,2009年建/板楼,430,3室2厅,103102382298,2018-05-06,南,低楼层/共25层,平层/简装,89.99平米
70年,61,萧山钱江世纪城,42561元/平米,顺发江南丽锦,2014年建/板楼,530,3室2厅,103102252412,2018-03-26,南,高楼层/共29层,平层/毛坯,124.53平米
70年,3,余杭临平,23037元/平米,赞成檀府,2016年建/板塔结合,249,3室2厅,103104049566,2019-03-06,南,高楼层/共28层,平层/毛坯,108.09平米
40年,6,余杭临平,18621元/平米,海联云客里,2017年建/板楼,108,2室2厅,103104436767,2019-04-15,西,高楼层/共12层,跃层/精装,58平米
70年,29,上城清泰,44306元/平米,马市街,1994年建/板楼,198,2室1厅,103103545230,2018-12-09,西,中楼层/共7层,平层/精装,44.69平米
70年,0,临安临安,14127元/平米,青山鹤岭,2013年建/板楼,170,3室2厅,103103804266,2019-01-21,南,低楼层/共11层,平层/毛坯,120.34平米
70年,2,拱墅拱宸桥,28151元/平米,蚕花园永兴坊,2000年建/板楼,170,1室1厅,103104831960,2019-05-25,南,中楼层/共21层,平层/简装,60.39平米
70年,9,余杭临平,19008元/平米,凤仪家园,2001年建/板楼,310,4室2厅,103103602442,2018-12-19,南,高楼层/共5层,精装,163.09平米
70年,28,余杭临平,19743元/平米,世纪嘉园晴彩巴厘,2006年建/板楼,72,1室1厅,103103276720,2018-11-03,东,低楼层/共18层,平层/简装,36.47平米
70年,3,上城鼓楼,43334元/平米,袁井巷,1993年建/板楼,195,1室1厅,103104566578,2019-04-28,南,高楼层/共7层,平层/简装,45平米
70年,10,滨江彩虹城,43653元/平米,天寓,2007年建/板楼,610,3室2厅,103104294887,2019-04-01,南 北,中楼层/共32层,精装,139.74平米
70年,0,余杭临平,18416元/平米,众安理想湾,2015年建/塔楼,255,3室2厅,103104976942,2019-06-09,南,低楼层/共29层,平层/精装,138.47平米
40年,0,西湖西溪,19521元/平米,复地黄龙和山,2015年建/板楼,96,1室1厅,103104368468,2019-04-08,南 北,高楼层/共6层,平层/精装,49.18平米
70年,9,西湖文一西路,56559元/平米,恩济花苑,2000年建/板楼,470,2室2厅,103104801448,2019-05-22,南,高楼层/共5层,跃层/精装,83.1平米
70年,0,余杭未来科技城,24434元/平米,百汇中心,2000年建/板楼,220,3室2厅,103104861865,2019-05-28,南,高楼层/共6层,复式/其他,90.04平米
70年,3,上城近江,46051元/平米,钱塘名都,2005年建/塔楼,710,3室2厅,103104626136,2019-05-04,南,中楼层/共20层,平层/精装,154.18平米
70年,6,滨江彩虹城,41912元/平米,通策广场,2005年建/板楼,570,3室2厅,103102672063,2018-07-30,南,高楼层/共11层,精装,136平米
70年,6,滨江白马湖,45141元/平米,湖漫雅筑,2015年建/板楼,399,3室2厅,103104066882,2019-03-08,南,高楼层/共12层,简装,88.39平米
50年,20,钱塘新区高教园区东,15792元/平米,金沙居,2009年建/板楼,120,2室2厅,103104184324,2019-03-20,东南,中楼层/共18层,平层/简装,75.99平米
70年,0,余杭崇贤,24076元/平米,旭辉运河悦章,2019年建/板楼,280,4室2厅,103104832409,2019-05-25,南 北,低楼层/共27层,平层/毛坯,116.3平米
70年,10,西湖转塘,35438元/平米,融创瑷骊山,2014年建/板楼,800,4室2厅,103102322494,2018-04-16,南 北,低楼层/共7层,平层/毛坯,225.75平米
70年,16,滨江浦沿,37884元/平米,金盛曼城,2010年建/板楼,340,2室1厅,103102779897,2018-08-25,南,中楼层/共18层,简装,89.75平米
70年,10,余杭临平,22621元/平米,赞成首府,2017年建/板楼,250,3室2厅,103102435046,2018-05-22,南,低楼层/共17层,平层/毛坯,110.52平米
70年,17,余杭翡翠城,39955元/平米,,2013年建/板楼,1470,5室2厅,103104098270,2019-03-11,南,联排/共1层,毛坯,367.92平米
50年,0,西湖转塘,24350元/平米,云溪印象,2011年建/板楼,130,1室1厅,103104150633,2019-03-17,南,低楼层/共9层,精装,53.39平米
70年,6,西湖黄龙,59317元/平米,胜利新村,1990年建/板楼,488,3室1厅,103104857899,2019-05-28,南,中楼层/共4层,简装,82.27平米
70年,289,余杭临平,18871元/平米,朝阳西路70号,1996年建/板楼,143,2室1厅,103102672283,2018-07-31,南,中楼层/共7层,平层/简装,75.78平米
70年,2,萧山义桥,24705元/平米,绿都御景蓝湾,2017年建/板楼,280,3室2厅,103104837590,2019-05-26,南,低楼层/共26层,平层/精装,113.34平米
70年,15,余杭临平,18527元/平米,伊世纪城市花园,2007年建/板楼,309,4室2厅,103102308619,2018-04-12,南,高楼层/共12层,精装,166.79平米
70年,11,西湖申花,41665元/平米,紫金文苑,2003年建/板楼,700,5室2厅,103102517734,2018-06-17,南 北,高楼层/共6层,跃层/简装,168.01平米
70年,14,余杭临平,16542元/平米,水车河弄,1996年建/板楼,200,4室1厅,103102738559,2018-08-15,南,高楼层/共5层,跃层/简装,120.91平米
70年,2,下城石桥,32443元/平米,万泰新语,2014年建/板塔结合,255,2室1厅,103104554768,2019-04-27,南,中楼层/共16层,平层/简装,78.6平米
70年,7,西湖黄龙,59674元/平米,松木场河西,1988年建/板楼,355,2室2厅,103103988505,2019-02-28,南,高楼层/共5层,平层/简装,59.49平米
70年,19,江干丁桥,27379元/平米,长睦锦苑,2008年建/板楼,198,2室1厅,103103060541,2018-10-07,南,低楼层/共14层,平层/简装,72.32平米
70年,0,,45690元/平米,十五家园,1991年建/板楼,265,2室1厅,103105104596,2019-06-21,南 北,中楼层/共7层,其他,58平米
40年,170,钱塘新区沿江南,15743元/平米,世茂江滨商业中心,2011年建/塔楼,159,2室1厅,103101179650,2017-04-06,南,中楼层/共28层,精装,101平米
70年,7,西湖翠苑,44064元/平米,翠苑一区,1988年建/塔楼,265,3室1厅,103105011635,2019-06-12,南 北,高楼层/共7层,平层/简装,60.14平米
70年,1,余杭乔司,30358元/平米,复地连城国际,未知年建/板楼,170,2室1厅,103104725988,2019-05-14,南,中楼层/共12层,其他,56平米
70年,8,江干城东新城,36085元/平米,淮矿东元府,2017年建/板楼,320,3室1厅,103102733381,2018-08-14,南,高楼层/共22层,简装,88.68平米
70年,28,余杭星桥,25956元/平米,广厦天都城爱尚公寓,2013年建/板楼,315,3室1厅,103104418542,2019-04-14,南 北,中楼层/共18层,平层/精装,121.36平米
70年,15,余杭临平,24429元/平米,景瑞御华府,2015年建/板楼,219,3室2厅,103104246604,2019-03-27,南,高楼层/共24层,平层/精装,89.65平米
70年,23,拱墅和睦,30129元/平米,广兴新村,1995年建/板楼,230,2室1厅,103102442108,2018-05-24,东 西,高楼层/共7层,平层/简装,76.34平米
70年,7,西湖三墩,36813元/平米,协安紫郡,2016年建/板楼,515,3室2厅,103104054321,2019-03-07,西,中楼层/共18层,平层/简装,139.9平米
70年,3,拱墅半山,34111元/平米,杭钢尚堂府,2017年建/板楼,300,2室2厅,103104178939,2019-03-20,南 北,高楼层/共23层,平层/简装,87.95平米
70年,12,拱墅三墩,38301元/平米,都市水乡水映苑,2004年建/板楼,265,2室2厅,103103804359,2019-01-21,南,高楼层/共6层,精装,69.19平米
70年,0,钱塘新区金沙湖,36364元/平米,龙湖滟澜山澜轩,2011年建/板塔结合,680,4室2厅,103104238660,2019-03-26,南,中楼层/共24层,简装,187平米
70年,9,钱塘新区沿江北,21661元/平米,多蓝水岸碧海苑,2007年建/塔楼,328,3室2厅,103104573015,2019-04-28,东南,低楼层/共25层,平层/精装,151.43平米
70年,2,西湖文三西路,41485元/平米,嘉绿景苑西园,2006年建/板楼,445,2室2厅,103105077150,2019-06-19,南,高楼层/共15层,平层/精装,107.27平米
40年,26,滨江滨江区政府,45172元/平米,中赢康康谷,2017年建/塔楼,210,2室2厅,103102515634,2018-06-17,南,高楼层/共18层,复式/精装,46.49平米
70年,0,钱塘新区沿江南,26745元/平米,金隅观澜时代天筑,2013年建/塔楼,230,2室2厅,103104925329,2019-06-03,东南,低楼层/共33层,平层/简装,86平米
40年,0,余杭未来科技城,27050元/平米,西溪泊岸,2017年建/塔楼,160,2室1厅,103103184780,2018-10-22,南,高楼层/共12层,平层/其他,59.15平米
70年,24,临安临安,17172元/平米,越秀星汇城,未知年建/板楼,170,3室2厅,103103368392,2018-11-12,南 北,中楼层/共31层,平层/毛坯,99平米
70年,3,余杭闲林,22302元/平米,众安学君里,2018年建/板楼,288,3室2厅,103104706613,2019-05-12,南 北,中楼层/共24层,平层/毛坯,129.14平米
40年,0,滨江奥体,45053元/平米,绿地旭辉城,2016年建/板楼,270,1室1厅,103104338616,2019-04-05,东北,高楼层/共26层,精装,59.93平米
70年,2,余杭星桥,23732元/平米,广厦天都城紫韵公寓,2015年建/板楼,318,3室2厅,103104362404,2019-04-08,南,低楼层/共23层,精装,134平米
50年,4,下城石桥,19569元/平米,泰地北上新城,2013年建/板楼,155,3室2厅,103104990962,2019-06-10,南,中楼层/共13层,平层/精装,79.21平米
70年,3,余杭星桥,32666元/平米,经纬美耀湾,2013年建/板楼,680,6室3厅,103103582469,2018-12-15,南 北,联排/共3层,毛坯,208.17平米
70年,4,江干九堡,47268元/平米,招商雍华府,2016年建/板楼,410,3室2厅,103104847795,2019-05-27,南,中楼层/共16层,平层/精装,86.74平米
70年,2,滨江彩虹城,47529元/平米,盛元慧谷,2008年建/板楼,450,2室2厅,103104228513,2019-03-25,南,高楼层/共26层,平层/精装,9平米
70年,16,西湖文一西路,51245元/平米,名仕家园,2001年建/板楼,630,3室2厅,103104464408,2019-04-17,南,中楼层/共6层,平层/简装,122.94平米
70年,0,余杭未来科技城,26792元/平米,湖山帝景湾南苑,2015年建/板楼,310,3室1厅,103104510879,2019-04-22,东,低楼层/共23层,平层/精装,115.71平米
70年,2,西湖文三西路,48189元/平米,山水人家美林泉,2003年建/板楼,750,4室2厅,103104016271,2019-03-03,南 北,低楼层/共6层,平层/精装,155.64平米
70年,2,余杭闲林,27088元/平米,庭院深深,2012年建/板楼,230,2室2厅,103103138103,2018-10-16,南,低楼层/共18层,平层/精装,84.91平米
50年,5,拱墅桥西,21407元/平米,富越香郡盈座,2015年建/板楼,112,1室1厅,103103425914,2018-11-21,南,高楼层/共25层,平层/精装,52.32平米
70年,2,余杭临平,22042元/平米,绿城风华苑,2008年建/板楼,350,3室2厅,103104499703,2019-04-21,南,中楼层/共15层,平层/精装,158.79平米
70年,1,余杭临平,18575元/平米,东厦东港花苑,2011年建/板楼,285,4室2厅,103104966869,2019-06-08,南,中楼层/共17层,平层/毛坯,153.44平米
70年,13,滨江长河,43210元/平米,铂金名筑,2015年建/板楼,350,2室2厅,103103942690,2019-02-23,东南 南,高楼层/共27层,平层/简装,81平米
40年,0,萧山奥体,47946元/平米,众安嘉润公馆,未知年建/塔楼,1400,5室2厅,103104713440,2019-05-13,南,低楼层/共47层,精装,292平米
70年,307,钱塘新区金沙湖,29537元/平米,德嘉金沙阳光,2011年建/板楼,265,3室1厅,103101440198,2017-06-24,南,高楼层/共26层,简装,89.72平米
70年,9,西湖文教,52936元/平米,白荡海人家,1999年建/板楼,595,3室2厅,103104543313,2019-04-26,南 北,高楼层/共7层,平层/精装,112.4平米
70年,0,滨江西兴,38168元/平米,温兴风情苑,2007年建/板楼,400,3室2厅,103104866525,2019-05-29,南,低楼层/共6层,精装,104.8平米
70年,3,西湖文教,64462元/平米,莫干山路,1986年建/板楼,265,1室1厅,103102770756,2018-08-22,南,高楼层/共6层,平层/简装,41.11平米
70年,56,西湖申花,70694元/平米,耀江文鼎苑,2007年建/板楼,920,3室1厅,103102766050,2018-08-21,南,中楼层/共18层,精装,130.14平米
40年,2,滨江滨江区政府,43201元/平米,江滨澜廷,2014年建/板楼,250,1室2厅,103102398094,2018-05-10,西北,低楼层/共24层,Loft/精装,57.87平米
70年,98,余杭翡翠城,35263元/平米,翡翠城二期,2010年建/板塔结合,315,2室2厅,103104128171,2019-03-15,南 北,低楼层/共18层,平层/精装,89.33平米
70年,14,余杭未来科技城,24590元/平米,湖山帝景湾南苑,2015年建/板楼,280,3室2厅,103102678898,2018-08-01,南,高楼层/共23层,毛坯,113.87平米
70年,2,西湖转塘,36579元/平米,融创瑷骊山,未知年建/板楼,325,2室1厅,103104590624,2019-04-30,南,高楼层/共12层,跃层/精装,88.85平米
70年,4,江干采荷,101363元/平米,宋都凯旋苑,2002年建/板楼,1600,5室3厅,103103712680,2019-01-07,南,高楼层/共11层,简装,157.85㎡
70年,0,余杭闲林,26793元/平米,竹海水韵,2015年建/板楼,235,3室2厅,103104772639,2019-05-19,南 北,中楼层/共18层,平层/简装,87.71平米
70年,5,钱塘新区沿江南,40523元/平米,保利鹭沙郡府,2010年建/暂无数据,860,4室2厅,103102561302,2018-06-30,南,独栋/共3层,毛坯,212.23平米
70年,12,拱墅拱宸桥,46220元/平米,中国铁建国际汇,未知年建/板楼,390,2室2厅,103102554418,2018-06-28,南 北,低楼层/共24层,平层/精装,84.38平米
70年,12,西湖文三西路,48077元/平米,香樟公寓,2000年建/板楼,665万元,4室2厅,103104009532,2019-03-02,南,低楼层/共6层,平层/精装,138.32平米
50年,30,萧山萧山新城区,19123元/平米,绿都百瑞广场,2004年建/板楼,153,1室2厅,103102077804,2018-01-15,东,低楼层/共27层,平层/简装,80.01平米
70年,5,拱墅大关,37673元/平米,大关南五苑,1998年建/板塔结合,270,2室2厅,103104878213,2019-05-30,南,高楼层/共7层,平层/精装,71.67平米
70年,11,拱墅德胜,36276元/平米,德胜新村,1988年建/板楼,210,2室1厅,103103932374,2019-02-22,南,中楼层/共7层,平层/简装,57.89平米
70年,2,江干笕桥,44928元/平米,金色黎明一期,2013年建/板楼,620,3室2厅,103103049914,2018-10-05,西南,低楼层/共16层,平层/简装,138平米
70年,0,江干丁桥,29519元/平米,北城枫景园,2012年建/板楼,245,3室1厅,103104540569,2019-04-25,南,低楼层/共16层,平层/精装,83平米
70年,2,拱墅和睦,37314元/平米,和睦新村,1989年建/板楼,250,3室1厅,103102876498,2018-09-08,南,中楼层/共6层,简装,67平米
40年,0,滨江长河,32623元/平米,恒鼎博邑郡,2016年建/板楼,150,1室2厅,103104507756,2019-04-22,西,低楼层/共19层,精装,45.98平米
70年,37,江干丁桥,29336 元/平米,农港苑,2010年建/板楼,180,2室1厅,103104275644,2019-03-30,南,中楼层/共15层,平层/精装,61.36平米
70年,5,拱墅大关,34936元/平米,大关西三苑,1996年建/板楼,258,3室1厅,103104830517,2019-05-25,南,高楼层/共6层,平层/简装,73.85平米
70年,10,拱墅大关,46860元/平米,大浒东苑,2006年建/塔楼,188,1室1厅,103102703203,2018-08-06,南,低楼层/共17层,简装,40.12平米
40年,1,余杭临平,18736元/平米,华元欢乐城,2016年建/板塔结合,80,2室1厅,103104415405,2019-04-13,东南,中楼层/共38层,精装,42.7平米
70年,1,下城流水苑,37886元/平米,流水东苑,1995年建/板楼,210,2室1厅,103103109844,2018-10-14,南,高楼层/共7层,简装,55.43平米
70年,5,下城三塘,33062元/平米,长兴公寓,未知年建/板楼,235,2室1厅,103104209901,2019-03-23,南 北,高楼层/共7层,平层/简装,71.08平米
70年,10,余杭临平,27273元/平米,理想康城国际,2011年建/板楼,240,2室2厅,103104065323,2019-03-08,南 西 北,低楼层/共22层,平层/精装,88平米
70年,1,萧山义桥,20870元/平米,三水一生,2003年建/板楼,240,3室1厅,103104271823,2019-03-29,南,中楼层/共5层,平层/毛坯,115平米
70年,46,钱塘新区沿江南,27206元/平米,宋都晨光国际,2013年建/板塔结合,370,4室2厅,103102685157,2018-08-02,南,高楼层/共32层,平层/精装,136平米
70年,0,拱墅大关,37860元/平米,大关西四苑,未知/板楼,428,3室2厅,103104556779,2019-04-27,南,高楼层/共6层,简装,113.05平米
70年,13,余杭临平,36132元/平米,绿城蓝庭西区,2013年建/板塔结合,495,4室2厅,103102404207,2018-05-12,南,低楼层/共5层,精装,137平米
40年,2,余杭临平,17358元/平米,华元欢乐城,2016年建/板楼,72,2室1厅,103104396493,2019-04-11,北,高楼层/共38层,跃层/精装,41.48平米
40年,2,余杭临平,18540元/平米,华元欢乐城,2016年建/板塔结合,64,2室1厅,103104309858,2019-04-02,西,中楼层/共22层,平层/简装,34.52平米
70年,2,钱塘新区沿江北,30402元/平米,伊萨卡国际城浩泽园,2008年建/板楼,270,2室2厅,103103904746,2019-02-18,南,低楼层/共34层,精装,88.81平米
70年,1,西湖三墩,41166元/平米,协安紫郡,2016年建/板楼,370,3室2厅,103104707775,2019-05-12,南,低楼层/共20层,平层/其他,89.88平米
70年,0,临安临安,15592元/平米,锦尚唐宁郡,2014年建/板楼,145,2室2厅,103104977760,2019-06-09,南 北,高楼层/共16层,毛坯,93平米
70年,34,西湖文一西路,50483元/平米,湖畔花园龙珠苑,1997年建/暂无数据,890,4室2厅,103104213293,2019-03-23,南 北,联排/共3层,简装,176.3平米
70年,59,萧山萧山市区,31153元/平米,育才东苑,1995年建/板楼,180,2室1厅,103103747880,2019-01-13,南,中楼层/共6层,平层/精装,57.78平米
70年,4,下城体育场路,51011元/平米,御跸苑,2000年建/板楼,550,3室1厅,103104867458,2019-05-29,南 北 西,高楼层/共15层,平层/简装,107.82平米
70年,11,西湖文教,65947元/平米,花园南村,1985年建/板楼,470,3室1厅,103104210337,2019-03-23,南 西 北,低楼层/共5层,简装,71.27平米
70年,1,余杭闲林,26578元/平米,庭院深深,2012年建/板楼,230,3室2厅,103104824564,2019-05-24,南 北,低楼层/共18层,平层/简装,86.54平米
70年,8,江干九堡,36648元/平米,罗兰春天,2012年建/板楼,310,3室2厅,103104795716,2019-05-21,南 北,中楼层/共17层,跃层/精装,84.59平米
70年,1,钱塘新区大学城北,29609元/平米,宋都东郡国际,2016年建/板楼,265,3室2厅,103104622178,2019-05-04,南,中楼层/共33层,平层/精装,89.5平米
70年,12,余杭翡翠城,26814元/平米,金都梧桐苑,2005年建/板楼,400,3室2厅,103102423196,2018-05-18,南,低楼层/共11层,平层/精装,149.18平米
70年,27,余杭良渚,26112元/平米,良渚文化村七贤郡,2014年建/板塔结合,360,4室2厅,103103702015,2019-01-05,南,中楼层/共9层,平层/精装,137.87平米
70年,46,萧山萧山市区,28000元/平米,绿都世贸广场,2004年建/板楼,210,2室1厅,103104629709,2019-05-05,南,低楼层/共28层,平层/简装,75平米
40年,5,钱塘新区金沙湖,29153元/平米,金沙湖1号,2011年建/板楼,175,2室2厅,103104238424,2019-03-26,南,低楼层/共19层,精装,60.03平米
40年,5,钱塘新区金沙湖,18334元/平米,金沙国际,2016年建/塔楼,88,1室1厅,103102762724,2018-08-21,北,低楼层/共26层,简装,48平米
70年,0,余杭星桥,20071元/平米,黄鹤山居,2007年建/板楼,300,3室2厅,103104300581,2019-04-01,南,中楼层/共6层,平层/其他,149.47平米
40年,27,余杭未来科技城,25544元/平米,富力十号一期,2017年建/板楼,135,2室1厅,103103852614,2019-02-12,北,低楼层/共10层,精装,52.85平米
70年,0,江干采荷,46185元/平米,凯旋路104号,1996年建/板楼,230,2室1厅,103104533428,2019-04-25,南,中楼层/共7层,平层/精装,49.8平米
50年,7,江干南肖埠,22327元/平米,新城市广场,2000年建/塔楼,129,1室1厅,103104033285,2019-03-04,东,中楼层/共30层,平层/简装,57.78平米
70年,15,西湖良渚,28216元/平米,都市阳光嘉苑,2010年建/板楼,179,2室1厅,103104627237,2019-05-04,南,中楼层/共18层,平层/简装,63.44平米
70年,66,余杭良渚,29029元/平米,良渚文化村七贤郡,2014年建/板塔结合,227,3室2厅,103102560805,2018-06-30,南,低楼层/共6层,平层/精装,78.2平米
40年,0,余杭未来科技城,23833元/平米,富力天贸广场,2013年建/平房,125,2室1厅,103104517617,2019-04-23,南 北,低楼层/共10层,平层/其他,52.45平米
70年,12,余杭西溪,51723元/平米,大华西溪风情,2014年建/塔楼,1350,5室2厅,103103064849,2018-10-07,东南,联排/共1层,精装,261.01平米
70年,7,江干三里亭,38858元/平米,三里新城桂苑,2006年建/板楼,325,3室2厅,103104346519,2019-04-06,南,低楼层/共6层,平层/简装,83.64平米
70年,6,余杭闲林,21611元/平米,绿城桃源小镇,2014年建/板楼,295,4室2厅,103103416166,2018-11-19,南,低楼层/共33层,精装,136.51平米
70年,20,滨江西兴,45393元/平米,瑞立东方花城,2015年建/板楼,400,2室2厅,103102983799,2018-09-23,南 北,高楼层/共24层,平层/精装,88.12平米
70年,0,下城建国北路,45653元/平米,艮园社区,1992年建/板楼,210,2室1厅,103104783795,2019-05-20,南 北,高楼层/共7层,平层/精装,46平米
40年,4,下城三塘,38540元/平米,杭州新天地,2015年建/板楼,190,2室2厅,103102799483,2018-08-29,北,高楼层/共11层,精装,49.3平米
70年,171,江干南肖埠,40388元/平米,华家池,1988年建/板楼,150,1室1厅,103102652533,2018-07-25,南,高楼层/共6层,平层/精装,37.14平米
40年,50,余杭临平,18388元/平米,华元欢乐城,2016年建/板塔结合,52,1室0厅,103102510027,2018-06-15,东,中楼层/共19层,精装,28.28平米
70年,4,拱墅拱宸桥,29629元/平米,蚕花园永庆坊,2000年建/板楼,310,2室2厅,103102689415,2018-08-03,南,中楼层/共21层,平层/简装,104.63平米
70年,3,余杭临平,25889元/平米,新城都市丽景,2001年建/板楼,340,3室2厅,103102794854,2018-08-28,南 北,中楼层/共10层,平层/精装,131.33平米
70年,17,西湖西溪,46875元/平米,滨江西溪明珠,2016年建/板楼,1650,5室2厅,103103721811,2019-01-08,南,联排/共4层,毛坯,352平米
70年,4,西湖古荡,41667元/平米,古荡新村西区,1990年建/板楼,210,2室1厅,103105032996,2019-06-14,南,低楼层/共6层,平层/简装,50.4平米
70年,15,下城流水苑,39944元/平米,流水东苑,1995年建/板楼,312,3室1厅,103104155967,2019-03-17,南,中楼层/共7层,平层/简装,78.11平米
70年,2,钱塘新区高教园区东,36220元/平米,景冉佳园,2014年建/板塔结合,215,2室1厅,103104810957,2019-05-23,南,低楼层/共32层,平层/简装,59.36平米
70年,1,西湖文三,71313元/平米,马塍路11号,1995年建/板楼,440,2室1厅,103105038857,2019-06-15,南,低楼层/共6层,平层/精装,61.7平米
70年,15,江干九堡,34832元/平米,远洋心里,2014年建/塔楼,310,3室2厅,103102494535,2018-06-10,南 北,低楼层/共17层,平层/简装,89平米
50年,12,滨江滨江区政府,38096元/平米,世茂智慧之门,2018年建/板楼,160,2室1厅,103103103156,2018-10-13,南,中楼层/共19层,简装,42平米
70年,0,江干丁桥,31312元/平米,金地格林格林,2015年建/板楼,270,3室1厅,103104975050,2019-06-09,南,高楼层/共17层,平层/精装,86.23平米
70年,7,临安临安,14496元/平米,翠紫苑,未知年建/板楼,162,3室2厅,103103629410,2018-12-23,南,低楼层/共7层,平层/毛坯,111.76平米
70年,47,余杭闲林,28482元/平米,瑞城温莎郡,2014年建/板楼,270,2室2厅,103102340131,2018-04-22,南,低楼层/共32层,平层/简装,94.8平米
70年,1,下城众安桥,54708元/平米,永丰巷,1998年建/板楼,412,3室1厅,103105007172,2019-06-12,西北 北,中楼层/共7层,平层/精装,75.31平米
40年,0,萧山萧山新城区,24600元/平米,萧山宝龙城市广场,2016年建/板塔结合,290,3室2厅,103104181660,2019-03-20,南,中楼层/共23层,简装,117.89平米
70年,1,上城南星,83084元/平米,绿城蓝色钱江,2011年建/板楼,1660,4室2厅,103104962142,2019-06-07,南,低楼层/共29层,平层/其他,199.8平米
70年,9,,31826元/平米,联合格里,2010年建/板楼,280,3室2厅,103103283748,2018-11-04,南 北,高楼层/共16层,简装,87.98平米
70年,1,滨江彩虹城,48112元/平米,国信嘉园,2006年建/板楼,800,4室2厅,103104996690,2019-06-11,南,高楼层/共12层,平层/精装,166.28平米
70年,5,下城三塘,36754元/平米,东新园望景苑,2004年建/板楼,480,3室2厅,103102815646,2018-08-31,南 北,低楼层/共11层,简装,130.6平米
50年,46,萧山萧山新城区,19752元/平米,开元加州阳光小区,2005年建/板楼,70,1室0厅,103102746831,2018-08-17,东北,中楼层/共30层,平层/精装,35.44平米
40年,13,滨江奥体,38637元/平米,绿地旭辉城,2016年建/板楼,255,1室1厅,103102431859,2018-05-21,西南,中楼层/共26层,平层/精装,66平米
70年,0,西湖文教,44301元/平米,莫干山路633号,1995年建/板楼,375,2室2厅,103104195756,2019-03-21,南 北,高楼层/共7层,平层/简装,84.65平米
70年,2,江干景芳,46358元/平米,东方御府,2015年建/板塔结合,1400,5室1厅,103104145022,2019-03-16,南 北,低楼层/共29层,平层/其他,302平米
70年,0,临安临安,18733元/平米,青山鹤岭,2013年建/板楼,133,2室2厅,103103840858,2019-01-31,南,中楼层/共11层,精装,71平米
70年,0,萧山义桥,24891元/平米,绿都御景蓝湾,2016年建/板楼,250,3室2厅,103104411704,2019-04-13,南,低楼层/共26层,平层/简装,100.44平米
70年,0,钱塘新区沿江北,22748元/平米,梦琴湾,2007年建/板楼,285,3室2厅,103102585548,2018-07-07,南,低楼层/共33层,平层/其他,125.29平米
70年,23,钱塘新区沿江南,28917元/平米,保利东湾,2010年建/板楼,555,4室2厅,103102853826,2018-09-07,南 北,高楼层/共35层,平层/精装,191.93平米
70年,8,余杭闲林,23413元/平米,绿城桃源小镇,未知年建/板塔结合,195,3室1厅,103104800386,2019-05-22,南 北,高楼层/共18层,平层/毛坯,83.29平米
50年,17,下城长庆,23096元/平米,凤起商务大厦,2003年建/塔楼,97,1室1厅,103102415986,2018-05-16,东南,低楼层/共27层,平层/简装,42平米
70年,35,滨江滨江区政府,54636元/平米,荣安望江南,2013年建/板楼,485,2室2厅,103104370041,2019-04-09,南,低楼层/共26层,平层/精装,88.77平米
70年,0,拱墅拱宸桥,40333元/平米,吉庆院,1990年建/板楼,160,1室1厅,103104297085,2019-04-01,南,高楼层/共7层,平层/简装,39.67平米
70年,23,余杭翡翠城,31740元/平米,西溪华东园,2014年建/板楼,440,4室2厅,103102797328,2018-08-29,南 北,低楼层/共18层,平层/精装,138.63平米
70年,18,萧山湘湖,25985元/平米,美之园东区,2003年建/板楼,320,3室2厅,103101969836,2017-12-05,南,高楼层/共5层,跃层/精装,123.15平米
70年,5,上城湖滨,40016元/平米,中河中路,1990年建/板楼,310,2室1厅,103104832749,2019-05-25,南,中楼层/共6层,简装,77.47平米
70年,0,江干九堡,34152元/平米,万科魅力之城,2009年建/板楼,370,3室2厅,103104962367,2019-06-07,南 北,高楼层/共11层,平层/精装,108.34平米
70年,3,钱塘新区沿江南,27168元/平米,世茂江滨花园瑞景湾,2010年建/塔楼,240,3室1厅,103104419675,2019-04-14,南,高楼层/共33层,平层/毛坯,88.34㎡
70年,3,西湖文三西路,39216元/平米,中兴公寓,2000年建/板楼,480,4室2厅,103104137158,2019-03-15,南,中楼层/共7层,平层/简装,122.4平米
70年,20,上城南星,62396元/平米,赞成林风和风苑,2011年建/板楼,560,2室2厅,103102927012,2018-09-16,南 北,中楼层/共29层,平层/毛坯,89.75平米
70年,8,西湖翠苑,40995元/平米,明珠公寓,2001年建/板楼,900,5室2厅,103102608939,2018-07-13,南,高楼层/共6层,简装,219.54平米
70年,17,西湖文教,62474元/平米,耀江文萃苑,2003年建/板楼,733,3室2厅,103102834116,2018-09-03,南,中楼层/共11层,简装,117.33平米
40年,6,余杭未来科技城,27778元/平米,欧美金融城,2017年建/板楼,150,2室2厅,103104265364,2019-03-29,南,高楼层/共26层,精装,54平米
70年,6,江干景芳,42635元/平米,景芳六区,1998年建/板楼,325,2室2厅,103104502263,2019-04-21,南 北,中楼层/共6层,平层/精装,76.23平米
70年,15,江干丁桥,30000元/平米,丁桥颐景园,2012年建/板楼,255,2室1厅,103104090537,2019-03-11,南,中楼层/共16层,平层/精装,85平米
70年,7,江干三里亭,37576元/平米,三里新城橘苑,2005年建/板楼,310,2室1厅,103104191209,2019-03-21,南,低楼层/共6层,平层/简装,82.5平米
70年,2,西湖三墩,29746元/平米,金源公寓(西湖),1996年建/板楼,330,3室2厅,103104227162,2019-03-25,南,低楼层/共6层,平层/精装,110.94平米
70年,6,余杭临平,22245元/平米,爱民路,1998年建/板楼,135,2室1厅,103104909165,2019-06-02,南,低楼层/共6层,平层/精装,60.69平米
70年,0,钱塘新区大学城北,29445元/平米,宋都东郡之星,2019年建/板楼,265,2室2厅,103104325933,2019-04-04,南,中楼层/共31层,平层/毛坯,90平米
70年,44,萧山钱江世纪城,56507元/平米,顺发美哉美城,2017年建/板楼,660,4室2厅,103102219446,2018-03-17,东 南 北,高楼层/共13层,平层/毛坯,116.8平米
70年,152,拱墅湖墅,37544元/平米,五一新村,1997年建/板楼,310,3室1厅,103101953057,2017-11-30,南,低楼层/共6层,平层/精装,82.57平米
70年,4,余杭塘栖,17022元/平米,,未知年建/板楼,120,3室1厅,103104667703,2019-05-08,南,中楼层/共5层,平层/简装,70.5平米
40年,1,钱塘新区金沙湖,27500元/平米,泰美国际大厦,2016年建/塔楼,110,1室1厅,103102555865,2018-06-29,南,中楼层/共22层,平层/简装,40平米
70年,10,余杭未来科技城,46856元/平米,欧美金融城,2017年建/板楼,450,3室2厅,103104400726,2019-04-12,南 北,低楼层/共31层,平层/精装,96.04平米
70年,15,萧山萧山市区,37500元/平米,新白马公寓,2008年建/板楼,435,3室2厅,103102777308,2018-08-24,南 北,低楼层/共30层,平层/精装,116平米
70年,10,余杭闲林,35821元/平米,青枫墅园,2014年建/板楼,480,3室2厅,103103689563,2019-01-03,南,中楼层/共18层,平层/精装,134平米
70年,45,余杭闲林,22365元/平米,闲林山水木兰苑,2006年建/板楼,280,3室2厅,103103698071,2019-01-04,南,低楼层/共5层,平层/精装,125.2平米
50年,1,江干景芳,45565 元/平米,向江来时代中心,2017年建/板楼,170,1室1厅,103103181127,2018-10-21,北,高楼层/共17层,精装,37.31平米
70年,12,萧山萧山开发区,26482元/平米,科尔世纪外滩,未知年建/板楼,235,3室2厅,103103476605,2018-11-28,南,高楼层/共30层,平层/毛坯,88.74平米
70年,4,拱墅申花,57777元/平米,绿城慧园,2014年建/板塔结合,880,3室2厅,103103609127,2018-12-20,南,高楼层/共23层,平层/精装,152.31平米
70年,22,江干景芳,42554元/平米,中企艮山府,2015年建/板楼,380,2室1厅,103102639125,2018-07-21,南,低楼层/共23层,平层/毛坯,89.3平米
70年,0,临安临安,21600元/平米,越秀星汇城,未知年建/板楼,216,4室2厅,103105070711,2019-06-18,南,低楼层/共31层,平层/精装,100平米
70年,0,拱墅大关,39413元/平米,大关南四苑,1999年建/板楼,290,3室1厅,103104881245,2019-05-30,南,低楼层/共6层,平层/简装,73.58平米
70年,11,西湖学军,136719元/平米,文二新村,1990年建/板楼,350,1室1厅,103103875070,2019-02-15,南,中楼层/共5层,平层/简装,25.6平米
70年,7,余杭闲林,26646元/平米,庭院深深,2012年建/板楼,230,3室1厅,103103509147,2018-12-03,南 北,高楼层/共18层,平层/精装,86.32平米
70年,21,余杭闲林,21326元/平米,新西湖小镇,2012年建/板楼,186,2室2厅,103104427316,2019-04-14,南 北,中楼层/共31层,平层/精装,87.22平米
70年,8,萧山萧山市区,25006元/平米,万向城市花园,1999年建/板楼,350,3室2厅,103104180809,2019-03-20,南 北,高楼层/共15层,平层/精装,139.97平米
70年,4,余杭闲林,24989元/平米,岸上蓝山,2013年建/板塔结合,220,3室1厅,103104147631,2019-03-17,南,低楼层/共6层,平层/简装,88.04平米
70年,1,江干景芳,37030元/平米,景苑公寓(江干),2000年建/板楼,360,3室1厅,103105061143,2019-06-17,南 北,低楼层/共9层,简装,97.22平米
70年,4,萧山义桥,29214元/平米,绿都御景蓝湾,2017年建/板楼,260,3室2厅,103103508757,2018-12-03,南,高楼层/共23层,毛坯,89平米
70年,5,萧山萧山市区,26616元/平米,潘水南苑,2000年建/板楼,350,3室2厅,103103362035,2018-11-11,南,中楼层/共6层,平层/精装,131.5平米
70年,38,余杭闲林,21835元/平米,复地上城,2014年建/板楼,190,2室2厅,103104096340,2019-03-11,南,低楼层/共17层,平层/毛坯,87.02平米
70年,4,下城三塘,32077元/平米,欣景苑,未知年建/板楼,370,3室2厅,103104213443,2019-03-23,南,高楼层/共16层,平层/简装,115.35平米
70年,6,余杭未来科技城,23637元/平米,福临花苑,2006年建/板楼,260,3室2厅,103103958641,2019-02-24,南,低楼层/共6层,平层/精装,110平米
70年,3,拱墅和睦,60815元/平米,凯德湖墅,2016年建/塔楼,318,1室1厅,103102477104,2018-06-04,南,高楼层/共18层,平层/精装,52.29平米
70年,137,余杭良渚,25743元/平米,良渚文化村阳光天际,2012年建/板楼,520,3室2厅,103090121962,2015-08-23,南 北,上叠别墅/共4层,毛坯,202平米
70年,0,临安临安,15879元/平米,越秀星汇城,未知年建/板楼,213,3室2厅,103104070713,2019-03-09,南,低楼层/共32层,平层/毛坯,134.14平米
70年,0,临安临安,15771元/平米,大园新城南区,未知年建/板楼,88,1室1厅,103104965375,2019-06-08,东,中楼层/共24层,毛坯,55.8平米
40年,1,钱塘新区沿江南,15320元/平米,世茂江滨商业中心,2011年建/塔楼,72,1室1厅,103104474607,2019-04-18,南,中楼层/共28层,精装,47平米
40年,23,余杭临平,16007元/平米,华元欢乐城,2016年建/板楼,95,2室2厅,103103027336,2018-09-29,南,高楼层/共37层,精装,59.35平米
70年,1,余杭勾庄,38203元/平米,凯喜雅锦河湾,2016年建/塔楼,340,3室2厅,103104526575,2019-04-24,南,低楼层/共24层,平层/精装,89平米
70年,11,西湖黄龙,63375元/平米,里东山弄,1995年建/板楼,335,2室1厅,103103929486,2019-02-21,南,低楼层/共5层,平层/简装,52.86平米
70年,0,西湖文三西路,42581元/平米,美都新村,1998年建/板楼,295,2室2厅,103104964409,2019-06-08,南 北,高楼层/共7层,平层/精装,69.28平米
70年,51,余杭临平,17007元/平米,史家埭路小区,未知年建/板楼,125万元,2室2厅,103104248386,2019-03-27,南,中楼层/共7层,平层/简装,73.5平米
70年,9,西湖文三西路,45978元/平米,金欣公寓,1998年建/板楼,320,2室1厅,103102370554,2018-05-02,南,中楼层/共5层,平层/简装,69.6平米
70年,14,拱墅信义坊,44957元/平米,湖墅新村,1998年建/板楼,156,1室0厅,103103661321,2018-12-28,南 北,高楼层/共7层,平层/简装,34.7平米
70年,3,上城近江,53486元/平米,华龙家园,1998年建/板楼,412,2室1厅,103104098116,2019-03-11,南 北,低楼层/共8层,平层/简装,77.03平米
70年,14,余杭三墩,27966元/平米,铭雅苑东区,2004年建/板楼,340,3室2厅,103102622944,2018-07-17,南 西,低楼层/共6层,平层/精装,121.58平米
70年,3,余杭未来科技城,22118元/平米,湖山帝景湾,2015年建/板楼,290,3室2厅,103104706862,2019-05-12,南,高楼层/共22层,平层/简装,131.12平米
70年,10,余杭翡翠城,38462元/平米,环碧苑,2015年建/板塔结合,650,3室2厅,103102892363,2018-09-10,南,中楼层/共4层,毛坯,169平米
70年,13,上城潮鸣,39238元/平米,叶家弄,1989年建/板楼,278,3室1厅,103104690541,2019-05-11,南 北,中楼层/共8层,平层/简装,70.85平米
70年,7,滨江白马湖,43142元/平米,保亿风景蝶院观园,2010年建/板楼,368,2室1厅,103103487035,2018-11-30,南,中楼层/共25层,平层/精装,85.3平米
70年,3,西湖转塘,34385元/平米,佳兆业玖珑山,2014年建/板楼,580,4室2厅,103103870509,2019-02-14,南,中楼层/共11层,平层/精装,168.68平米
70年,26,西湖三墩,30951元/平米,乾成园,2009年建/板楼,378,3室2厅,103102590299,2018-07-08,南,中楼层/共18层,平层/简装,122.13平米
70年,2,临安临安,15464元/平米,翠紫苑,未知年建/板楼,150,3室2厅,103103574433,2018-12-14,南,高楼层/共11层,平层/毛坯,97平米
70年,0,江干城东新城,44703元/平米,新中宇维萨,2014年建/板楼,400,2室2厅,103104955882,2019-06-06,南,高楼层/共14层,平层/精装,89.48平米
70年,15,上城潮鸣,39815元/平米,金衙庄公寓,1998年建/板楼,540,3室2厅,103102614361,2018-07-15,南,高楼层/共6层,平层/简装,135.63平米
70年,16,萧山萧山新城区,40491元/平米,新城香悦奥府,2018年建/板楼,350,3室1厅,103103219469,2018-10-26,南,高楼层/共27层,平层/毛坯,86.44平米
70年,9,上城雄镇楼,43416元/平米,城南家园,2003年建/板楼,300,2室1厅,103104335522,2019-04-05,南,低楼层/共21层,平层/简装,69.1平米
70年,13,下城长庆,45797元/平米,青春坊,1998年建/板楼,420,2室2厅,103102631671,2018-07-19,南 北,高楼层/共7层,平层/简装,91.71平米
50年,1,下城三塘,25219元/平米,阳光银泰城,2014年建/板楼,150,2室1厅,103104226492,2019-03-25,南,高楼层/共16层,Loft/精装,59.48平米
70年,137,余杭星桥,23477元/平米,绿城紫桂公寓,2013年建/板楼,210,2室2厅,103102414364,2018-05-15,南,中楼层/共5层,平层/精装,89.45平米
70年,199,西湖留下,25885元/平米,人和家园,2006年建/板楼,215,3室2厅,103102076558,2018-01-15,南,低楼层/共11层,平层/简装,83.06平米
70年,6,萧山义桥,999999元/平米,金域兰庭,2011年建/板楼,320,3室2厅,103104233034,2019-03-25,南 北,中楼层/共29层,平层/精装,126.38平米
70年,62,余杭星桥,22290元/平米,惠都家园,2011年建/板楼,185,2室1厅,103102759767,2018-08-20,南,高楼层/共18层,平层/精装,83平米
70年,32,萧山湘湖,28032元/平米,美之园西区,2005年建/板楼,356,3室2厅,103101925795,2017-11-20,南 北,中楼层/共6层,平层/精装,127平米
70年,65,余杭三墩,30108元/平米,亲亲家园三期,2006年建/板楼,430,4室2厅,103102691602,2018-08-04,南 北,低楼层/共7层,平层/精装,142.82平米
40年,10,江干火车东站,21721元/平米,红街天城公寓,2012年建/板楼,76,1室1厅,103103863885,2019-02-13,西 西北,中楼层/共18层,平层/精装,34.99平米
70年,20,下城三塘,30496元/平米,三塘桂园,2000年建/板楼,365,4室2厅,103103506740,2018-12-03,南,高楼层/共5层,跃层/简装,119.69平米
70年,2,下城三塘,36539元/平米,长德公寓,1998年建/板楼,255,2室1厅,103104653777,2019-05-07,南 北,中楼层/共7层,平层/简装,69.79平米
70年,49,西湖三墩,32954元/平米,润达花园,1997年建/板楼,298,3室2厅,103103351276,2018-11-10,南,高楼层/共6层,平层/精装,90.43平米
70年,2,余杭良渚,27199元/平米,玉都枫景,2012年建/板楼,288,3室2厅,103104848766,2019-05-27,南,中楼层/共11层,平层/精装,105.89平米
70年,2,余杭闲林,30640元/平米,新明半岛,2014年建/平房,750,4室2厅,103102608438,2018-07-13,南 北,联排/共1层,毛坯,244.78平米
70年,7,拱墅万达广场,37146元/平米,方正荷塘月色,2014年建/板楼,330,3室1厅,103104437013,2019-04-15,南,低楼层/共25层,平层/简装,88.84平米
70年,165,滨江长河,40730元/平米,锦绣江南,2008年建/板楼,750,4室2厅,103102746795,2018-08-17,南,中楼层/共31层,平层/毛坯,184.14平米
70年,11,江干景芳,65002元/平米,东方御府,2015年建/板楼,575,2室0厅,103102656864,2018-07-26,南,高楼层/共30层,精装,88.46平米
40年,1,江干丁桥,24409元/平米,置鼎明珠1号,2016年建/板楼,100,2室1厅,103103862673,2019-02-13,北,中楼层/共10层,平层/毛坯,40.97平米
70年,46,余杭万达广场,33767元/平米,万科北宸之光,2016年建/塔楼,260,2室1厅,103104361992,2019-04-08,南,中楼层/共27层,平层/精装,77平米
70年,1,萧山萧山市区,21416元/平米,金马同盛,2013年建/板楼,360,3室2厅,103102816537,2018-08-31,南 北,中楼层/共22层,简装,168.1平米
70年,1,江干丁桥,26316元/平米,阳光逸城,2010年建/塔楼,210,2室1厅,103104933774,2019-06-04,南 北,中楼层/共14层,平层/简装,79.8平米
70年,10,西湖文一西路,40187元/平米,南都花园二区,1996年建/板楼,430,3室2厅,103104182806,2019-03-20,南,低楼层/共7层,平层/简装,107平米
70年,14,江干丁桥,30838元/平米,广宇上东领地,2011年建/板楼,236,2室1厅,103104687942,2019-05-10,南,中楼层/共16层,平层/精装,76.53平米
70年,7,西湖转塘,31553元/平米,朗郡庭园,2011年建/板楼,580,5室2厅,103102196038,2018-03-10,南,高楼层/共27层,平层/简装,183.82平米
70年,15,江干火车东站,41892元/平米,红街公寓,2010年建/板楼,520,3室1厅,103103635065,2018-12-24,南 北,中楼层/共18层,平层/精装,124.13平米
70年,127,余杭临平,16289元/平米,邱山大街114-755号,未知年建/板楼,175,3室2厅,103104036936,2019-03-05,南,高楼层/共6层,平层/精装,107.44平米
70年,1,钱塘新区工业园南,35015元/平米,东海柠檬郡,2012年建/塔楼,600,3室2厅,103104775895,2019-05-19,南,高楼层/共32层,跃层/精装,171.36平米
70年,9,富阳富阳,25450元/平米,九龙仓雍景山,未知年建/板楼,290,4室2厅,103104637504,2019-05-05,南 北,联排/共4层,跃层/毛坯,113.95㎡
70年,43,余杭西溪,39399元/平米,绿城西溪融庄,未知年建/板楼,920,5室3厅,103103348834,2018-11-09,南,低楼层/共7层,精装,233.51平米
70年,6,拱墅信义坊,36178元/平米,娑婆新村,1990年建/板楼,240,2室1厅,103104087478,2019-03-10,南,高楼层/共7层,平层/简装,66.34平米
40年,9,余杭未来科技城,29897元/平米,欧美金融城,2017年建/板楼,138,1室2厅,103104063561,2019-03-08,北,高楼层/共26层,精装,46.16平米
70年,1,上城南星,51694元/平米,秋涛南苑,1996年建/板楼,290,2室1厅,103104079459,2019-03-09,南,中楼层/共7层,平层/简装,56.1平米
40年,1,,19231元/平米,新农都公馆一区,2016年建/板楼,145,2室2厅,103104730623,2019-05-15,南 北,高楼层/共5层,平层/简装,75.4平米
70年,1,临安临安,16078元/平米,越秀星汇城,未知年建/板楼,215,3室2厅,103103368271,2018-11-12,南 北,中楼层/共28层,毛坯,133.73平米
70年,3,余杭闲林,33472元/平米,新湖果岭,2016年建/板塔结合,290,3室2厅,103104931015,2019-06-04,南,低楼层/共32层,平层/精装,86.64平米
70年,2,下城建国北路,37926元/平米,东园大楼,1998年建/板楼,310,2室1厅,103103748428,2019-01-13,北,高楼层/共20层,平层/简装,81.74平米
70年,2,临安临安,19490元/平米,越秀星汇城,未知年建/板楼,175,3室2厅,103104368343,2019-04-08,南,高楼层/共33层,平层/毛坯,89.79平米
50年,13,拱墅和睦,30756元/平米,和睦院,2008年建/板楼,103,1室1厅,103102574942,2018-07-04,北,中楼层/共13层,复式/简装,33.49平米
70年,20,滨江浦沿,88566元/平米,尚城墅,2010年建/暂无数据,780,4室2厅,103104480851,2019-04-19,南 北,联排/共1层,精装,88.07平米
70年,11,江干丁桥,27565元/平米,保利罗兰香谷,2015年建/板楼,165,2室1厅,103105027899,2019-06-14,南,低楼层/共17层,平层/简装,59.86平米
70年,1,上城鼓楼,40509元/平米,金狮苑,1998年建/板楼,153,1室1厅,103104919770,2019-06-03,南,高楼层/共7层,平层/简装,37.77平米
40年,18,萧山萧山开发区,24957元/平米,凯丽晶座,2013年建/塔楼,145,2室2厅,103103942858,2019-02-23,西,高楼层/共22层,复式/精装,9平米
70年,1,余杭良渚,24000元/平米,北秀蓝湾花苑,2005年建/板楼,300,3室2厅,103104541891,2019-04-25,南 北,中楼层/共5层,平层/精装,125平米
70年,66,余杭闲林,23077元/平米,绿城桃花源,2015年建/板楼,300,3室2厅,103102123515,2018-02-06,南,低楼层/共5层,平层/精装,130平米
70年,1,萧山闻堰,27500元/平米,三江花园(萧山),2000年建/板楼,385,3室2厅,103102605254,2018-07-12,南 北,中楼层/共6层,平层/简装,140平米
70年,0,滨江长河,39920元/平米,仁苑,2009年建/板楼,655,4室2厅,103103860550,2019-02-13,南,低楼层/共29层,简装,164.08平米
70年,93,滨江长河,31429元/平米,长兴苑小区,2006年建/板楼,335,3室2厅,103102129288,2018-02-10,南,高楼层/共6层,简装,106.59平米
70年,6,余杭未来科技城,25881元/平米,湖山帝景湾南苑,2015年建/板楼,230,3室1厅,103102647731,2018-07-24,南,低楼层/共23层,精装,88.87平米
70年,37,江干采荷,51125元/平米,清泰小区,1996年建/板楼,400,3室1厅,103103103496,2018-10-13,南 北,高楼层/共7层,平层/精装,78.24平米
70年,3,余杭临平,23874元/平米,赞成檀府,2016年建/板塔结合,318,3室2厅,103104745478,2019-05-16,南,中楼层/共24层,平层/毛坯,133.2平米
70年,35,下城天水,52065元/平米,玄坛弄,1988年建/板楼,227,2室1厅,103102006418,2017-12-18,南,高楼层/共6层,平层/简装,43.6平米
70年,0,拱墅大关,37012元/平米,大关西六苑,1996年建/板楼,158,1室1厅,103105043678,2019-06-15,南 北,高楼层/共6层,简装,42.69平米
70年,2,西湖文三西路,43640元/平米,西荡苑杏苑,2003年建/板楼,460,2室2厅,103103184616,2018-10-22,南,中楼层/共11层,简装,105.41平米
50年,25,滨江滨江区政府,47143元/平米,君尚金座,2012年建/板楼,330,3室2厅,103103525687,2018-12-06,东南,中楼层/共27层,精装,70平米
70年,50,萧山闻堰,29497元/平米,通和戈雅公寓,2009年建/板楼,255,2室2厅,103104578058,2019-04-29,南,低楼层/共32层,平层/精装,86.45平米
70年,33,余杭临平,17744 元/平米,丰梅路10-21号,2000年建/板楼,170,3室2厅,103103167769,2018-10-19,南,高楼层/共6层,平层/简装,95.81平米
70年,8,下城朝晖,39934元/平米,朝晖六区,1986年建/板楼,310,3室1厅,103104492594,2019-04-20,南 北,中楼层/共5层,毛坯,77.63平米
70年,7,江干笕桥,36032元/平米,首开武林8栋,2017年建/板楼,320,3室2厅,103104248441,2019-03-27,南,高楼层/共11层,平层/毛坯,88.81平米
70年,32,萧山南部卧城,24997元/平米,广宁小区,2000年建/板楼,195,2室1厅,103102712217,2018-08-09,南,低楼层/共6层,毛坯,78.01平米
70年,3,余杭未来科技城,43546元/平米,富力西溪悦居,2016年建/板塔结合,535,3室2厅,103104805431,2019-05-23,南 北,高楼层/共11层,平层/精装,122.86平米
70年,6,萧山义桥,26405元/平米,绿都御景蓝湾,2017年建/板楼,235,3室1厅,103103993713,2019-02-28,南,中楼层/共11层,平层/毛坯,89平米
70年,10,江干钱江新城,67646元/平米,金基晓庐,2009年建/板楼,1000,4室2厅,103103213051,2018-10-25,南 北,高楼层/共30层,复式/简装,147.83平米
70年,0,上城鼓楼,43745元/平米,金狮苑,1998年建/板楼,200,1室1厅,103105074332,2019-06-18,南,低楼层/共7层,平层/简装,45.72平米
70年,55,西湖西溪,81641元/平米,西溪诚园知敬苑,2013年建/板楼,1600,4室2厅,103102067799,2018-01-11,南,中楼层/共13层,平层/精装,195.98平米
70年,8,拱墅拱宸桥,45715元/平米,锦昌文华苑,2007年建/板楼,560,3室2厅,103104305746,2019-04-02,南 西 北,低楼层/共16层,平层/简装,122.5平米
70年,0,萧山闻堰,30169元/平米,江南摩卡,2009年建/板楼,305,3室1厅,103104297960,2019-04-01,南,高楼层/共28层,平层/精装,101.1平米
70年,4,余杭临平,32219元/平米,余之城,2017年建/板楼,425,3室2厅,103104130114,2019-03-15,南,高楼层/共33层,平层/精装,131.91平米
40年,2,余杭未来科技城,26025元/平米,西溪蓝海,2017年建/塔楼,120,1室1厅,103102991284,2018-09-25,东北,高楼层/共23层,平层/精装,46.11平米
70年,23,余杭勾庄,35781元/平米,万科杭宸,未知年建/板楼,460,4室2厅,103103918665,2019-02-20,东南 南,低楼层/共17层,平层/精装,128.56平米
70年,0,下城流水苑,42731元/平米,和平小区,1998年建/板楼,430,2室2厅,103105040210,2019-06-15,南,中楼层/共7层,错层/简装,100.63平米
70年,1,余杭三墩,29627元/平米,亲亲家园三期,2006年建/板楼,500,5室2厅,103104937123,2019-06-05,南,高楼层/共6层,跃层/精装,168.77平米
70年,3,下城朝晖,44949元/平米,远大花园,2002年建/板楼,222,2室1厅,103105092282,2019-06-20,南 北,低楼层/共7层,平层/简装,49.39平米
70年,5,拱墅信义坊,41057元/平米,董家新村,1985年建/板楼,185,2室1厅,103104933438,2019-06-04,南,低楼层/共5层,平层/精装,45.06平米
70年,2,拱墅和睦,47355元/平米,吉兴公寓,未知年建/板楼,358,2室1厅,103104753286,2019-05-17,南,高楼层/共18层,平层/精装,75.6平米
70年,26,余杭闲林,21700元/平米,闲林山水木兰苑,2006年建/板楼,275,3室2厅,103103003695,2018-09-27,南 北,中楼层/共5层,错层/精装,126.73平米
70年,0,余杭良渚,32441元/平米,越秀星汇悦城,2016年建/板楼,275,3室2厅,103104542254,2019-04-25,南,中楼层/共26层,简装,84.77平米
70年,4,拱墅申花,48700元/平米,雍荣华庭,2017年建/板楼,438,3室2厅,103103224006,2018-10-27,南,中楼层/共29层,简装,89.94平米
70年,14,滨江长河,32250元/平米,长兴苑小区,1997年建/板楼,387,3室2厅,103103447945,2018-11-24,南,中楼层/共6层,平层/简装,120平米
70年,1,余杭塘栖,23070元/平米,贝利栖溪望府,2015年建/板塔结合,205,2室2厅,103104160388,2019-03-18,南,低楼层/共22层,平层/精装,88.86平米
70年,5,西湖申花,50636元/平米,上郡,2010年建/板楼,450,2室1厅,103104795775,2019-05-21,南,低楼层/共16层,平层/精装,88.87平米
70年,11,萧山钱江世纪城,32388元/平米,德信泊林春天,2017年建/板楼,290,3室2厅,103104950264,2019-06-06,南,低楼层/共33层,平层/精装,89.54平米
50年,21,萧山钱江世纪城,25656元/平米,江南明城金座,未知年建/塔楼,90,1室0厅,103104156463,2019-03-17,东,高楼层/共29层,平层/精装,35.08平米
70年,4,余杭崇贤,20136元/平米,锦昌年华,2009年建/板楼,295,4室2厅,103102605886,2018-07-12,南 北,中楼层/共14层,平层/精装,146.51平米
40年,2,拱墅申花,32230元/平米,中天西城纪,2014年建/暂无数据,110,1室1厅,103104200303,2019-03-22,北,高楼层/共14层,精装,34.13平米
70年,0,西湖古荡,39795元/平米,亚洲城花园,1998年建/塔楼,380,3室2厅,103104990203,2019-06-10,南 西南,中楼层/共6层,简装,95.49平米
70年,32,余杭闲林,30004元/平米,荆山翠谷,2006年建/板楼,570,5室2厅,103101223084,2017-04-19,南 北,高楼层/共17层,精装,189.98平米
70年,0,余杭临平,21825元/平米,树兰书香名邸,2012年建/板楼,200,3室2厅,103104665539,2019-05-08,南,中楼层/共32层,平层/精装,91.64平米
70年,43,西湖转塘,29462元/平米,赞成岭上花苑,2009年建/板楼,260,3室1厅,103104015929,2019-03-03,南,中楼层/共17层,平层/简装,88.25平米
70年,0,滨江长河,39630元/平米,南岸晶都花园,2007年建/板楼,398,2室2厅,103103447666,2018-11-24,南,高楼层/共18层,简装,100.43平米
40年,4,余杭未来科技城,29739元/平米,理想西溪金座,2014年建/板楼,182,3室2厅,103102880816,2018-09-08,东,中楼层/共9层,精装,61.2平米
40年,19,滨江滨江区政府,20674元/平米,江南星座,2009年建/板塔结合,180,1室1厅,103102728416,2018-08-12,西 北,中楼层/共23层,平层/精装,87.07平米
70年,0,西湖三墩,32451元/平米,金厦公寓,1998年建/板楼,315,3室2厅,103104162616,2019-03-18,南,中楼层/共6层,简装,97.07平米
70年,0,临安临安,18937元/平米,越秀星汇城,未知年建/板楼,255,3室2厅,103104515140,2019-04-23,南,低楼层/共32层,平层/毛坯,134.66平米
70年,22,江干丁桥,28286元/平米,阳光逸城,2010年建/塔楼,175,2室1厅,103104955212,2019-06-06,南,低楼层/共13层,平层/精装,61.87平米
70年,55,西湖文三西路,40900元/平米,嘉绿景苑西园,2006年建/板楼,380,2室2厅,103103011508,2018-09-28,南,低楼层/共9层,平层/精装,92.91平米
70年,4,西湖文一西路,60000元/平米,华苑公寓,2000年建/板楼,468,3室1厅,103104235815,2019-03-26,南,高楼层/共6层,平层/精装,78平米
70年,10,西湖三墩,38176元/平米,信鸿花园北区,1998年建/板楼,195,1室1厅,103103790756,2019-01-18,南 北,低楼层/共6层,平层/精装,51.08平米
50年,10,滨江滨江区政府,39554元/平米,世茂智慧之门,2018年建/板楼,170,2室1厅,103103140594,2018-10-16,东,高楼层/共19层,简装,42.98平米
70年,5,西湖古荡,41885元/平米,古荡新村东区,1990年建/板楼,313,2室1厅,103104871651,2019-05-29,南 北,低楼层/共6层,平层/简装,74.73平米
70年,2,上城复兴,41915元/平米,钱塘雅苑,2005年建/板楼,760,4室2厅,103103814735,2019-01-23,南,低楼层/共23层,精装,181.32平米
70年,8,萧山萧山新城区,27991元/平米,中誉现代城,2007年建/板楼,186,1室1厅,103102939642,2018-09-19,南,中楼层/共17层,简装,66.45平米
70年,0,余杭星桥,25368元/平米,广厦天都城紫韵公寓,2015年建/板楼,345,4室1厅,103104818877,2019-05-24,南,中楼层/共16层,平层/精装,136平米
70年,2,萧山萧山新城区,42675元/平米,龙湖旭辉春江悦茗,2017年建/板楼,510,4室2厅,103104312961,2019-04-03,南 西 北,低楼层/共30层,平层/毛坯,119.51平米
70年,16,余杭翡翠城,37461元/平米,西溪华东园,2014年建/板楼,318,3室2厅,103104337795,2019-04-05,南,低楼层/共18层,平层/精装,84.89平米
70年,5,下城朝晖,38990元/平米,朝晖七区,1985年建/板楼,230,2室2厅,103104818726,2019-05-24,南,低楼层/共7层,平层/简装,58.99平米
70年,1,上城近江,54140元/平米,近江苑,1996年建/板楼,310,2室1厅,103102795431,2018-08-28,南,中楼层/共7层,简装,57.26平米
70年,15,钱塘新区大学城北,26366元/平米,杭州碧桂园,2014年建/塔楼,235,3室2厅,103103351764,2018-11-10,南,低楼层/共32层,平层/精装,89.13平米
40年,0,滨江长河,37038元/平米,恒鼎博邑郡,2016年建/板楼,200,2室1厅,103104387244,2019-04-10,南,中楼层/共19层,Loft/其他,54平米
40年,11,滨江滨江区政府,37910元/平米,融创杭州印,2017年建/板楼,190,1室1厅,103102513661,2018-06-16,东,低楼层/共39层,平层/精装,50.12平米
70年,23,拱墅半山,28986元/平米,,1998年建/板楼,200,2室2厅,103103101467,2018-10-13,南,中楼层/共7层,平层/精装,69平米
70年,47,拱墅桥西,53758元/平米,九龙仓碧玺,2015年建/板楼,475,2室2厅,103104004538,2019-03-01,南,高楼层/共13层,平层/精装,88.36平米
70年,2,萧山义桥,28601元/平米,金域兰庭,2011年建/板楼,255,3室2厅,103102705618,2018-08-07,南,中楼层/共11层,平层/精装,89.16平米
70年,5,萧山萧山开发区,21849元/平米,新义郡,2014年建/暂无数据,195,3室2厅,103104590162,2019-04-30,南,高楼层/共6层,平层/精装,89.25平米
70年,0,滨江浦沿,49387元/平米,钱江湾花园,2003年建/板楼,990,4室3厅,103104991797,2019-06-10,南 北,高楼层/共11层,跃层/毛坯,200.46平米
70年,20,西湖转塘,32724元/平米,中海定山府,2010年建/板楼,290,3室1厅,103103287239,2018-11-04,南,低楼层/共17层,平层/简装,88.62平米
70年,3,余杭临平,29242元/平米,理想康城国际,2011年建/板楼,408万元,3室1厅,103104190865,2019-03-21,南,高楼层/共18层,平层/精装,139.53平米
70年,34,西湖嘉绿,43655元/平米,物华小区,1998年建/板楼,420,3室1厅,103102585481,2018-07-07,南,中楼层/共6层,平层/精装,96.21㎡
70年,0,临安临安,13609元/平米,宝亿御景园,未知年建/暂无数据,198,5室3厅,103104813726,2019-05-23,南,高楼层/共7层,精装,145.5平米
40年,2,下城石桥,24597元/平米,海辰水岸晶座,2012年建/板楼,125,2室2厅,103104349922,2019-04-07,北,中楼层/共10层,Loft/精装,50.82平米
70年,1,拱墅湖墅,41086元/平米,圣都公寓,2000年建/塔楼,530,3室2厅,103104434308,2019-04-15,南 北,中楼层/共15层,平层/简装,129平米
70年,4,余杭临平,18456元/平米,北大街,1995年建/板楼,125,2室1厅,103104949014,2019-06-06,南,中楼层/共7层,平层/简装,67.73平米
70年,0,滨江滨江区政府,53661元/平米,欣盛东方郡西区,2010年建/板楼,475,2室1厅,103105052190,2019-06-16,南,中楼层/共33层,平层/简装,88.52平米
40年,18,萧山萧山新城区,24746元/平米,德意中兴广场,2007年建/板楼,370,4室2厅,103102714986,2018-08-09,南 北,低楼层/共30层,平层/精装,149.52平米
70年,1,临安临安,17364元/平米,公园城,2014年建/塔楼,248,3室2厅,103104247163,2019-03-27,南 北,高楼层/共17层,平层/简装,142.83平米
40年,2,萧山萧山新城区,31063元/平米,泰和天辰国际广场,2008年建/板楼,415,3室2厅,103103957566,2019-02-24,南,中楼层/共18层,平层/精装,133.6平米
70年,0,上城复兴,48667元/平米,美政花苑,1999年建/板楼,230,2室1厅,103103092677,2018-10-12,南,高楼层/共7层,简装,47.26平米
70年,13,萧山钱江世纪城,48544元/平米,顺发江南丽锦,2014年建/板楼,500,3室2厅,103102849711,2018-09-06,南,中楼层/共33层,毛坯,103平米
70年,0,钱塘新区高教园区西,30921元/平米,裕园公寓,1994年建/板楼,135,1室0厅,103103662552,2018-12-29,南,中楼层/共7层,简装,43.66平米
40年,15,江干景芳,29342元/平米,新城时代广场,2009年建/塔楼,135,1室0厅,103103963523,2019-02-25,南,高楼层/共27层,平层/精装,46.01平米
70年,5,上城南星,53390元/平米,凤凰南苑,2003年建/板楼,530,3室2厅,103102529025,2018-06-21,南 北,高楼层/共6层,简装,99.27平米
70年,15,拱墅拱宸桥,28799元/平米,蚕花园永兴坊,2000年建/板楼,145,1室1厅,103104155920,2019-03-17,南,中楼层/共21层,平层/简装,50.35平米
70年,7,拱墅拱宸桥,43639元/平米,正中尚品庭院,2008年建/板楼,390,2室1厅,103103032416,2018-09-30,南 北,高楼层/共9层,平层/简装,89.37平米
70年,23,西湖申花,33334元/平米,天虹公寓,2010年建/板楼,310,2室2厅,103101887788,2017-11-07,南 北,中楼层/共11层,简装,93平米
50年,22,萧山萧山市区,17179元/平米,绿都泰富广场,未知/板楼,75,1室1厅,103102164536,2018-03-02,南,中楼层/共28层,精装,43.66平米
70年,66,余杭临平,15011元/平米,华惠家园,2005年建/板楼,173,2室2厅,103102267085,2018-03-30,南 北,中楼层/共16层,平层/简装,115.25平米
70年,3,滨江浦沿,47769元/平米,钱塘大观,2017年建/板楼,425,2室2厅,103102910444,2018-09-13,南,低楼层/共33层,平层/精装,88.97平米
70年,20,拱墅万达广场,35860元/平米,方正荷塘月色,2016年建/板楼,318,3室2厅,103103738595,2019-01-11,南,低楼层/共25层,平层/毛坯,88.68平米
70年,2,西湖三墩,41574元/平米,中海金溪园,2011年建/板楼,370,3室1厅,103104697145,2019-05-11,南,低楼层/共26层,平层/精装,89平米
70年,22,余杭翡翠城,37665元/平米,西溪华东园,2014年建/板楼,320,3室1厅,103103186117,2018-10-22,南 北,中楼层/共18层,平层/精装,84.96平米
70年,3,拱墅桥西,58881元/平米,凯德龙湾,2014年建/板楼,785,3室2厅,103104628611,2019-05-05,南,高楼层/共14层,平层/精装,133.32平米
40年,0,余杭临平,18328元/平米,华元欢乐城,2016年建/板塔结合,55,1室1厅,103103585002,2018-12-16,南,高楼层/共19层,平层/简装,30.01平米
70年,5,余杭临平,28662元/平米,理想银泰城,2016年建/板塔结合,265,3室1厅,103104897467,2019-06-01,南,低楼层/共47层,平层/精装,92.46平米
70年,8,西湖文三西路,45778元/平米,莲花新村西区,1999年建/板楼,245,2室1厅,103104248417,2019-03-27,南,中楼层/共7层,平层/简装,53.52平米
70年,17,江干城东新城,47192元/平米,德信大家钱江府,2017年建/板楼,420,3室1厅,103104956871,2019-06-06,南 西 北,高楼层/共18层,平层/精装,89平米
70年,39,西湖嘉绿,47369元/平米,嘉绿西苑,1999年建/板楼,540,3室2厅,103101360239,2017-05-31,南 北,高楼层/共6层,简装,114平米
70年,18,,77629元/平米,平海公寓,2001年建/板楼,1380,4室1厅,103103104108,2018-10-14,东南,中楼层/共19层,平层/精装,177.77平米
70年,2,江干九堡,43603元/平米,宋都阳光国际,2013年建/板塔结合,760,3室2厅,103104959289,2019-06-07,东南,低楼层/共25层,平层/精装,174.3平米
70年,9,下城朝晖,39890元/平米,朝晖四区,未知年建/板楼,360,3室1厅,103104492593,2019-04-20,南 北,高楼层/共7层,平层/简装,90.25平米
40年,14,西湖西溪,30293元/平米,西溪诚园明礼苑,2013年建/板楼,450,3室2厅,103104803861,2019-05-22,南,低楼层/共10层,平层/精装,148.55平米
40年,21,萧山南部卧城,15323元/平米,南润名座,2017年建/塔楼,205,3室2厅,103103028024,2018-09-29,南,高楼层/共19层,平层/毛坯,133.79平米
70年,27,余杭临平,23540元/平米,名门天第,2000年建/板塔结合,112,1室1厅,103102779522,2018-08-24,南,中楼层/共20层,简装,47.58平米
70年,49,萧山钱江世纪城,61091元/平米,顺发和美家,2012年建/板楼,550,5室2厅,103102096038,2018-01-23,南,中楼层/共36层,跃层/简装,90.03平米
70年,2,拱墅拱宸桥,43449 元/平米,紫荆家园,2001年建/板楼,500,3室2厅,103104550084,2019-04-26,南 北,低楼层/共6层,平层/简装,115.08平米
70年,0,余杭未来科技城,30121元/平米,金都西花庭,2013年建/板楼,250,2室2厅,103104974232,2019-06-09,南,高楼层/共18层,平层/精装,83平米
70年,10,拱墅三墩,30533元/平米,都市水乡水曲苑,2008年建/板楼,290,2室2厅,103103634500,2018-12-24,南,低楼层/共11层,平层/简装,94.98平米
70年,8,余杭闲林,23551元/平米,竹海水韵,2011年建/板楼,210,2室2厅,103104635389,2019-05-05,南 北,低楼层/共6层,平层/精装,89.17平米
70年,0,临安临安,14180元/平米,锦绣山水苑,未知年建/塔楼,190,3室2厅,103104691070,2019-05-11,南 北,中楼层/共11层,简装,134平米
70年,0,西湖翠苑,48702元/平米,枫华府第,2008年建/板楼,225,1室1厅,103105105711,2019-06-21,南,低楼层/共25层,其他,46.2平米
70年,74,余杭闲林,18576元/平米,新时代城市家园,2015年建/板塔结合,235,3室1厅,103102339651,2018-04-22,南 北,低楼层/共25层,平层/毛坯,126.51平米
70年,34,西湖文教,58263元/平米,今日嘉园,2008年建/板楼,550,2室1厅,103102480336,2018-06-05,南,高楼层/共10层,平层/精装,94.4平米
70年,15,余杭良渚,35711元/平米,亿丰蔚蓝郡,2012年建/板楼,300,3室1厅,103104902228,2019-06-01,南 北,低楼层/共26层,平层/精装,84.01平米
70年,20,余杭临平,18182元/平米,南苑二区(余杭),2000年建/板楼,240,3室2厅,103104391925,2019-04-11,南,高楼层/共6层,平层/简装,132平米
70年,1,临安临安,17978元/平米,越秀星汇城,未知年建/板楼,160,3室2厅,103105002726,2019-06-11,西南,高楼层/共33层,平层/毛坯,89平米
70年,2,钱塘新区金沙湖,30382元/平米,德嘉金沙阳光,2011年建/板楼,410,3室2厅,103104650707,2019-05-07,南 西 北,低楼层/共17层,平层/精装,134.95平米
40年,11,余杭万达广场,26735元/平米,迪凯运河印象,2016年建/板楼,205,4室2厅,103102744147,2018-08-16,南 北,低楼层/共18层,跃层/简装,76.68平米
70年,0,临安临安,20113元/平米,越秀星汇城,2016年建/板楼,179,3室2厅,103104991744,2019-06-10,南 北,低楼层/共33层,平层/精装,89平米
40年,10,萧山南部卧城,22870元/平米,南江商业中心,2016年建/板楼,117,2室1厅,103104558798,2019-04-27,北,高楼层/共25层,平层/精装,51.16平米
70年,58,余杭闲林,20000元/平米,新西湖小镇,2012年建/板楼,178,2室2厅,103102379706,2018-05-05,南,低楼层/共16层,平层/毛坯,89平米
70年,6,拱墅德胜,55057元/平米,清水公寓,2011年建/板楼,490,2室2厅,103102100434,2018-01-25,南 北,中楼层/共20层,平层/简装,89平米
70年,3,余杭闲林,24947元/平米,岸上蓝山,2013年建/板楼,232,3室2厅,103103260678,2018-11-01,南,中楼层/共5层,精装,93平米
70年,9,拱墅拱宸桥,30869元/平米,蚕花园永兴坊,2000年建/板楼,243,2室1厅,103103785009,2019-01-17,南 北,高楼层/共21层,平层/简装,78.72平米
40年,1,余杭临平,19314元/平米,华元欢乐城,2016年建/板楼,63,1室1厅,103104710302,2019-05-13,东南,低楼层/共37层,平层/精装,32.62平米
70年,11,江干丁桥,31726元/平米,郡枫绿园东区,2015年建/板楼,200,2室2厅,103104009975,2019-03-02,南,中楼层/共14层,平层/精装,63.04平米
70年,4,西湖转塘,35951元/平米,梧桐燕庐,2013年建/板楼,310,2室2厅,103103596477,2018-12-18,南,高楼层/共11层,平层/毛坯,86.23平米
70年,87,西湖西溪,42003元/平米,坤和和家园,2011年建/板楼,600,3室2厅,103102729058,2018-08-12,南 北,高楼层/共13层,平层/精装,142.85平米
50年,16,下城石桥,18845元/平米,泰地北上新城,2013年建/板楼,150,3室1厅,103102537522,2018-06-23,南 北,高楼层/共13层,精装,79.6平米
70年,158,萧山萧山市区,25439元/平米,萧然东路456号,未知年建/暂无数据,145,3室1厅,103102858928,2018-09-07,南,低楼层/共6层,平层/简装,57平米
70年,11,拱墅湖墅,43077元/平米,一清新村,1997年建/板楼,280,2室1厅,103102566030,2018-07-02,南,高楼层/共6层,平层/简装,65平米
70年,2,下城长庆,46119元/平米,青春坊,1998年建/板楼,480,3室1厅,103104734801,2019-05-15,东南,高楼层/共7层,平层/简装,104.08平米
70年,3,余杭良渚,22768元/平米,平瑞瑞和园,未知年建/板楼,258,3室2厅,103103943902,2019-02-23,南,低楼层/共10层,平层/毛坯,113.32平米
70年,1,萧山萧山新城区,34944元/平米,保利霞飞郡,2014年建/板楼,560,5室2厅,103104068038,2019-03-08,南,低楼层/共26层,平层/毛坯,160.26平米
70年,16,余杭未来科技城,23716元/平米,西园凤都苑,2004年建/塔楼,350,4室2厅,103102797338,2018-08-29,南,低楼层/共6层,平层/简装,147.58平米
70年,0,余杭闲林,30801元/平米,融创金成西溪海,2014年建/板楼,270,3室1厅,103104512979,2019-04-22,南 北,低楼层/共18层,平层/简装,87.66平米
70年,2,西湖文一西路,46580元/平米,南都花园一区,1996年建/板楼,320,2室1厅,103104234204,2019-03-25,南,高楼层/共7层,平层/简装,68.7平米
70年,16,拱墅湖墅,44257元/平米,红石公寓,2004年建/板楼,1048,5室3厅,103102627570,2018-07-18,南,高楼层/共16层,跃层/精装,236.8平米
70年,10,滨江彩虹城,41119元/平米,通策广场,2005年建/板楼,625,3室2厅,103102718454,2018-08-10,南 北,中楼层/共11层,精装,152平米
50年,330,余杭未来科技城,23218元/平米,理想西溪金座,2014年建/板楼,126,2室1厅,103102514916,2018-06-17,北,低楼层/共9层,复式/精装,54.27平米
70年,5,江干火车东站,46492元/平米,天城府,2017年建/板楼,650,4室2厅,103104540365,2019-04-25,东南,中楼层/共16层,平层/精装,139.81平米
70年,9,上城近江,56809元/平米,鸥江公寓,1998年建/板楼,330,2室1厅,103103748046,2019-01-13,南,中楼层/共7层,平层/简装,58.09平米
70年,53,滨江彩虹城,43566元/平米,南都江滨花园,2008年建/板楼,650,3室2厅,103101874755,2017-11-03,南 北,高楼层/共9层,精装,149.2平米
70年,4,钱塘新区沿江南,32585元/平米,宋都晨光国际,2013年建/板塔结合,290,3室2厅,103102738897,2018-08-15,南,高楼层/共33层,简装,89平米
70年,29,拱墅申花,35870元/平米,天阳美林湾,2008年建/板楼,330,2室2厅,103103053820,2018-10-06,南,低楼层/共16层,平层/精装,92平米
70年,13,江干丁桥,27420元/平米,久睦苑,2013年建/板楼,170,2室1厅,103104840801,2019-05-26,南,低楼层/共17层,平层/精装,62平米
70年,104,萧山萧山市区,29329元/平米,赵家弄(萧山),未知年建/暂无数据,155,2室1厅,103104660134,2019-05-08,南,高楼层/共6层,平层/精装,52.85平米
70年,9,临安临安,14637元/平米,宝亿御景园,未知年建/暂无数据,162,3室2厅,103103247880,2018-10-30,南,中楼层/共7层,平层/精装,110.68平米
70年,14,西湖三墩,26744元/平米,金源公寓(西湖),1996年建/板楼,280,4室2厅,103103781949,2019-01-17,南 北,高楼层/共6层,平层/简装,104.7平米
70年,1,余杭临平,24944元/平米,绿城蓝庭东区,2013年建/板楼,288,2室2厅,103104886351,2019-05-31,南,高楼层/共15层,平层/精装,115.46平米
70年,4,萧山萧山开发区,25000元/平米,众安景海湾,2012年建/板楼,345,4室2厅,103103080497,2018-10-10,南,中楼层/共32层,平层/简装,138平米
70年,5,下城丝绸城,45923元/平米,新华坊社区,1998年建/板塔结合,330,2室2厅,103104897236,2019-06-01,南,高楼层/共7层,平层/精装,71.86平米
70年,0,余杭闲林,27000元/平米,绿城桃源小镇,未知年建/暂无数据,820,5室3厅,103104431790,2019-04-15,西南,低楼层/共3层,毛坯,303.71平米
70年,14,钱塘新区金沙湖,39271元/平米,名城湖左岸,2012年建/板塔结合,510,4室2厅,103102650544,2018-07-25,南,低楼层/共19层,复式/精装,129.87平米
40年,0,拱墅申花,27701元/平米,蓝钻天成,2016年建/板楼,160,1室1厅,103104798458,2019-05-22,南,中楼层/共21层,平层/精装,57.76平米
70年,1,西湖西溪,52013元/平米,西溪蝶园一期,2009年建/板楼,1000,4室1厅,103104652558,2019-05-07,南 北,中楼层/共11层,复式/精装,192.26平米
70年,7,余杭万达广场,42392元/平米,滨江万家名城,2016年建/板楼,585,3室2厅,103104273175,2019-03-29,南,中楼层/共25层,平层/精装,138平米
70年,0,余杭临平,24720元/平米,绿城蓝庭东区,2013年建/板楼,220,2室1厅,103105104561,2019-06-21,南,低楼层/共11层,其他,89平米
70年,2,江干丁桥,31235元/平米,广宇上东领地,2011年建/板楼,245,2室2厅,103104909622,2019-06-02,南,中楼层/共16层,平层/精装,78.44㎡
70年,39,上城复兴,46538元/平米,水澄花园北苑,2000年建/板楼,660,3室2厅,103090132253,2015-08-24,南 北,低楼层/共19层,平层/精装,141.82平米
70年,15,余杭乔司,24054元/平米,复地连城国际,2014年建/板楼,335,3室2厅,103102502661,2018-06-12,东 南,中楼层/共17层,平层/精装,139.27平米
70年,0,临安临安,26480元/平米,锦绣钱塘,未知年建/暂无数据,850,5室2厅,103105032627,2019-06-14,北,独栋/共2层,其他,321平米
70年,0,西湖文三西路,44284元/平米,莲花新村西区,1999年建/板楼,325,2室2厅,103105027557,2019-06-14,南,高楼层/共7层,简装,73.39平米
70年,96,上城复兴,42700元/平米,清怡花苑,2003年建/板楼,460,3室2厅,103102388020,2018-05-07,南,低楼层/共6层,平层/简装,107.73平米
70年,37,萧山萧山新城区,43286元/平米,龙湖春江天玺,2018年建/板楼,380,3室2厅,103104535661,2019-04-25,南,高楼层/共34层,平层/毛坯,87.79平米
70年,6,西湖文教,57407元/平米,梅苑阁小区,1998年建/板楼,660,3室2厅,103103254677,2018-10-31,南 北,中楼层/共7层,平层/精装,114.97平米
70年,24,江干采荷,50290元/平米,采荷小区玉荷邨,1988年建/板楼,330,2室2厅,103103933676,2019-02-22,南,高楼层/共6层,平层/精装,65.62平米
70年,1,江干丁桥,26843元/平米,久睦苑,2013年建/板楼,220,3室2厅,103104947876,2019-06-05,南 西南,中楼层/共16层,平层/简装,81.96平米
70年,0,余杭西溪,41710元/平米,百家乐西园,2011年建/板楼,365,3室2厅,103104164553,2019-03-18,南,低楼层/共6层,平层/简装,87.51平米
70年,0,拱墅申花,67552元/平米,东方福邸,2014年建/板楼,1099,4室2厅,103104844107,2019-05-26,南,中楼层/共13层,精装,162.69平米
40年,8,江干火车东站,29902元/平米,恒祺克拉天玺,2018年建/板塔结合,219,2室1厅,103102737310,2018-08-15,南 北,中楼层/共15层,精装,73.24平米
70年,2,江干丁桥,27723元/平米,丁桥景园南苑,2000年建/板楼,250,2室2厅,103104266104,2019-03-29,南,高楼层/共16层,简装,90.18平米
70年,52,萧山钱江世纪城,43896元/平米,金昌春和钱塘,2015年建/板楼,375,3室2厅,103102337743,2018-04-21,南,低楼层/共23层,平层/简装,85.43平米
70年,2,江干钱江新城,65605元/平米,金基晓庐,2009年建/板楼,840,3室2厅,103104932475,2019-06-04,南,低楼层/共30层,平层/精装,128.04平米
70年,40,余杭星桥,23213元/平米,广厦天都城天河苑,2007年建/板楼,62,1室0厅,103103436916,2018-11-22,南,高楼层/共6层,平层/简装,26.71平米
70年,26,余杭万达广场,39902元/平米,滨江万家名城,2016年建/塔楼,485,3室1厅,103103271301,2018-11-02,南,中楼层/共25层,平层/精装,121.55平米
70年,2,钱塘新区工业园北,29155元/平米,元成东盛家园,2012年建/板楼,170,2室1厅,103104812679,2019-05-23,南,高楼层/共16层,简装,58.31平米
70年,12,下城长庆,37259元/平米,水陆寺巷,1994年建/板楼,268,2室2厅,103104353544,2019-04-07,南,高楼层/共7层,平层/简装,71.93平米
70年,27,余杭良渚,29993元/平米,良渚文化村阳光天际,2012年建/板楼,580,4室2厅,103104132452,2019-03-15,南 北,中楼层/共4层,跃层/精装,193.38平米
70年,11,余杭闲林,32250元/平米,林溪闲庭,2015年建/板塔结合,258,3室2厅,103102678518,2018-08-01,南 北,中楼层/共12层,平层/精装,80平米
50年,0,江干钱江新城,41177元/平米,东方君悦,2014年建/板楼,280,1室0厅,103104955848,2019-06-06,东,低楼层/共26层,平层/精装,68平米
70年,1,萧山义桥,26707元/平米,金域兰庭,2011年建/板塔结合,239,3室2厅,103104650803,2019-05-07,南,高楼层/共18层,平层/其他,89.49平米
50年,5,拱墅桥西,22218元/平米,宜家时代,2010年建/板楼,95,1室1厅,103104636002,2019-05-05,南 西南,中楼层/共17层,平层/精装,42.76平米
70年,3,滨江奥体,58427元/平米,莱蒙水榭春天,2016年建/板楼,520,3室2厅,103102600327,2018-07-11,南,低楼层/共33层,简装,89平米
70年,24,拱墅和睦,43332元/平米,景上公寓,2008年建/板楼,410,2室1厅,103103706844,2019-01-06,南,低楼层/共11层,平层/精装,94.62平米
70年,4,下城潮鸣,44304元/平米,潮鸣苑,1994年建/板楼,210,1室1厅,103102885153,2018-09-09,南,低楼层/共8层,平层/简装,47.4平米
70年,84,江干笕桥,32822元/平米,万科草庄,2012年建/板楼,295,1室1厅,103102347675,2018-04-25,南,低楼层/共16层,平层/精装,89.88平米
70年,12,钱塘新区沿江南,25540元/平米,金隅观澜时代瀚庭,2013年建/板楼,355,4室2厅,103104516683,2019-04-23,南 北,高楼层/共11层,平层/精装,139平米
70年,64,拱墅大关,37947元/平米,大关东三苑,1995年建/板楼,136,1室1厅,103104834628,2019-05-25,南,中楼层/共6层,平层/精装,35.84平米
70年,29,滨江彩虹城,43541元/平米,彩虹城,2007年建/板楼,700,4室2厅,103104149403,2019-03-17,南 北,低楼层/共10层,平层/简装,160.77平米
70年,35,余杭良渚,32841元/平米,良渚文化村阳光天际,2008年建/板楼,800,5室4厅,103090088069,2015-08-19,南,低楼层/共1层,毛坯,243.6平米
70年,0,余杭星桥,25211元/平米,广厦天都城温莎苑,2011年建/板楼,300,3室2厅,103103666445,2018-12-29,南,高楼层/共11层,平层/精装,119平米
70年,0,余杭未来科技城,29851元/平米,杭州未来广场银天金城,未知年建/暂无数据,102,1室1厅,103104965000,2019-06-08,南,高楼层/共11层,平层/其他,34.17平米
70年,2,下城三塘,49149元/平米,万家星城,2011年建/板楼,430,3室2厅,103104789163,2019-05-21,南,中楼层/共18层,平层/精装,87.49平米
70年,1,江干丁桥,36364元/平米,中旅城仕公馆,2016年建/板楼,320,3室1厅,103104755983,2019-05-17,南 北,低楼层/共16层,平层/精装,88平米
70年,18,余杭星桥,29886元/平米,广厦天都城爱尚公寓,2013年建/板楼,260,3室2厅,103102619667,2018-07-16,南,中楼层/共16层,跃层/精装,87平米
70年,21,下城朝晖,38932元/平米,中北西子花园,2000年建/板塔结合,510,3室1厅,103103102320,2018-10-13,南 西,中楼层/共26层,平层/精装,131平米
70年,29,滨江西兴,45893元/平米,云厦连园,2010年建/板楼,400,3室1厅,103102996478,2018-09-26,南,低楼层/共12层,平层/简装,87.16平米
70年,8,西湖申花,47277元/平米,上郡,2010年建/板楼,420,2室2厅,103103961786,2019-02-25,南,中楼层/共16层,简装,88.84平米
70年,18,西湖留下,20939元/平米,人和家园,2006年建/板楼,265万元,3室2厅,103104785491,2019-05-20,南,低楼层/共11层,平层/精装,126.56平米
70年,0,余杭临平,21788元/平米,新丰小区,未知年建/板楼,235,3室2厅,103104819261,2019-05-24,南,高楼层/共6层,平层/其他,107.86平米
40年,15,钱塘新区高教园区东,21591元/平米,宝龙城市广场,2014年建/板楼,95,3室1厅,103103136552,2018-10-16,北,高楼层/共22层,跃层/简装,44平米
70年,18,西湖转塘,27429 元/平米,中海定山府,2010年建/板楼,480,4室2厅,103102601365,2018-07-11,南,高楼层/共17层,平层/毛坯,175平米
70年,7,萧山南部卧城,31880元/平米,众安朝阳8号,2017年建/板楼,285,3室2厅,103104354755,2019-04-07,南,高楼层/共33层,平层/毛坯,89.4平米
70年,38,滨江浦沿,39503元/平米,金盛曼城,2010年建/板楼,340,3室2厅,103103894771,2019-02-17,南,低楼层/共27层,平层/精装,86.07平米
70年,53,西湖文一西路,44599元/平米,金成花园,1998年建/板楼,450,3室2厅,103102329217,2018-04-18,南,中楼层/共7层,平层/毛坯,9平米
70年,0,上城近江,59017元/平米,南光坊,1998年建/板楼,450,2室2厅,103104890723,2019-05-31,南 北,中楼层/共8层,平层/简装,76.25平米
70年,5,余杭临平,23574元/平米,碧云阁,2002年建/板楼,100,1室1厅,103104680192,2019-05-10,南,中楼层/共11层,平层/精装,42.42平米
70年,7,余杭三墩,29414元/平米,亲亲家园二期,2006年建/板楼,398,4室2厅,103104346708,2019-04-06,东,高楼层/共6层,平层/毛坯,135.31平米
70年,18,滨江彩虹城,61798元/平米,钱塘帝景,2013年建/板楼,550,2室2厅,103103192597,2018-10-23,南 北,高楼层/共45层,平层/精装,89平米
70年,2,余杭瓶窑,14694元/平米,桃园公寓,未知年建/板楼,200,3室1厅,103104663621,2019-05-08,南,高楼层/共5层,平层/精装,136.11平米
70年,10,,23847元/平米,绿城桃源小镇,未知年建/暂无数据,310,4室2厅,103103799668,2019-01-20,南 北,低楼层/共6层,平层/毛坯,130平米
70年,11,上城南星,61001元/平米,赞成林风映水苑,2009年建/塔楼,1030,4室2厅,103104078826,2019-03-09,南,中楼层/共31层,平层/精装,168.85平米
70年,4,西湖文三西路,48223元/平米,香樟公寓,2000年建/板楼,590,3室2厅,103104658518,2019-05-08,南,低楼层/共6层,平层/简装,122.35平米
70年,1,西湖西溪,46265元/平米,富越香溪,2014年建/板楼,410,2室2厅,103105069102,2019-06-18,南,高楼层/共11层,平层/其他,88.62平米
70年,21,上城城站,41119元/平米,金隆花园,1995年建/板塔结合,350,2室2厅,103102178342,2018-03-05,南,中楼层/共19层,平层/简装,85.12平米
50年,1,余杭未来科技城,19704元/平米,盛奥西溪铭座,2014年建/板楼,190,2室1厅,103103555739,2018-12-11,南,中楼层/共10层,简装,96.43平米
70年,20,上城复兴,42549元/平米,复兴南苑,1998年建/板楼,205,2室1厅,103103248791,2018-10-30,南,高楼层/共7层,平层/简装,48.18平米
70年,66,钱塘新区沿江南,22995元/平米,宋都晨光国际,2013年建/板塔结合,430,4室2厅,103101910216,2017-11-14,南,低楼层/共42层,平层/毛坯,187平米
40年,2,拱墅申花,28862元/平米,,2016年建/板楼,168,1室1厅,103102310583,2018-04-13,南,中楼层/共21层,精装,58.21平米
70年,0,余杭塘栖,22008元/平米,贝利栖溪公馆,2012年建/板塔结合,380,4室2厅,103104230036,2019-03-25,南,低楼层/共18层,平层/毛坯,172.67平米
70年,39,余杭临平,20063元/平米,肖家弄,2009年建/板楼,135,2室1厅,103102713176,2018-08-09,南,中楼层/共7层,简装,67.29平米
70年,38,西湖嘉绿,41983元/平米,桃源春居,1996年建/板楼,249,2室1厅,103102928517,2018-09-16,南,低楼层/共7层,平层/简装,59.31平米
70年,0,余杭闲林,24272元/平米,庭院深深,2012年建/板楼,205,2室1厅,103104914486,2019-06-02,南 北,高楼层/共16层,平层/精装,84.46平米
70年,11,西湖学军,102923元/平米,求智巷,1984年建/板楼,560,2室1厅,103103765675,2019-01-14,南,低楼层/共5层,平层/简装,54.41平米
70年,11,西湖三墩,29628元/平米,金源公寓(西湖),1996年建/板楼,420,4室2厅,103102547641,2018-06-26,南 北,中楼层/共6层,跃层/简装,141.76平米
70年,79,钱塘新区沿江北,20335元/平米,梦琴湾,2007年建/板楼,350,4室2厅,103102332536,2018-04-19,南,低楼层/共39层,平层/简装,172.12平米
70年,2,余杭临平,24147元/平米,中梁百悦城,2016年建/板楼,215,3室1厅,103104659409,2019-05-08,南 北,高楼层/共32层,平层/毛坯,89.04平米
70年,3,拱墅大关,41404元/平米,大浒东苑,2006年建/塔楼,328,2室1厅,103103602565,2018-12-19,南,高楼层/共18层,平层/简装,79.22平米
40年,1,钱塘新区金沙湖,26278元/平米,泰美国际大厦,2016年建/塔楼,125,1室0厅,103102954164,2018-09-19,南,低楼层/共22层,Loft/简装,47.57平米
70年,26,滨江彩虹城,33598元/平米,之江花园,2003年建/板楼,500,3室2厅,103103293274,2018-11-05,南 北,中楼层/共4层,简装,148.82平米
70年,3,临安临安,17515元/平米,越秀星汇城,2015年建/板楼,145,2室2厅,103103351880,2018-11-10,南,中楼层/共32层,平层/毛坯,82.79平米
70年,5,江干景芳,54944元/平米,东城印象公寓,2013年建/板楼,489,2室1厅,103104651105,2019-05-07,南,中楼层/共25层,平层/精装,89平米
70年,14,上城清泰,43703元/平米,南班巷,未知年建/板楼,280,3室1厅,103103884069,2019-02-16,南 西 北,中楼层/共8层,平层/简装,64.07平米
70年,7,余杭翡翠城,29648元/平米,爱丁郡,2011年建/板楼,500,4室2厅,103103983465,2019-02-27,南 北,中楼层/共7层,精装,168.65平米
70年,23,余杭临平,19522元/平米,新月花园,2006年建/板楼,178,2室1厅,103104452638,2019-04-17,南,高楼层/共6层,平层/毛坯,91.18平米
70年,35,萧山萧山市区,43700元/平米,金地天逸,2017年建/板楼,430,3室2厅,103102597036,2018-07-10,南 北,低楼层/共34层,平层/精装,98.4平米
70年,2,临安临安,14517元/平米,颐和山庄,未知年建/板楼,315,4室2厅,103104605798,2019-05-02,南,高楼层/共7层,毛坯,217平米
70年,10,西湖西溪,108109元/平米,融创河滨之城水澜轩,2017年建/板楼,2000,4室2厅,103104390682,2019-04-11,南,中楼层/共17层,平层/精装,185平米
70年,0,余杭闲林,33407元/平米,瑞城温莎郡,2014年建/板楼,290,4室2厅,103104867336,2019-05-29,南,高楼层/共32层,复式/精装,86.81平米
70年,0,临安临安,17416元/平米,越秀星汇城,2015年建/板楼,155,2室2厅,103105099228,2019-06-21,东南,低楼层/共32层,平层/其他,89平米
50年,2,下城三塘,41975元/平米,新天地世嘉新座,2015年建/板楼,290,3室2厅,103104735448,2019-05-15,南,中楼层/共9层,复式/精装,69.09平米
70年,28,滨江滨江区政府,60699元/平米,荣安望江南,2013年建/板塔结合,520,2室2厅,103103515935,2018-12-04,南,低楼层/共25层,平层/精装,85.67平米
70年,3,拱墅拱宸桥,41026元/平米,吉庆院,1990年建/板楼,160,1室1厅,103104526173,2019-04-24,南,高楼层/共5层,平层/简装,39平米
70年,24,余杭翡翠城,38228元/平米,翡翠城一期,2008年建/板楼,490,3室2厅,103103414834,2018-11-19,南 北,高楼层/共17层,平层/精装,128.18平米
40年,0,江干火车东站,21687元/平米,红街天城公寓,2012年建/板楼,180,2室2厅,103104842955,2019-05-26,南,中楼层/共18层,平层/精装,83平米
50年,9,江干钱江新城,61824元/平米,万象城悦玺,2015年建/板楼,508,1室1厅,103104731925,2019-05-15,东南 南,高楼层/共46层,平层/精装,82.17平米
70年,15,萧山萧山市区,23357元/平米,北干一苑,1996年建/板楼,400,4室2厅,103104687284,2019-05-10,南,低楼层/共5层,跃层/简装,171.26㎡
70年,15,滨江白马湖,37680元/平米,江南铭庭,2012年建/板楼,330,2室2厅,103103016072,2018-09-28,南,中楼层/共23层,平层/精装,87.58平米
70年,20,余杭万达广场,35719元/平米,滨江万家名城,2016年建/塔楼,320,3室2厅,103102697115,2018-08-05,南 北,中楼层/共22层,平层/简装,89.59平米
70年,1,临安临安,19132元/平米,越秀星汇城,未知年建/板楼,170,2室2厅,103104949513,2019-06-06,南,中楼层/共32层,简装,88.86平米
40年,3,萧山萧山新城区,22768元/平米,新世界柏丽轩,2008年建/板楼,156,2室1厅,103104351131,2019-04-07,南,高楼层/共27层,跃层/精装,68.52平米
70年,2,江干景芳,56855元/平米,景芳三区,1996年建/板楼,270,2室0厅,103102982700,2018-09-23,南 北,低楼层/共7层,平层/精装,47.49平米
70年,6,滨江滨江区政府,56358元/平米,欣盛东方郡西区,2010年建/板楼,660,3室2厅,103105008250,2019-06-12,南,高楼层/共33层,平层/简装,117.11平米
70年,70,萧山钱江世纪城,56946元/平米,顺发美哉美城,2017年建/板楼,560,3室2厅,103103011155,2018-09-27,南,高楼层/共13层,毛坯,98.34平米
70年,4,西湖文三西路,37978元/平米,文三西路418号,未知年建/板楼,290,2室2厅,103103318653,2018-11-07,南,低楼层/共7层,平层/简装,76.36平米
70年,13,江干丁桥,28754元/平米,郡枫绿园西区,2015年建/板楼,180,2室2厅,103104336739,2019-04-05,南,中楼层/共17层,平层/毛坯,62.6平米
70年,8,余杭临平,29119元/平米,东海水景城,2010年建/板楼,245,2室2厅,103104228826,2019-03-25,南,高楼层/共18层,平层/精装,84.14平米
70年,15,余杭翡翠城,34224元/平米,华元蒙卡岸,2012年建/板楼,300,2室2厅,103102367235,2018-05-01,南 北,低楼层/共15层,错层/毛坯,87.66平米
70年,6,江干南肖埠,44026元/平米,南肖埠北景西苑,1998年建/板楼,430,3室1厅,103101899643,2017-11-11,南 北,中楼层/共7层,精装,97.67平米
70年,36,下城流水苑,41401元/平米,流水苑,1999年建/板楼,240,2室1厅,103102513745,2018-06-16,南,低楼层/共7层,平层/简装,57.97平米
70年,1,余杭闲林,25671元/平米,闲林山水紫薇苑,2009年建/板楼,220,2室1厅,103105002757,2019-06-11,南,中楼层/共18层,平层/其他,85.7平米
70年,2,江干笕桥,45802元/平米,万科公园大道,2016年建/板楼,600,3室2厅,103103424565,2018-11-20,南 北,高楼层/共16层,平层/精装,131平米
70年,6,上城复兴,46026元/平米,民安苑,2002年建/板楼,465,3室2厅,103102957739,2018-09-20,南,中楼层/共7层,简装,101.03平米
70年,30,滨江彩虹城,999999元/平米,之江公寓,2003年建/板楼,400,3室2厅,103104580163,2019-04-29,南,中楼层/共6层,平层/精装,87.48平米
70年,7,余杭未来科技城,29437元/平米,同城印象花苑北区,2013年建/板楼,210,2室2厅,103103602110,2018-12-19,南,中楼层/共16层,平层/简装,71.34平米
70年,14,余杭小和山,21600元/平米,华盛星洲翠谷,2010年建/板楼,270,3室2厅,103104142935,2019-03-16,南,低楼层/共6层,平层/精装,125平米
70年,5,西湖文教,84996元/平米,师苑新村,1995年建/板楼,260,1室1厅,103104824868,2019-05-24,南,低楼层/共3层,简装,30.59平米
70年,1,萧山南部卧城,25843元/平米,光明尚海湾,2016年建/板塔结合,230,3室2厅,103105099705,2019-06-21,南,低楼层/共27层,平层/简装,89平米
40年,15,江干笕桥,14695元/平米,原筑壹号,2010年建/板楼,110,1室1厅,103102724707,2018-08-11,南,中楼层/共8层,毛坯,74.86平米
70年,10,江干采荷,50798元/平米,采荷小区红菱邨,1988年建/板楼,328,3室1厅,103104060484,2019-03-07,南,高楼层/共6层,平层/其他,64.57平米
70年,15,下城三塘,31433元/平米,欣景苑,2012年建/板楼,360,3室1厅,103102743032,2018-08-16,南,低楼层/共18层,简装,114.53平米
70年,3,余杭乔司,27122元/平米,保亿风景晨园,2016年建/板楼,240,3室2厅,103104001501,2019-03-01,南,高楼层/共25层,平层/精装,88.49平米
70年,29,余杭未来科技城,25953元/平米,福临花苑,2006年建/板楼,205,2室1厅,103104084005,2019-03-10,南,高楼层/共6层,平层/精装,78.99平米
70年,54,拱墅湖墅,40927元/平米,稻香园南区,1995年建/板楼,373,2室2厅,103101880309,2017-11-04,南,高楼层/共7层,平层/简装,91.14平米
70年,2,上城近江,54331元/平米,近江家园二园,2000年建/板楼,350,2室1厅,103102888931,2018-09-09,南,低楼层/共6层,平层/简装,64.42平米
70年,0,临安临安,16535元/平米,青山鹤岭,2013年建/板楼,50,1室1厅,103103519122,2018-12-05,西,低楼层/共18层,精装,30.24平米
70年,3,江干景芳,41748元/平米,景芳五区,1996年建/板楼,150,1室1厅,103105038361,2019-06-15,南,中楼层/共6层,平层/精装,35.93平米
70年,3,钱塘新区高教园区西,28990元/平米,北银公寓,1995年建/板塔结合,295,2室2厅,103104249542,2019-03-27,南,低楼层/共18层,平层/精装,101.76平米
70年,36,拱墅湖墅,49088元/平米,红石公寓,2004年建/板楼,670,3室2厅,103102547454,2018-06-26,西南 北,高楼层/共16层,平层/精装,136.49平米
70年,9,余杭良渚,30724元/平米,良渚文化村白鹭郡东,2008年建/板楼,310,2室2厅,103104059999,2019-03-07,南,中楼层/共4层,平层/精装,100.9平米
70年,0,钱塘新区高教园区西,37106元/平米,和达城,2013年建/板楼,320,3室1厅,103104701007,2019-05-12,南,低楼层/共31层,平层/精装,86.24平米
70年,29,西湖翠苑,51133元/平米,翠苑三区,1989年建/板楼,210,2室1厅,103101915857,2017-11-16,南,低楼层/共6层,平层/简装,41.07平米
70年,1,余杭临平,25618元/平米,新城花苑,2005年建/板楼,305,4室3厅,103104534632,2019-04-25,南,高楼层/共6层,跃层/简装,119.06平米
50年,1,钱塘新区高教园区西,18202元/平米,盛泰名都中心,2012年建/板楼,85,1室1厅,103104415379,2019-04-13,南,中楼层/共28层,精装,46.7平米
70年,5,余杭小和山,15270元/平米,华盛星洲翠谷,2010年建/板楼,400,6室2厅,103102855032,2018-09-07,东南,高楼层/共6层,平层/精装,261.96平米
70年,17,余杭良渚,29928元/平米,亿丰蔚蓝郡,2012年建/板楼,350,3室1厅,103103039860,2018-10-02,南,低楼层/共15层,精装,116.95平米
40年,4,滨江浦沿,34690元/平米,积家,2014年建/板塔结合,139,1室1厅,103104448469,2019-04-16,东,低楼层/共22层,精装,40.07平米
40年,9,西湖转塘,21275元/平米,钱江之江新天地,2016年建/板楼,209,2室2厅,103103472209,2018-11-28,东,中楼层/共6层,平层/精装,98.24平米
50年,12,拱墅桥西,22936元/平米,富越香郡盈座,2015年建/板楼,100,1室1厅,103102468823,2018-06-02,南,低楼层/共25层,平层/其他,43.6平米
70年,8,钱塘新区沿江北,24808元/平米,梦琴湾,2007年建/板楼,400,4室2厅,103103733658,2019-01-10,南 北,高楼层/共28层,平层/精装,161.24平米
70年,5,西湖文教,53600元/平米,保俶北路101号,未知年建/板楼,510,3室2厅,103102830360,2018-09-02,东 北,中楼层/共7层,平层/简装,95.15平米
70年,25,江干南肖埠,42294元/平米,南肖埠社区,1995年建/板楼,118,1室0厅,103104068216,2019-03-08,北,中楼层/共5层,平层/毛坯,27.9平米
70年,4,江干丁桥,34407元/平米,天阳明朗,2017年建/板楼,406,4室2厅,103102795812,2018-08-28,南,中楼层/共16层,简装,118平米
70年,4,余杭良渚,25994元/平米,良渚文化村七贤郡,2014年建/板塔结合,225,3室1厅,103104551254,2019-04-26,南,高楼层/共9层,平层/精装,86.56平米
70年,4,江干四季青,56330元/平米,采荷街道商教苑社区,1980年建/板楼,190,1室1厅,103104352326,2019-04-07,南,低楼层/共8层,平层/毛坯,33.73平米
70年,44,西湖黄龙,82523元/平米,求是村,1988年建/板楼,780,2室2厅,103101325296,2017-05-19,南 西,高楼层/共16层,平层/精装,94.52平米
40年,37,余杭塘栖,10910元/平米,欣北钱江国际广场,2014年建/塔楼,60,2室1厅,103104373797,2019-04-09,南 北,高楼层/共28层,平层/简装,55平米
70年,26,上城南星,44861元/平米,凤凰南苑,2004年建/板楼,415,2室2厅,103102095456,2018-01-23,南,中楼层/共25层,平层/简装,92.51平米
70年,4,钱塘新区沿江南,30787 元/平米,世茂江滨花园碧景湾,2009年建/塔楼,415,3室2厅,103102596464,2018-07-10,南,中楼层/共30层,简装,134.8平米
70年,21,上城复兴,42500元/平米,金棕榈花园,2003年建/板楼,748,4室2厅,103102897009,2018-09-11,南,中楼层/共18层,平层/精装,176平米
50年,37,钱塘新区高教园区东,15625元/平米,华元云水苑,2005年建/板楼,75,1室0厅,103102519818,2018-06-18,南,高楼层/共11层,平层/简装,48平米
70年,38,上城近江,54366元/平米,近江家园六园,2004年建/板楼,330,2室1厅,103104020083,2019-03-03,南,中楼层/共8层,精装,60.7平米
70年,1,临安临安,18182元/平米,越秀星汇城,未知年建/板楼,140,2室2厅,103105087830,2019-06-20,南,中楼层/共18层,毛坯,77平米
70年,7,萧山钱江世纪城,33065元/平米,林之语,2012年建/塔楼,820,5室2厅,103104423109,2019-04-14,南,联排/共3层,精装,248平米
70年,0,余杭仁和,24732元/平米,金鼎阳光公寓,2013年建/板塔结合,230,3室2厅,103104173155,2019-03-19,南,高楼层/共26层,跃层/精装,93平米
70年,1,萧山萧山开发区,28002元/平米,众安景海湾,2012年建/塔楼,250,3室2厅,103104467497,2019-04-18,南,低楼层/共33层,简装,89.28平米
70年,44,拱墅信义坊,37326元/平米,贾家弄新村,1985年建/板楼,225,2室1厅,103104124335,2019-03-14,南,中楼层/共6层,平层/精装,60.28平米
70年,32,萧山钱江世纪城,22162元/平米,林之语,2012年建/塔楼,300,3室2厅,103102173138,2018-03-04,南 北,低楼层/共11层,毛坯,135.37平米
70年,0,临安临安,15025元/平米,青山鹤岭,2013年建/板楼,156,3室2厅,103103816343,2019-01-23,南,低楼层/共11层,平层/毛坯,103.83平米
70年,5,余杭闲林,23651元/平米,盛世嘉园,2006年建/板楼,92,1室0厅,103104872509,2019-05-29,北,高楼层/共18层,平层/精装,38.9平米
40年,4,余杭翡翠城,19197元/平米,华元西溪欢乐城,2017年建/板楼,85,2室1厅,103102750692,2018-08-18,西,中楼层/共14层,简装,44.28平米
70年,0,临安临安,16536元/平米,森林湖山庄南区,未知年建/板塔结合,630,5室2厅,103104835713,2019-05-26,南,独栋/共3层,毛坯,381平米
70年,0,余杭乔司,27711元/平米,东田怡丰城,未知年建/板塔结合,230,3室1厅,103105046801,2019-06-16,南,高楼层/共18层,平层/精装,83平米
70年,2,余杭临平,25049元/平米,赞成龙兴道一号,2017年建/板塔结合,220,3室2厅,103103490905,2018-12-01,南,高楼层/共26层,平层/毛坯,87.83平米
70年,0,临安临安,20194元/平米,公园城,未知年建/塔楼,250,3室2厅,103105101735,2019-06-21,东南,低楼层/共17层,其他,123.8平米
70年,1,余杭临平,24800元/平米,金都夏宫,2014年建/板楼,220,4室2厅,103104874115,2019-05-30,南,高楼层/共40层,平层/毛坯,88.71平米
70年,1,萧山钱江世纪城,28926元/平米,顺发康庄,2012年建/板楼,350,3室1厅,103104820882,2019-05-24,南,低楼层/共29层,平层/毛坯,121平米
70年,68,西湖嘉绿,37099元/平米,嘉绿北苑,1998年建/板楼,450,4室2厅,103102606826,2018-07-13,东,中楼层/共6层,平层/简装,121.3平米
70年,62,萧山南部卧城,30670元/平米,广宁小区,2000年建/板楼,228,3室1厅,103102435985,2018-05-22,南,高楼层/共6层,跃层/简装,74.34平米
70年,42,滨江长河,46319元/平米,白金海岸,2006年建/板楼,690,4室1厅,103103187359,2018-10-22,南,低楼层/共11层,平层/精装,148.97平米
70年,29,钱塘新区沿江南,25564元/平米,世茂江滨花园瑞景湾,2010年建/板楼,345,4室2厅,103103979106,2019-02-27,南,低楼层/共33层,平层/简装,134.96平米
70年,130,江干丁桥,24020元/平米,后珠美都雅苑,2008年建/板楼,215,2室2厅,103102338181,2018-04-21,南 北,高楼层/共16层,平层/简装,89.51平米
70年,11,萧山萧山市区,26003元/平米,馨星大厦,2000年建/板楼,105,1室1厅,103104031188,2019-03-04,西,高楼层/共17层,平层/简装,40.38平米
40年,3,,21182元/平米,鑫运时代金座,2015年建/板楼,490,4室1厅,103102052200,2018-01-05,东 南 北,高楼层/共12层,精装,231.33平米
70年,4,西湖文一西路,49628元/平米,华苑公寓,2000年建/板楼,560,3室2厅,103103954320,2019-02-24,南,高楼层/共7层,平层/简装,112.84平米
70年,24,下城长庆,45056元/平米,青春坊,1998年建/板楼,570,3室2厅,103103079730,2018-10-10,南,低楼层/共15层,平层/简装,126.51平米
70年,12,钱塘新区高教园区西,26614元/平米,四季风景苑,2005年建/板楼,275,2室1厅,103103574970,2018-12-14,南,高楼层/共9层,平层/精装,103.33平米
70年,11,滨江白马湖,35893元/平米,保亿风景蝶院观园,2010年建/板楼,317,2室2厅,103104484269,2019-04-19,南,高楼层/共15层,平层/精装,88.32平米
70年,8,拱墅半山,44321元/平米,田园牧歌麓云苑,2015年建/板楼,650,3室2厅,103103209655,2018-10-25,南 北,高楼层/共15层,平层/精装,146.66平米
40年,0,余杭未来科技城,27817元/平米,创客空间大厦,2018年建/板楼,138万元,2室1厅,103104497313,2019-04-21,南,中楼层/共21层,精装,49.61平米
70年,18,江干九堡,34049元/平米,海棠公寓,2011年建/塔楼,300,3室2厅,103104427075,2019-04-14,南,高楼层/共16层,平层/精装,88.11平米
70年,8,西湖文三,68111元/平米,马塍路8号,1984年建/板楼,412,3室0厅,103104061476,2019-03-07,南,高楼层/共5层,平层/简装,60.49平米
70年,2,余杭闲林,28922元/平米,绿城桃源小镇,2014年建/板楼,260,3室1厅,103104808300,2019-05-23,南 北,中楼层/共33层,平层/精装,89.9平米
70年,4,上城近江,59713元/平米,近江家园四园,2002年建/板楼,320,2室1厅,103104707089,2019-05-12,南,中楼层/共7层,平层/简装,53.59平米
70年,16,余杭闲林,27942元/平米,青枫墅园,2014年建/板楼,380,4室2厅,103102553778,2018-06-28,南,低楼层/共18层,平层/简装,136平米
50年,14,余杭塘栖,12988元/平米,金世纪运河丽园,2016年建/塔楼,72.6,1室1厅,103103538687,2018-12-08,南,高楼层/共9层,平层/精装,55.9㎡
50年,9,钱塘新区高教园区东,14356元/平米,金沙居,2009年建/板楼,73,1室1厅,103103453047,2018-11-25,南,中楼层/共18层,精装,50.85平米
70年,41,滨江彩虹城,37448元/平米,钱塘景苑,2000年建/板楼,520,3室2厅,103102539971,2018-06-24,南 北,中楼层/共5层,平层/简装,138.86平米
70年,51,拱墅湖墅,43855元/平米,锦绣新村,1998年建/板楼,410,3室1厅,103100517209,2016-08-26,南 北,高楼层/共7层,简装,93.49平米
40年,0,萧山萧山新城区,25295元/平米,萧山宝龙城市广场,2016年建/塔楼,215,1室1厅,103103170530,2018-10-19,南,低楼层/共23层,平层/精装,85平米
40年,23,江干丁桥,22550元/平米,置鼎明珠1号,2016年建/板楼,95,2室1厅,103102496155,2018-06-10,北,中楼层/共10层,精装,42.13平米
40年,4,余杭塘栖,18182元/平米,欣北钱江国际广场,2014年建/塔楼,140,2室2厅,103102644212,2018-07-23,北,高楼层/共22层,跃层/精装,77平米
70年,0,西湖转塘,35732元/平米,中海定山府,2010年建/板楼,305,2室1厅,103104777513,2019-05-20,南 北,中楼层/共17层,平层/简装,85.36平米
70年,13,拱墅湖墅,38960元/平米,左家新村,1996年建/板楼,313,2室1厅,103102659524,2018-07-27,西南,高楼层/共20层,平层/简装,80.34平米
70年,1,滨江浦沿,42046元/平米,绿城巧园,2015年建/板楼,370,3室1厅,103104680644,2019-05-10,南,低楼层/共18层,精装,88平米
70年,1,下城三里亭,41667元/平米,三里家园一区,2006年建/板塔结合,200,1室1厅,103103981163,2019-02-27,南,中楼层/共6层,平层/简装,48平米
70年,0,临安临安,14614元/平米,锦绣钱塘,未知年建/板楼,700,5室2厅,103103804045,2019-01-21,南,独栋/共2层,毛坯,479平米
70年,26,余杭翡翠城,32027元/平米,溪悦宸府,2015年建/板塔结合,285,3室2厅,103104573583,2019-04-28,南 北,中楼层/共17层,平层/简装,88.99平米
70年,0,江干丁桥,26429元/平米,丁桥景园南苑,未知/板楼,210,2室2厅,103105014419,2019-06-13,南,低楼层/共16层,平层/精装,79.46平米
50年,10,下城石桥,19102元/平米,泰地北上新城,2013年建/板楼,170,3室1厅,103103826337,2019-01-25,南 北,中楼层/共13层,精装,89平米
70年,28,拱墅大关,38596元/平米,大关东七苑,1995年建/板楼,300,3室1厅,103101841053,2017-10-22,南 北,中楼层/共6层,简装,77.73平米
70年,0,滨江彩虹城,47652元/平米,彩虹城,2007年建/板楼,710,3室2厅,103103860420,2019-02-13,南,高楼层/共32层,平层/精装,149平米
70年,24,西湖留下,20939元/平米,人和家园,2006年建/板楼,265万元,3室2厅,103104785491,2019-05-20,南,低楼层/共11层,平层/精装,126.56平米
50年,9,下城三塘,45760元/平米,杭州新天地,2015年建/板塔结合,430,4室2厅,103103591266,2018-12-17,南,高楼层/共11层,复式/精装,93.97平米
70年,34,西湖三墩,43610元/平米,金地自在城,2012年建/板楼,390,3室2厅,103104242620,2019-03-26,南 西 北,中楼层/共26层,平层/精装,89.43平米
70年,42,下城天水,52065元/平米,玄坛弄,1988年建/板楼,227,2室1厅,103102006418,2017-12-18,南,高楼层/共6层,平层/简装,43.6平米
40年,3,江干丁桥,24409元/平米,置鼎明珠1号,2016年建/板楼,100,2室1厅,103103862673,2019-02-13,北,中楼层/共10层,平层/毛坯,40.97平米
70年,18,余杭闲林,17950元/平米,新时代城市家园,2015年建/板塔结合,235,3室2厅,103103852997,2019-02-12,南 北,中楼层/共25层,平层/简装,130.92平米
70年,7,余杭良渚,27199元/平米,玉都枫景,2012年建/板楼,288,3室2厅,103104848766,2019-05-27,南,中楼层/共11层,平层/精装,105.89平米
40年,8,萧山钱江世纪城,21562元/平米,世纪晶钻,2015年建/板楼,100,1室1厅,103104559899,2019-04-27,南,高楼层/共26层,平层/精装,46.38平米
70年,37,西湖三墩,39570元/平米,金地自在城,2012年建/板楼,500,4室2厅,103101046806,2017-03-02,南,低楼层/共26层,精装,126.36平米
70年,12,西湖文教,52936元/平米,白荡海人家,1999年建/板楼,595,3室2厅,103104543313,2019-04-26,南 北,高楼层/共7层,平层/精装,112.4平米
40年,7,钱塘新区金沙湖,21503元/平米,泰美国际大厦,2016年建/塔楼,180,1室1厅,103103462711,2018-11-26,南,低楼层/共22层,Loft/简装,9平米
70年,9,下城建国北路,37079元/平米,天园阁,1998年建/板楼,430,3室2厅,103104658430,2019-05-08,西,低楼层/共20层,平层/精装,115.97平米
70年,11,西湖翠苑,36173元/平米,明珠公寓,2000年建/板楼,570,3室2厅,103104820627,2019-05-24,南 北,中楼层/共10层,平层/简装,157.58平米
70年,4,余杭闲林,24823元/平米,闲林山水木兰苑,2006年建/板楼,315,3室2厅,103105005484,2019-06-12,南 北,中楼层/共5层,精装,126.9平米
70年,49,西湖申花,74526元/平米,耀江文鼎苑,2009年建/板楼,660,2室1厅,103101921375,2017-11-18,南 北,中楼层/共24层,平层/精装,88.56平米
70年,53,下城潮鸣,47239元/平米,潮鸣苑,1998年建/板楼,408,3室2厅,103102079703,2018-01-16,南,高楼层/共7层,平层/简装,86.37平米
70年,109,上城清波,51960元/平米,后市街,1992年建/板楼,171,1室1厅,103102339343,2018-04-22,南,高楼层/共7层,平层/精装,32.91平米
70年,7,钱塘新区高教园区西,37106元/平米,和达城,2013年建/板楼,320,3室1厅,103104701007,2019-05-12,南,低楼层/共31层,平层/精装,86.24平米
70年,43,江干火车东站,38039元/平米,红街公寓,2010年建/板楼,315,2室2厅,103102563615,2018-07-01,南 北,中楼层/共18层,平层/毛坯,82.81平米
70年,26,萧山萧山市区,27743元/平米,萧然人家,2004年建/板楼,348,3室2厅,103103293173,2018-11-05,南,低楼层/共6层,平层/精装,125.44平米
70年,7,钱塘新区沿江南,27164元/平米,保利东湾,2010年建/板楼,280,3室2厅,103104666084,2019-05-08,南,高楼层/共34层,平层/简装,103.08平米
70年,5,拱墅湖墅,44759元/平米,稻香园南区,1995年建/板楼,415,3室2厅,103105048365,2019-06-16,南 北,低楼层/共7层,平层/简装,92.72㎡
70年,28,江干丁桥,28226元/平米,阳光逸城,2010年建/塔楼,175,2室1厅,103104448678,2019-04-16,南,低楼层/共15层,平层/精装,62平米
70年,10,下城长庆,42444元/平米,长宁街,1990年建/板楼,148,1室1厅,103104483209,2019-04-19,南,高楼层/共7层,简装,34.87平米
70年,3,余杭良渚,33154元/平米,万科良渚文化村秋荷坊,2015年建/板楼,460,3室2厅,103104546543,2019-04-26,南,中楼层/共6层,平层/精装,138.75平米
70年,3,余杭翡翠城,35560元/平米,溪悦宸府,2015年建/板塔结合,320,2室2厅,103105038744,2019-06-15,南,中楼层/共17层,平层/其他,89.99平米
70年,7,钱塘新区沿江北,28068元/平米,梦琴湾,2007年建/板楼,280,2室2厅,103104017885,2019-03-03,北,中楼层/共32层,平层/精装,99.76平米
70年,12,余杭勾庄,33708元/平米,滨江旭辉万家之星,2018年建/板楼,300,3室2厅,103104190541,2019-03-21,南,高楼层/共27层,平层/毛坯,89平米
70年,7,萧山萧山新城区,40225元/平米,滨江江南之星,未知年建/板楼,358,3室2厅,103104203214,2019-03-22,南 北,低楼层/共34层,毛坯,89平米
70年,22,下城三塘,37490元/平米,东新园茗盛苑,2004年建/板楼,470,3室2厅,103102252605,2018-03-26,南 北,中楼层/共16层,平层/精装,125.37平米
70年,145,滨江彩虹城,31752元/平米,中兴和园,2009年建/板楼,435,3室2厅,103101513773,2017-07-16,南 北,中楼层/共18层,平层/精装,137平米
70年,53,西湖文三西路,41101元/平米,紫金公寓,1996年建/板楼,248,2室1厅,103102412985,2018-05-14,南 北,高楼层/共7层,平层/简装,60.34平米
70年,4,江干丁桥,31235元/平米,广宇上东领地,2011年建/板楼,245,2室2厅,103104909622,2019-06-02,南,中楼层/共16层,平层/精装,78.44㎡
70年,4,江干景芳,43780元/平米,景芳四区,1995年建/板楼,360,3室1厅,103105094756,2019-06-20,南,中楼层/共7层,简装,82.23平米
70年,71,西湖文一西路,51115元/平米,金成花园,1998年建/板楼,360,2室1厅,103102178344,2018-03-05,南 北,低楼层/共7层,平层/简装,70.43平米
70年,6,临安临安,14625元/平米,翠紫苑,未知年建/板楼,183,4室2厅,103104373314,2019-04-09,南,中楼层/共7层,平层/毛坯,125.13平米
